keep_YN,score,category,domain,summary,verbatim,corpus_id,anchor,link
,4,measurement_gap,measurement,"No established statistical data exists for additive-manufactured metals to meet MMPDS requirements, forcing expensive destructive testing (100 samples from 10 heats at $2M+ per material system) before aerospace qualification.","You have to have a hundred samples from 10 different lots and statistically average these. You have to have that data before you can ever put it in an aircraft. So just because you can make a part, do you really want to make a hundred of them at twenty thousand dollars a piece, to tear up and measure and throw away, before you can actually put one in an aircraft?",AM_F2019_02,§7.p4–p5,https://r-h-taylor.github.io/lectures/80LMn6GeJDM.html?q=You%20have%20to%20have%20a%20hundred%20samples%20from%2010%20different%20lots%20an#l3-s7-p4
,4,measurement_gap,measurement,Real-time or faster chemical composition measurement during BOP refining could unlock millions in productivity gains.,"If you got a faster way to do the chemical analysis, or if you could do it in situ... This facility is turning out steel at a value of $4 million an hour. A few minutes is worth a lot of money.",CAS_Su2011_03,§30.p2,https://r-h-taylor.github.io/lectures/WhWf_cgsv0I.html?q=If%20you%20got%20a%20faster%20way%20to%20do%20the%20chemical%20analysis%2C%20or%20if%20y#l3-s30-p2
,4,measurement_gap,joining,No systematic understanding exists of how manufacturing tolerance stack-up and housing flexibility interact to produce closed conformity in large slender bearings.,The thing that gives the shape to the bearing is the swashplate aluminum housing... There was no way to go back and prove what happened to this aluminum housing.,CS_F2012_03,§5.p6,https://r-h-taylor.github.io/lectures/2-PLy8soKXo.html?q=The%20thing%20that%20gives%20the%20shape%20to%20the%20bearing%20is%20the%20swashpl#l3-s5-p6
,4,measurement_gap,measurement,Develop automated or improved detection method for flaws in the final 18 inches of seamless pipe that currently relies on manual magnetic particle inspection.,"Since they can't measure the last 18 inches where they grab it, they have a bunch of lowly paid employees — most of them can't speak English as a first language — doing magnetic particle testing by hand... it's not automated, and sometimes people will miss something.",CS_F2012_12,§1.p5,https://r-h-taylor.github.io/lectures/kEqabZ7bO0Y.html?q=Since%20they%20can%27t%20measure%20the%20last%2018%20inches%20where%20they%20grab%20#l3-s1-p5
,4,measurement_gap,aluminum,Measure and characterize the potato-chip (saddle-shaped) distortion of aluminum swash plate housings and how it couples to bearing performance under high-speed helicopter rotor loads.,"If I'm getting different shaped barrels in each quadrant, that means my aluminum housing is potato-chipped. A potato chip is a saddle shape. It's not circular.",CS_Su2012_02,§4.p20,https://r-h-taylor.github.io/lectures/cys2q7xFrbQ.html?q=If%20I%27m%20getting%20different%20shaped%20barrels%20in%20each%20quadrant%2C%20th#l3-s4-p20
,4,measurement_gap,measurement,"Develop or validate a non-destructive inspection method that can reliably detect flaws between one-sixteenth and one-eighth inch, the size range where detection probability currently drops below acceptable thresholds.","The Air Force did a big study, and you can't find flaws with more than 50% accuracy at a sixteenth of an inch. You have like a 95% probability of finding a flaw at an eighth of an inch.",CS_Su2012_04,§6.p6,https://r-h-taylor.github.io/lectures/M7jStS1Pxss.html?q=The%20Air%20Force%20did%20a%20big%20study%2C%20and%20you%20can%27t%20find%20flaws%20with#l3-s6-p6
,4,measurement_gap,measurement,Empirical measurement of actual lightning strike impedance behavior on flexible gas tubing installations under realistic residential conditions.,"It's only in the last three months they've added the word 'impedance' to their vocabulary. That's because I've been telling them what impedance is for three years, so they finally learned.",CS_Su2012_07,§9.p5,https://r-h-taylor.github.io/lectures/nLWgIwqPozE.html?q=It%27s%20only%20in%20the%20last%20three%20months%20they%27ve%20added%20the%20word%20%27i#l3-s9-p5
,4,measurement_gap,measurement,"The quantitative relationship between defect type, size, and location in carbon nanotubes and their resulting strength degradation has not been systematically measured or modeled.","I can take a sheet of paper — you'll see me doing this on the History Channel when I talk about the Titanic — and pull on that piece of paper with pounds of force. But if I put a flaw in, that takes ounces.",DP_S2012_01,§9.p2,https://r-h-taylor.github.io/lectures/WdHzBSOyinU.html?q=I%20can%20take%20a%20sheet%20of%20paper%20%E2%80%94%20you%27ll%20see%20me%20doing%20this%20on%20th#l3-s9-p2
,4,measurement_gap,nickel,"Ultra-fine-grain alloys stabilized by solubility and diffusivity constraints (like Schuh's nickel-tungsten) should have excellent forming characteristics, but the mechanical window before grain growth is poorly defined and requires characterization.",Some of those alloys should have excellent forming characteristics in certain temperature ranges. But you have to do your mechanical shearing before the grains get so big that they lose their elongation capability.,DP_S2012_11,§8.p4,https://r-h-taylor.github.io/lectures/7ghihjZEZvk.html?q=Some%20of%20those%20alloys%20should%20have%20excellent%20forming%20character#l3-s8-p4
,4,measurement_gap,measurement,"Fresh plasma-cutting fume composition differs from aged fume, but standard measurement protocols collect and age fume before analysis, masking the actual hexavalent chromium exposure a welder breathes.","Most people don't measure fresh fume, which is what a welder or operator will breathe. They collect the fume, wait a month to ship it to the lab, and analyze it when it's been exposed all that time — so they get bad results.",FW_Su2013_02,§6.p6,https://r-h-taylor.github.io/lectures/EvpwSXoRHZk.html?q=Most%20people%20don%27t%20measure%20fresh%20fume%2C%20which%20is%20what%20a%20welder#l3-s6-p6
,4,measurement_gap,welding,"Direct measurement of electrode-tip temperature profiles in GTAW shows unexpected surface cooling, but the underlying physics of this electron-cooling phenomenon needs systematic investigation.","People put pyrometers on the electrode in gas tungsten arc welding, and if they measure — temperature versus distance — they find it's very hot, and then it actually cools off at the surface where the electrons are coming out. The electrons cool the tip of the electrode, and they heat the surface of the anode as a result.",FW_Su2013_03,§6.p10,https://r-h-taylor.github.io/lectures/Fx3xPdMmlac.html?q=People%20put%20pyrometers%20on%20the%20electrode%20in%20gas%20tungsten%20arc%20w#l3-s6-p10
,4,measurement_gap,measurement,Characterize the precise depth-dependent thermal and stress profiles for laser versus electron beam surface hardening to explain the critical difference in residual stress sign at the surface.,"Both high-intensity processes, but because one has high-energy particles and the other doesn't, you get slightly different heating patterns. Only about four-thousandths of an inch, a tenth of a millimeter difference, but it makes a world of difference.",FW_Su2013_05,§8.p6,https://r-h-taylor.github.io/lectures/zKu_AK_57lM.html?q=Both%20high-intensity%20processes%2C%20but%20because%20one%20has%20high-ener#l3-s8-p6
,4,measurement_gap,measurement,"Develop a non-destructive testing technique better than the current 2% thickness sensitivity limit, which misses defects smaller than 3/16 inch in 8-inch sections.","most of your non-destructive test techniques can see something about 2% of the thickness. So if you have 2% sensitivity on something that's 8 inches thick, the smallest defect you're going to find is about 3/16 of an inch.",FW_Su2013_06,§7.p5,https://r-h-taylor.github.io/lectures/JcmlZrsUCTw.html?q=most%20of%20your%20non-destructive%20test%20techniques%20can%20see%20somethi#l3-s7-p5
,4,measurement_gap,titanium,"Thin titanium sheets used in modern aircraft exhibit significantly higher fracture toughness than the plane-strain values used in submarine design specifications, suggesting a mismatch between design assumptions and actual material behavior.","Titanium sheets, if you go back, have a much higher toughness. The thin titanium sheets we put on fancy aircraft now have a much higher toughness than the plane strain fracture toughness.",MSE_F2016_08,§9.p5,https://r-h-taylor.github.io/lectures/SsJ-6a4VHh4.html?q=Titanium%20sheets%2C%20if%20you%20go%20back%2C%20have%20a%20much%20higher%20toughnes#l3-s9-p5
,4,measurement_gap,corrosion,Measure the rate and extent of surface flaw initiation on glass fibers as a function of humidity exposure time to quantify the corrosion kinetics.,"If I want to make something out of good fiberglass, I've got to make my glass fibers and coat them with that plastic within an hour or two, or I'm going to lose most of the strength of those fibers... But once the humidity attacks them, then I have little surface flaws, and fracture mechanics tells me I'm going to have lousy strength.",MSE_F2016_11,§9.p5,https://r-h-taylor.github.io/lectures/kaKkRC6Yu_c.html?q=If%20I%20want%20to%20make%20something%20out%20of%20good%20fiberglass%2C%20I%27ve%20got#l3-s9-p5
,4,measurement_gap,joining,Long-term moisture resistance of adhesives in engineered composites is poorly documented beyond 3–4 years despite aerospace and marine applications requiring 10–20 year durability.,"You can get plenty of things that are good for three or four years, but not everybody likes their whole thing to delaminate, just like the Qantas airline reinforced composites.",MSE_F2016_12,§5.p2,https://r-h-taylor.github.io/lectures/Y7Uvlrhy9Nc.html?q=You%20can%20get%20plenty%20of%20things%20that%20are%20good%20for%20three%20or%20four#l3-s5-p2
,4,measurement_gap,other,"Develop a non-destructive or economical method to distinguish conflict diamonds from non-conflict diamonds, since current destructive testing is uneconomical.","It's pretty hard to tell the difference between a conflict diamond and a non-conflict diamond. There are actually some ways, but you have to do some destructive testing on the diamond, and that's not very economical.",MSE_F2017_01,§8.p1,https://r-h-taylor.github.io/lectures/1lzA2zvky9E.html?q=It%27s%20pretty%20hard%20to%20tell%20the%20difference%20between%20a%20conflict%20d#l3-s8-p1
,4,measurement_gap,joining,Need systematic characterization of how corrugated stainless steel tubing responds to lightning perforation and internal ignition in residential gas lines.,"if you have lightning come through — if you live in Florida, which is lightning alley... you get hit by lightning, and you can perforate this, and now you have a flamethrower in your wall, in the interior of your house.",MSE_F2017_04,§10.p6,https://r-h-taylor.github.io/lectures/d9ZqDMG93LQ.html?q=if%20you%20have%20lightning%20come%20through%20%E2%80%94%20if%20you%20live%20in%20Florida%2C#l3-s10-p6
,4,measurement_gap,measurement,Rapid chemical composition analysis of molten steel remains a bottleneck; five-minute analysis to 0.01% precision on all alloying elements would unlock significant profit.,"Can you get a detailed analysis of steel in five minutes, from molten steel, to a hundredth of a percent of all your alloying elements? Because you're talking about a hundred thousand dollars an hour of profit in this vessel. Minutes count.",SMS_F2013_07,§4.p5,https://r-h-taylor.github.io/lectures/CltnNfkDpWQ.html?q=Can%20you%20get%20a%20detailed%20analysis%20of%20steel%20in%20five%20minutes%2C%20fr#l3-s4-p5
,4,measurement_gap,welding,Develop detection methods for subsurface hydrogen-induced microcracks smaller than eighth-inch that evade standard non-destructive testing in high-strength welds.,"The inspectors look for flaws an eighth of an inch in size or larger, and they found none in the welds... they came in and did more thorough non-destructive testing — and all the welds, 18 percent of the hull had been completed, all the welds were full of little microscopic cracks they had never seen before.",SMS_F2013_09,§5.p7,https://r-h-taylor.github.io/lectures/RU6_LtJn3rY.html?q=The%20inspectors%20look%20for%20flaws%20an%20eighth%20of%20an%20inch%20in%20size%20o#l3-s5-p7
,4,measurement_gap,glass,"The critical flaw size in corroded glass fibers is on the order of angstroms to tens of angstroms, but direct measurement and mapping of these hydroxide etch pits as a function of exposure time and humidity is absent.","if you go through the fracture toughness of this glass... calculate the minimum flaw size — it's like 10⁻⁴ millimeters. We're talking angstroms of critical flaw size, or tens of angstroms. You don't have to have very much corrosion.",SMS_F2014_11,§9.p6,https://r-h-taylor.github.io/lectures/-6n9y2szRqo.html?q=if%20you%20go%20through%20the%20fracture%20toughness%20of%20this%20glass...%20ca#l3-s9-p6
,4,measurement_gap,aluminum,Quantify how quickly oxide layers form on freshly fractured aluminum surfaces under various atmospheric conditions to inform 3D printing and welding process design.,"Does anyone know how long it takes for the oxide to form on a piece of aluminum? Out of sight: about 10 nanoseconds, 10 to the minus 8 seconds... If you're going to do 3D printing, you can reduce the pressure to a high-vacuum atmosphere, but then you have to do all your 3D printing in one second to avoid oxide formation.",SMS_S2016_02,§7.p1–p2,https://r-h-taylor.github.io/lectures/2bPgU1dNqBg.html?q=Does%20anyone%20know%20how%20long%20it%20takes%20for%20the%20oxide%20to%20form%20on%20#l3-s7-p1
,4,measurement_gap,measurement,Nobody has successfully measured the tensile strength of individual carbon nanotubes under controlled conditions.,"There's the Bob Spray quote that material scientists know it's defects that control properties. A perfect carbon nanotube would have a strength of 3 million psi, but does anyone know of anyone who's ever measured that? How do you grip a little carbon nanotube to measure tensile strength?",SMS_S2016_03,§2.p4,https://r-h-taylor.github.io/lectures/Uwaz8-_9GOE.html?q=There%27s%20the%20Bob%20Spray%20quote%20that%20material%20scientists%20know%20it#l3-s2-p4
,4,measurement_gap,measurement,"Develop or improve non-destructive inspection techniques capable of reliably detecting flaws smaller than 2 mm in deep, narrow holes (10 inches deep, 0.25 inch diameter) in spinning centrifuge discs.","You had to inspect this thing — it was about 10 inches deep. It's only a quarter-inch hole, but it was about 10 inches deep. How do you get in there to inspect it?",SMS_S2016_09,§6.p3,https://r-h-taylor.github.io/lectures/65LCaH3Sgdw.html?q=You%20had%20to%20inspect%20this%20thing%20%E2%80%94%20it%20was%20about%2010%20inches%20deep.#l3-s6-p3
,4,measurement_gap,measurement,Quantify the relationship between atomic-scale surface roughness and bonding strength in ultra-clean metal pairs under pressure.,"But on an atomic scale, you actually have some surface roughness.",SSW_S2013_03,§3.p2,https://r-h-taylor.github.io/lectures/cQyB28XAsDA.html?q=But%20on%20an%20atomic%20scale%2C%20you%20actually%20have%20some%20surface%20rough#l3-s3-p2
,4,measurement_gap,joining,The mechanism by which explosive bonding creates a jet and breaks surface contamination at the impact point remains unmodeled experimentally.,"People have modeled this — I don't know if they've ever taken high-speed movies — but you're breaking up that surface right at the impact angle point, and you're creating new surface and slamming it together so fast that it can't recontaminate.",SSW_S2013_05,§3.p4,https://r-h-taylor.github.io/lectures/AD8vT3yI7Co.html?q=People%20have%20modeled%20this%20%E2%80%94%20I%20don%27t%20know%20if%20they%27ve%20ever%20take#l3-s3-p4
,4,measurement_gap,joining,Quantify the depth and rate of erosion from modern inhibitor-containing braze alloys versus the historical 82-gold/18-nickel standard in turbine shroud seals.,"The gold-nickel does not erode the base material. These other alloys could erode two thousandths, 50 microns deep. Your four-thousandths sheet metal gets eroded from both sides and you've got nothing left.",SSW_S2013_12,§7.p7,https://r-h-taylor.github.io/lectures/unG_GsTROaU.html?q=The%20gold-nickel%20does%20not%20erode%20the%20base%20material.%20These%20othe#l3-s7-p7
,4,measurement_gap,welding,"Spot weld quality control in automotive assembly lacks reliable inspection methods, with roughly one-third of welds failing despite being structurally necessary.",they put three thousand spot welds in the average automobile because you need two thousand good ones. I'm trying to make a point about the quality of spot welds and the inability to inspect them.,WIE_F2015_04,§9.p9,https://r-h-taylor.github.io/lectures/JkjNi8bmw70.html?q=they%20put%20three%20thousand%20spot%20welds%20in%20the%20average%20automobile#l3-s9-p9
,4,measurement_gap,measurement,"A real-time or rapid measurement method for nitride layer thickness is needed to enforce hydrogen bake-out timing correctly, rather than waiting days for metallographic results.","They also wanted to make sure they had the right thickness of the nitride coating... they would take one destructive sample from the lot, cut off an end, send it off to the met lab, and two or three days later they would get back the reading of how thick the nitride layer was.",WM_S2014_09,§3.p2,https://r-h-taylor.github.io/lectures/6pZ6eQ9AqJs.html?q=They%20also%20wanted%20to%20make%20sure%20they%20had%20the%20right%20thickness%20o#l3-s3-p2
,4,measurement_gap,measurement,"Hydrogen loss from welds occurs so rapidly (half lost in 2 minutes) that direct measurement is currently impossible, forcing reliance on back-calculation.","You can lose half your hydrogen in the first two minutes, and it's very difficult to actually measure it. So no one's really measured it — you can back-calculate how much hydrogen was there originally, but you can't really measure it because it comes out so quickly.",WM_Su2014_14,§5.p2,https://r-h-taylor.github.io/lectures/Rn3Lc-rXdOc.html?q=You%20can%20lose%20half%20your%20hydrogen%20in%20the%20first%20two%20minutes%2C%20an#l3-s5-p2
,4,measurement_gap,welding,"Quantify the mechanical stress conditions that define low, medium, and high restraint categories in welding.",This is not quantified — we don't know how much stress you've got. But this basically says it's thicker steels or repair welds where the members can't move.,WM_Su2014_19,§2.p3,https://r-h-taylor.github.io/lectures/ZroX3BiYm64.html?q=This%20is%20not%20quantified%20%E2%80%94%20we%20don%27t%20know%20how%20much%20stress%20you%27v#l3-s2-p3
,4,measurement_gap,measurement,"Large forging heat treatments create property gradients between prolongation test specimens and the main component due to different cooling rates, but no standard method exists to verify if small test pieces truly represent bulk properties.","Well the little piece is not going to cool at the same rate as the big piece, duh. They measured the properties and it just barely made spec in terms of impact toughness and strength. They said well, we'll assume that this is the same as that — which is not.",WM_Su2014_21,§6.p7,https://r-h-taylor.github.io/lectures/JqHyPQAPsao.html?q=Well%20the%20little%20piece%20is%20not%20going%20to%20cool%20at%20the%20same%20rate%20#l3-s6-p7
,4,measurement_gap,aluminum,No systematic comparison of tensile or fatigue behavior in aluminum 355 castings welded with 4043 (undermatching) versus 4009 (matching composition) in actual service conditions.,"You have experience with 4043, and it's hard to suggest changing from a proven performer. If it's not broke, don't fix it. 4009 is matched composition, and 4010 and 4011 are very close. They probably give intermediate strength.",WM_Su2014_30,§5.p9,https://r-h-taylor.github.io/lectures/j_SJgDOZazw.html?q=You%20have%20experience%20with%204043%2C%20and%20it%27s%20hard%20to%20suggest%20chan#l3-s5-p9
,4,measurement_gap,titanium,Heavy-section titanium welding (1–4 inches) lacks documented process parameters and mechanical property data compared to aerospace industry experience with thinner sections.,"The top aerospace companies — Boeing, McDonnell Douglas, Northrop — were coming in and talking about welding heavy section titanium. The heaviest section we heard about that first day was three-eighths of an inch. One person had done one weld in three-eighths of an inch. Most of the rest, heavy to them was a quarter inch, in the aerospace industry.",WM_Su2014_32,§9.p3,https://r-h-taylor.github.io/lectures/TlQXnQUYwlk.html?q=The%20top%20aerospace%20companies%20%E2%80%94%20Boeing%2C%20McDonnell%20Douglas%2C%20Nor#l3-s9-p3
,4,measurement_gap,measurement,"Current inspection technologies cannot reliably detect flaws smaller than 0.015–0.020 inches, yet aircraft specifications demand detection down to 0.010 inches, creating an unbridgeable gap between capability and requirement.","We don't really have inspection technologies that can do it, and Boeing has specs of 0.010"". No one can find it, but it's in the spec.",WM_Su2015_01,§9.p3,https://r-h-taylor.github.io/lectures/DokriGA10Oo.html?q=We%20don%27t%20really%20have%20inspection%20technologies%20that%20can%20do%20it%2C#l3-s9-p3
,4,measurement_gap,welding,Develop a practical method to detect when low-hydrogen electrodes have absorbed sufficient moisture to compromise their low-hydrogen specification.,"However, improperly maintained low-hydrogen electrodes can introduce approximately as much hydrogen as a cellulosic electrode.",WM_Su2015_06,§3.p7,https://r-h-taylor.github.io/lectures/w1moz79p9kQ.html?q=However%2C%20improperly%20maintained%20low-hydrogen%20electrodes%20can%20i#l3-s3-p7
,4,measurement_gap,welding,No systematic quantitative relationship exists between hydrogen tolerance and yield strength across the full range of high-strength steels.,"I'll put up this little table, which you will not find in a book — this is a Tom Eagar table, but it's approximately correct... At 120 ksi, you could probably tolerate ten parts per million.",WM_Su2015_07,§7.p3,https://r-h-taylor.github.io/lectures/GYtCQg57RNU.html?q=I%27ll%20put%20up%20this%20little%20table%2C%20which%20you%20will%20not%20find%20in%20a%20#l3-s7-p3
,4,measurement_gap,welding,Measure or map hydrogen concentration profiles in thick steel plates during multi-pass welding to validate diffusion-equation predictions and optimize preheat hold times.,"It takes time for hydrogen to diffuse a millimeter... at four inches thick, the distance squares again, and it's going to take a whole day for hydrogen to get out of a four-inch-thick plate.",WM_Su2015_08,§3.p7,https://r-h-taylor.github.io/lectures/NLgwLkKhVoU.html?q=It%20takes%20time%20for%20hydrogen%20to%20diffuse%20a%20millimeter...%20at%20fou#l3-s3-p7
,4,measurement_gap,welding,The welded turbine blade repair microstructure from 25 weld passes has not been systematically characterized for property retention and long-term service reliability.,"They built it up by welding — 25 passes, that's one millimeter. So they built up less than a centimeter, seven-tenths of a millimeter or so, and they machined it. They're refurbishing this blade, and the different microstructures show lots of little bitty weld passes to build that back up.",WM_Su2015_14,§2.p2,https://r-h-taylor.github.io/lectures/LLiigEgH8Eo.html?q=They%20built%20it%20up%20by%20welding%20%E2%80%94%2025%20passes%2C%20that%27s%20one%20millimet#l3-s2-p2
,4,measurement_gap,aluminum,"Measure how mechanical machining and hole-drilling operations reintroduce residual tensile stresses into pre-stress-relieved T7351 aluminum, negating the original heat treatment benefit.","What Sikorsky had done is they bought a bar of material, they sliced it up into little pancakes, and they did all their anodizing and drilling holes and machining. When they were all done, they had bought the material as T7351, so they figured they had good stress relief. But after they did all this machining, they hadn't stress-relieved.",WM_Su2015_16,§2.p4,https://r-h-taylor.github.io/lectures/EMfCc1mG6M4.html?q=What%20Sikorsky%20had%20done%20is%20they%20bought%20a%20bar%20of%20material%2C%20the#l3-s2-p4
,4,measurement_gap,processing,"Real-time monitoring method to verify nitriding case depth without destructive sampling, eliminating the dangerous three-day delay in hydrogen bakeout.","They would go through the whole process, they'd cut a piece off one of them — destroy one part — cut it, send it to the met lab, and three days later they would get the analysis back to tell them if they had enough nitriding. And if they had, they would *then* do their hydrogen evolution heat treatment.",WM_Su2015_18,§6.p2,https://r-h-taylor.github.io/lectures/lWfHtQqXYJk.html?q=They%20would%20go%20through%20the%20whole%20process%2C%20they%27d%20cut%20a%20piece%20#l3-s6-p2
,4,open_problem,processing,Determine the maximum buildable feature size before residual stress–induced cracking becomes prohibitive in laser or electron-beam surface processing.,most of these processes build up residual stresses. You can see what happens with the residual stresses if you're trying to electron beam or laser glaze or melt the surface — you're going to end up cracking. Later Alex goes through and has a nice little plot... and it shows the maximum size when you get to blogs 9 or 10.,AM_F2019_05,§7.p1,https://r-h-taylor.github.io/lectures/NthuyNkWUII.html?q=most%20of%20these%20processes%20build%20up%20residual%20stresses.%20You%20can%20#l3-s7-p1
,4,open_problem,processing,"Columnar grain formation in high-energy additive manufacturing produces anisotropic microstructures, but the mechanisms and mitigation strategies remain poorly understood despite industry awareness.","A lot of really high-energy processes will produce what are called columnar grains, where a lot of heat penetrating into the part creates anisotropic crystal structures, which most industries do not want to see. Someone like Boeing wants a part that's isotropic — equal strength, equal properties in all directions — because it's easier to design for, easier to validate. So this is one of those dirty secrets about 3D printing that a lot of people don't talk about, but it's something that people who use the technology are very aware of and need to be pretty experienced with.",AM_F2019_07,§6.p2,https://r-h-taylor.github.io/lectures/3OKF32hmiMs.html?q=A%20lot%20of%20really%20high-energy%20processes%20will%20produce%20what%20are%20#l3-s6-p2
,4,open_problem,aluminum,"Aerospace-grade high-strength aluminum cannot be reliably 3D printed with current powder bed processes due to cracking, while only casting grades are processable.","When you look at aluminum, one of the most widely used materials, powder bed processes have really only been able to process casting grades of aluminum, which are difficult or low strength. They haven't been able to process typical aerospace-grade high-strength aluminum because of issues with cracking.",AM_F2019_07,§6.p3,https://r-h-taylor.github.io/lectures/3OKF32hmiMs.html?q=When%20you%20look%20at%20aluminum%2C%20one%20of%20the%20most%20widely%20used%20mater#l3-s6-p3
,4,open_problem,processing,Optimal toolpath strategy for minimizing defects during layer turns in wire-arc additive manufacturing is still being explored.,There's a lot of science and thought to what the best tool path strategy is... the point in our tool path that is potentially the lowest quality is when we have to do a turn — that's the most complex part.,AM_F2019_07,§7.p10,https://r-h-taylor.github.io/lectures/3OKF32hmiMs.html?q=There%27s%20a%20lot%20of%20science%20and%20thought%20to%20what%20the%20best%20tool%20p#l3-s7-p10
,4,open_problem,joining,"Why does bolt reuse cause torque-to-preload relationship to degrade by ~50%, and what is the quantitative mechanism of friction coefficient change during reuse?","When you reuse bolts, the torque to acquire the preload goes down and down as the bolt works its way in and smooths out all the rough spots and the friction coefficient drops. It takes less torque to get the same clamp-up. So if you reuse bolts, who knows where you are on this curve? It's a factor of two, it's more than 30% — it's 50%.",CAS_Su2011_02,§4.p1,https://r-h-taylor.github.io/lectures/TRSZrx4_vPQ.html?q=When%20you%20reuse%20bolts%2C%20the%20torque%20to%20acquire%20the%20preload%20goes#l3-s4-p1
,4,open_problem,fracture,The mechanism driving premature cracking in bulk metallic glass golf clubs after ~100 impacts is not explained.,The only problem is people have learned you get about 100 shots from the golf club and then it starts to crack.,CAS_Su2011_02,§11.p6,https://r-h-taylor.github.io/lectures/TRSZrx4_vPQ.html?q=The%20only%20problem%20is%20people%20have%20learned%20you%20get%20about%20100%20sh#l3-s11-p6
,4,open_problem,processing,The practical consolidation pathway from rapidly solidified foils or powders into bulk solids without losing the glassy structure remains unsolved.,All you had to do was figure out how to consolidate those foils or powders into a solid material. How do we do that? We heat things up. You heat them up and all of a sudden the atoms rearrange into a crystalline form.,CAS_Su2011_02,§11.p5,https://r-h-taylor.github.io/lectures/TRSZrx4_vPQ.html?q=All%20you%20had%20to%20do%20was%20figure%20out%20how%20to%20consolidate%20those%20fo#l3-s11-p5
,4,open_problem,steel,Bismuth contamination from lead-free solder replacements will render steel scrap unusable; the scale and timing of this transition is unquantified.,"However, they're going to replace lead in solders, and a lot of them are using bismuth. Well, you know what that's going to do to a lot of the world's steel? It's going to make all the scrap useless. We're going to have to landfill it. We don't have enough of those bismuth alloys replacing lead alloys yet, but in the next 10 or 20 years they're going to have to segregate the scrap more carefully than they do today.",CAS_Su2011_03,§26.p4,https://r-h-taylor.github.io/lectures/WhWf_cgsv0I.html?q=However%2C%20they%27re%20going%20to%20replace%20lead%20in%20solders%2C%20and%20a%20lot#l3-s26-p4
,4,open_problem,steel,In-situ chemical analysis during basic oxygen steelmaking remains unsolved despite decades of effort.,"A guy over here in Building 12 was working for years trying to take the chemical analysis machine and put it right down that lance into the 3,000-degree furnace. Never worked, but he was trying to figure out how to do it.",CAS_Su2011_03,§30.p2,https://r-h-taylor.github.io/lectures/WhWf_cgsv0I.html?q=A%20guy%20over%20here%20in%20Building%2012%20was%20working%20for%20years%20trying%20#l3-s30-p2
,4,open_problem,welding,"Whether thick steel shafts (40+ inches) can be reliably welded together to replace large forgings, and what welding technique would work best at that scale.",So they wanted to know if they could make smaller ones and weld them together and make big forgings. I had to figure out how — could we weld forty-inch-thick steel shafts together? We never did it. No one wanted to spend the money to actually do the trial.,CAS_Su2011_04,§20.p4-p5,https://r-h-taylor.github.io/lectures/pq7RLDw6ijk.html?q=So%20they%20wanted%20to%20know%20if%20they%20could%20make%20smaller%20ones%20and%20w#l3-s20-p4
,4,open_problem,processing,Develop predictive models or experiments for grain selection mechanisms during directional solidification through helical or spiral geometries in single-crystal blade casting.,"When you slowly solidify, you start with a seed crystal that has a particular crystallographic orientation... If you get nucleation of multiple grains, as they curl around that pigtail three or four times you select out a single grain.",CAS_Su2011_05,§4.p8,https://r-h-taylor.github.io/lectures/QPArN_Q34s8.html?q=When%20you%20slowly%20solidify%2C%20you%20start%20with%20a%20seed%20crystal%20that#l3-s4-p8
,4,open_problem,processing,Ceramic core shift during investment casting of thin-walled turbine blades causes wall thickness variation and scrap rates exceeding 30%—the root causes and prevention methods are not well understood.,"The problem with going thinner — you've got a ceramic core in the middle while you're growing it — and if you get a little core shift of 5 or 10 thousandths, you've got no wall left. So they inspect these by putting them in a CAT scan machine… They do 100% CAT scan, measure wall thickness, and hopefully scrap less than 30% of the production.",CAS_Su2011_05,§5.p4,https://r-h-taylor.github.io/lectures/QPArN_Q34s8.html?q=The%20problem%20with%20going%20thinner%20%E2%80%94%20you%27ve%20got%20a%20ceramic%20core%20i#l3-s5-p4
,4,open_problem,processing,Continuous casting of steel strip has eluded solution for 50 years despite enormous economic incentive; the fundamental thermal and mechanical barriers at 2600°F remain inadequately understood.,"People have been trying to make continuously cast steel strip for 50 years and no one's really been able to do it. They still make it as a 10-inch continuously cast plate and roll it down. There's a lot of steel sheet used in the world, and if you could start with quarter-inch-thick strip, it'd be worth billions of dollars.",CAS_Su2011_05,§7.p18,https://r-h-taylor.github.io/lectures/QPArN_Q34s8.html?q=People%20have%20been%20trying%20to%20make%20continuously%20cast%20steel%20stri#l3-s7-p18
,4,open_problem,processing,No reliable consolidation method exists for converting thin amorphous metal sheets into solid bulk material despite decades of effort.,"All the way through the 1980s and 1990s no one figured out how to consolidate these thin sheets into a solid bulk material. They tried explosive bonding, where you just slam them together with an explosive charge, they tried everything and nothing worked.",CAS_Su2011_06,§10.p1,https://r-h-taylor.github.io/lectures/TOum2TQZu_M.html?q=All%20the%20way%20through%20the%201980s%20and%201990s%20no%20one%20figured%20out%20h#l3-s10-p1
,4,open_problem,welding,Friction stir welding with steel remains unsolved due to lack of suitable electrode material that maintains mechanical strength at temperature without excessive wear.,For the last twenty years people have been trying to do steel. The problem with steel is there's no electrode material that really works well — you've got to have something with good mechanical strength at welding temperatures that doesn't wear out.,CAS_Su2011_06,§16.p5,https://r-h-taylor.github.io/lectures/TOum2TQZu_M.html?q=For%20the%20last%20twenty%20years%20people%20have%20been%20trying%20to%20do%20stee#l3-s16-p5
,4,open_problem,aluminum,Water pooling on curved aluminum plate ends during rolling causes localized cooling and strength variation that produces out-of-spec thickness; the root cause mechanism and quantitative cooling dynamics deserve deeper study.,"700° aluminum, boiling water right there. Thin film of boiling water cools this down, right on the end where it collects. Now this is cooler than the main body of the plate, and so when it rolls, it doesn't roll as much, and you get something that's a little thicker on one end or the other, depending on whether you pulled your water.",CAS_Su2011_07,§8.p12,https://r-h-taylor.github.io/lectures/Ie6u7DMawBo.html?q=700%C2%B0%20aluminum%2C%20boiling%20water%20right%20there.%20Thin%20film%20of%20boili#l3-s8-p12
,4,open_problem,joining,"The mechanism by which cadmium oxide suppresses arcing in electrical contacts remains unexplained, despite its critical importance to switch safety.",If you don't put the cadmium oxide in there it can only carry seven amps. That's a fifteen amp switch. The reason it can tolerate fifteen amps rather than seven is because the cadmium oxide suppresses the arc when you shut the thing off.,CS_F2012_08,§5.p3,https://r-h-taylor.github.io/lectures/xuSw3flQyMg.html?q=If%20you%20don%27t%20put%20the%20cadmium%20oxide%20in%20there%20it%20can%20only%20carr#l3-s5-p3
,4,open_problem,fatigue,"Fatigue strength of welded high-strength steel does not improve proportionally with base metal strength, unlike static strength.","You can weld 100 ksi strength steel, but the fatigue strength is terrible. I cover this somewhere in one of the joining courses — you don't get a significant increase in fatigue strength even though you're using higher strength steel. You tend to get the same fatigue strength as if it was lower strength steel.",CS_F2012_11,§2.p3,https://r-h-taylor.github.io/lectures/kF4wXqPHw-o.html?q=You%20can%20weld%20100%20ksi%20strength%20steel%2C%20but%20the%20fatigue%20strengt#l3-s2-p3
,4,open_problem,fracture,It is unclear why gas pipelines require 80 foot-pound toughness to arrest running cracks when such toughness would theoretically prevent brittle fracture initiation altogether.,"They were looking for 80 foot-pounds in the plate to stop a running crack. Except if you're at 80 foot-pounds, you never get a brittle fracture anyway, so it never made sense to me why they needed that.",CS_F2012_13,§4.p5,https://r-h-taylor.github.io/lectures/7-ceZkCjx5w.html?q=They%20were%20looking%20for%2080%20foot-pounds%20in%20the%20plate%20to%20stop%20a%20#l3-s4-p5
,4,open_problem,other,Why corrugated stainless steel gas tubing fails from lightning strikes at rates (hundreds per year) inconsistent with electrical codes written for thicker pipe.,"The lightning protection code says anything 3/16 of an inch thick is considered self-protecting. Officially this corrugated stainless tubing isn't that thick, but no one had ever seen one perforated by lightning before — well, we get two or three hundred a year that are perforated by lightning.",CS_F2012_13,§8.p3,https://r-h-taylor.github.io/lectures/7-ceZkCjx5w.html?q=The%20lightning%20protection%20code%20says%20anything%203%2F16%20of%20an%20inch%20#l3-s8-p3
,4,open_problem,processing,"Identify copper alloys capable of withstanding extreme thermal gradients (liquid hydrogen at 20 K on one side, 2000 K Mach wind on the other) without failure.","They were going to have liquid hydrogen in the wings, and a copper alloy skin — some copper alloy they hadn't figured out. So you've got liquid hydrogen at 20° Kelvin on one side, and a half-inch or inch away you've got Mach wind blowing by at about 3,000 Fahrenheit — say 2,000 Kelvin. That's the temperature gradient between hot air and liquid hydrogen, with a material in between that, if it failed, kaboom.",CS_Su2012_03,§3.p5,https://r-h-taylor.github.io/lectures/o2XfliUT_jA.html?q=They%20were%20going%20to%20have%20liquid%20hydrogen%20in%20the%20wings%2C%20and%20a%20#l3-s3-p5
,4,open_problem,other,"Blowout preventers fail repeatedly in the oil industry, but failures are only investigated when they cause major disasters; the underlying failure mechanisms and design vulnerabilities remain poorly characterized.","But there have been plenty of BOPs — blowout preventers — that have failed. They fail all the time. I had three fail in Louisiana about a year and a half before the one in the Gulf, something I looked at. I looked into the design by the manufacturer, and it all came up empirically.",CS_Su2012_03,§10.p3,https://r-h-taylor.github.io/lectures/o2XfliUT_jA.html?q=But%20there%20have%20been%20plenty%20of%20BOPs%20%E2%80%94%20blowout%20preventers%20%E2%80%94%20th#l3-s10-p3
,4,open_problem,joining,Characterize the critical flaw size range (40–87.5% wall loss) where hydrostatic and ultrasonic inspection give conflicting pass/fail verdicts.,"Now we have a bit of conflict within the same spec, because the hydro test is only done at about 40% of yield, but the non-destructive test is looking for something that's 12 and a half percent loss. This is never-never land between 87.5% and 40%, where you could fail one but pass the other.",CS_Su2012_04,§7.p16,https://r-h-taylor.github.io/lectures/M7jStS1Pxss.html?q=Now%20we%20have%20a%20bit%20of%20conflict%20within%20the%20same%20spec%2C%20because%20#l3-s7-p16
,4,open_problem,measurement,No principled engineering method exists to distinguish between cosmetic flaws detectable by x-ray magnification and flaws that actually compromise mechanical performance in titanium welds.,"Where did they get that spec? If you take an x-ray and use a five-times magnifying glass... at high enough magnification, someone found that was the smallest flaw they could find... There was no acceptance criterion that made engineering sense. It was just what could be found.",CS_Su2012_05,§4.p9,https://r-h-taylor.github.io/lectures/7KFTHxDcJwY.html?q=Where%20did%20they%20get%20that%20spec%3F%20If%20you%20take%20an%20x-ray%20and%20use%20a#l3-s4-p9
,4,open_problem,other,"Carbon nanotubes fail at 1/10 theoretical strength due to atomic vacancies, but the actual mechanism and quantitative relationship between defect types and strength loss remains unclear.","A carbon nanotube should have two or three million PSI strength. That's only true if you don't have a vacancy. If you have an atomic vacancy, then it's just like having a defect. If you really made a real carbon nanotube, it would fail at 1/10 the theoretical strength.",DP_S2012_01,§9.p2,https://r-h-taylor.github.io/lectures/WdHzBSOyinU.html?q=A%20carbon%20nanotube%20should%20have%20two%20or%20three%20million%20PSI%20stren#l3-s9-p2
,4,open_problem,other,"Unclear whether vacancy formation in carbon nanotubes at operating temperatures fundamentally limits their use as structural materials, as it does in bulk metals.","I know that if you have a vacancy — and if you're a materials scientist you know that at any temperature above absolute zero you will have vacancies in the material. You can prove that, second law of thermodynamics. You will have a mixture of atoms and vacancies at any temperature above absolute zero.",DP_S2012_01,§9.p4,https://r-h-taylor.github.io/lectures/WdHzBSOyinU.html?q=I%20know%20that%20if%20you%20have%20a%20vacancy%20%E2%80%94%20and%20if%20you%27re%20a%20material#l3-s9-p4
,4,open_problem,measurement,The fundamental physical limit controlling manufacturing tolerances at the 10^-4 level remains unknown.,"No one knows what the fundamental limitation is. [regarding why tolerances cannot exceed one part in 10^5, or why polishing/lapping/honing maxes out at ~two parts in ten thousand]",DP_S2012_03,§1.p2,https://r-h-taylor.github.io/lectures/cjom37YsqTM.html?q=No%20one%20knows%20what%20the%20fundamental%20limitation%20is.%20%5Bregarding%20#l3-s1-p2
,4,open_problem,processing,"Characterize the mechanisms driving dead zone formation and shear banding in extrusion of different alloys, and how material properties (work-hardening behavior) determine the deformation pattern.",Look at the dead zones. Copper has a little dead zone — you can see the grain refinement. This is a reduction ratio of about 85% on both. But look at the shear bands in the brass. The different work hardening between copper and brass gives you a very different pattern and these dead zones.,DP_S2012_04,§9.p2,https://r-h-taylor.github.io/lectures/YErlfj2xGQo.html?q=Look%20at%20the%20dead%20zones.%20Copper%20has%20a%20little%20dead%20zone%20%E2%80%94%20you%20#l3-s9-p2
,4,open_problem,processing,"Predict or control the folding and inversion behavior of fluid elements in static mixer geometries, which chemical engineers typically misinterpret through boundary-layer thinking rather than as a deformation instability.","He's a chemical engineer. In his mind — and if you read some of the stuff, he explains this in terms of a boundary layer, because a chemical engineer or a mechanical engineer understands boundary layers and they think of the world in terms of boundary layers.",DP_S2012_04,§9.p9,https://r-h-taylor.github.io/lectures/YErlfj2xGQo.html?q=He%27s%20a%20chemical%20engineer.%20In%20his%20mind%20%E2%80%94%20and%20if%20you%20read%20some#l3-s9-p9
,4,open_problem,welding,"Current flow behavior through copper-steel couples changes fundamentally when steel passes the Curie temperature and loses ferromagnetism, but the coupled electromagnetic-diffusion problem remains incompletely characterized.","I had a problem once which was a problem in current flow through copper and steel when we were doing welding. The steel would go past the Curie temperature and become non-ferromagnetic, and that's going to really affect the way the current flows through the thing.",DP_S2012_04,§9.p10,https://r-h-taylor.github.io/lectures/YErlfj2xGQo.html?q=I%20had%20a%20problem%20once%20which%20was%20a%20problem%20in%20current%20flow%20thr#l3-s9-p10
,4,open_problem,processing,The physics of why light deformation passes (under 9% reduction) can create worse downstream stresses than aggressive passes (35-40% reduction) in drawing operations.,"Some of the dies at 40% might be cracking, giving high failure rates. The other ones at 9% could have been setting up stresses that actually could have been bad later on. Remember, I told you, you want to get a fair amount of deformation in. You don't want to do these little light passes. They can do more harm than good.",DP_S2012_06,§6.p3,https://r-h-taylor.github.io/lectures/K4LxKVNarnM.html?q=Some%20of%20the%20dies%20at%2040%25%20might%20be%20cracking%2C%20giving%20high%20failu#l3-s6-p3
,4,open_problem,other,Develop transparent electronic conductors beyond indium tin oxide to overcome its poor wear resistance in touchscreen applications.,It's the only material in the world that I know of that both conducts electrons and is transparent. Ordinarily if you have free electrons it will absorb light and therefore it's not transparent. I'm sure people are trying to develop other materials.,DP_S2012_07,§2.p2,https://r-h-taylor.github.io/lectures/6TFtOotD1Dk.html?q=It%27s%20the%20only%20material%20in%20the%20world%20that%20I%20know%20of%20that%20both#l3-s2-p2
,4,open_problem,titanium,The mechanism by which c-over-a ratio in hexagonal crystals controls twinning tendency under different stress states (compression vs. tension) is empirically observed but lacks a complete theoretical explanation.,"Most of the common metals that are BCC or hcp have a c-over-a ratio different from the ideal, and that means they will promote twinning. If c-over-a is greater than the ideal, in compression it will want to twin, because it can accommodate the strain by twinning. If c-over-a is less than the ideal, in tension it will accommodate the strain by twinning.",DP_S2012_08,§5.p4,https://r-h-taylor.github.io/lectures/Xp4riNsidS8.html?q=Most%20of%20the%20common%20metals%20that%20are%20BCC%20or%20hcp%20have%20a%20c-over-#l3-s5-p4
,4,open_problem,titanium,The large discrepancy between uniaxial (95 ksi) and biaxial (145 ksi) yield strengths in alpha titanium sheet deserves systematic investigation to understand the role of stress state and crystallographic texture.,"If he actually did biaxial stretching in the laboratory, he could get strengths up to 145 ksi. So it really makes a difference. This is not a small change. This is real material.",DP_S2012_08,§5.p6,https://r-h-taylor.github.io/lectures/Xp4riNsidS8.html?q=If%20he%20actually%20did%20biaxial%20stretching%20in%20the%20laboratory%2C%20he%20#l3-s5-p6
,4,open_problem,processing,The practical contradiction in sheet metal design: achieving high R-value anisotropy for cup drawing while simultaneously avoiding planar anisotropy that causes earring defects remains unresolved.,"You want anisotropy to give you a good R, but you don't want planar anisotropy, which gives you ears, which wastes material.",DP_S2012_08,§8.p5,https://r-h-taylor.github.io/lectures/Xp4riNsidS8.html?q=You%20want%20anisotropy%20to%20give%20you%20a%20good%20R%2C%20but%20you%20don%27t%20want#l3-s8-p5
,4,open_problem,other,The effect of vacancies on nanotube strength at non-zero temperatures remains unquantified; current theoretical predictions assume perfect crystals.,"Except the problem is, the physicists assume a perfect crystal with no dislocations. At what temperature is that true? Absolute zero. At any temperature above absolute zero, you're going to have some vacancies in those nanotubes. And guess what's going to happen to the strength of that nanotube when you have a vacancy?",DP_S2012_10,§2.p1,https://r-h-taylor.github.io/lectures/ESLkKhUE7jA.html?q=Except%20the%20problem%20is%2C%20the%20physicists%20assume%20a%20perfect%20cryst#l3-s2-p1
,4,open_problem,welding,"Resistance spot welding of aluminum presents unresolved challenges compared to steel, affecting the economics of aluminum vehicle bodies.",The problem that she didn't recognize in her thesis: she assumed that you could resistance spot weld aluminum just like you do steel.,DP_S2012_10,§6.p3,https://r-h-taylor.github.io/lectures/ESLkKhUE7jA.html?q=The%20problem%20that%20she%20didn%27t%20recognize%20in%20her%20thesis%3A%20she%20ass#l3-s6-p3
,4,open_problem,steel,"Steel with ASTM 16 grain size (1–5 microns) has never been observed, yet theory suggests it would exhibit superplastic behavior; achieving and characterizing such material is an open goal.","But if you really want superplasticity in steels, you've got to be down at ASTM 16, where you're getting down to one to five microns grain size — one or two microns. I've never seen a steel with ASTM 16. About the finest I've ever seen is ASTM 13.",DP_S2012_11,§8.p2,https://r-h-taylor.github.io/lectures/7ghihjZEZvk.html?q=But%20if%20you%20really%20want%20superplasticity%20in%20steels%2C%20you%27ve%20got#l3-s8-p2
,4,open_problem,corrosion,Eagar discovered hydrogen cracking in drawn stainless steel cookware but the mechanism by which hydrogen enters during Teflon coating and then causes delayed cracking remains incompletely characterized.,"I don't know where you're getting your hydrogen. How are you getting hydrogen into your steel to cause this cracking? They said, well, would it have anything to do with the fact that to put the Teflon coating on, we spray stainless steel powders on the inside surface to make a porous surface to impregnate the Teflon, and we do that in an argon 5% hydrogen atmosphere?",DP_S2012_11,§10.p5,https://r-h-taylor.github.io/lectures/7ghihjZEZvk.html?q=I%20don%27t%20know%20where%20you%27re%20getting%20your%20hydrogen.%20How%20are%20you#l3-s10-p5
,4,open_problem,welding,The mechanism by which heat affected zone grows during cooling (versus heating) in high-intensity laser and electron beam welds needs clarification and experimental validation.,"But in a laser or electron beam weld, you actually melt the material so quickly that the heat affected zone grows on cooling — it's the time it takes the heat to diffuse into the material.",FW_Su2013_01,§6.p2,https://r-h-taylor.github.io/lectures/v7P1NjmHnYQ.html?q=But%20in%20a%20laser%20or%20electron%20beam%20weld%2C%20you%20actually%20melt%20the%20#l3-s6-p2
,4,open_problem,aluminum,"No reliable method exists to remove or cut frozen aluminum from buried potlines in foundries and smelters, unlike the proven oxyacetylene method for steel.","In a steel mill, you have a breakout and you can cut up a big blob with oxyacetylene...But aluminum you can't. So how do you do it?",FW_Su2013_02,,
,4,open_problem,joining,The mechanism by which the first deep dive mechanically stress-relieves nuclear submarine welds is not explicitly characterized.,"Nuclear submarine hulls are not stress-relieved in the conventional sense. You create all kinds of residual stresses, but they are stress-relieved — the first deep dive stress-relieves the welds mechanically.",FW_Su2013_03,§2.p5,https://r-h-taylor.github.io/lectures/Fx3xPdMmlac.html?q=Nuclear%20submarine%20hulls%20are%20not%20stress-relieved%20in%20the%20conve#l3-s2-p5
,4,open_problem,welding,Unknown optimal parameters for mechanical peening stress-relief cycles in thick armor-plate welds.,"They decided not to repair that gun turret on the Iowa. Back in the 80s I used to go down to David Taylor [Naval Ship Research and Development Center] in Annapolis during the summer, and they were trying to figure out how to repair it, because no one knew in 1985 how to make the welds they were making in 1945. What they used to do is weld a certain number of layers, then come in and mechanically peen the surface. Then more layers, peen again — that was their stress relief. They would mechanically stress-relieve every half inch or so. But no one really knew how many layers to put on before peening, or how to do the peening, or how long.",FW_Su2013_03,§2.p8,https://r-h-taylor.github.io/lectures/Fx3xPdMmlac.html?q=They%20decided%20not%20to%20repair%20that%20gun%20turret%20on%20the%20Iowa.%20Back#l3-s2-p8
,4,open_problem,titanium,The creep-fatigue interaction in titanium under cyclic loading at depth remains unsolved and causes fatigue crack formation.,"The Naval Research Laboratory had identified certain problems: when you go down a deep dive, you've got a lot of compressive stress, and something they called the creep-fatigue interaction. They had never really solved that problem. Titanium under continuous compression — if you put some cyclic load on it, it doesn't like it, and it will start forming fatigue cracks.",FW_Su2013_03,§8.p5,https://r-h-taylor.github.io/lectures/Fx3xPdMmlac.html?q=The%20Naval%20Research%20Laboratory%20had%20identified%20certain%20problem#l3-s8-p5
,4,open_problem,plasma,"The mechanism by which hafnium oxide protects electrodes in air-plasma cutting torches is not well characterized, limiting predictive models for electrode life.","They form a little skin of hafnium oxide on the surface of the electrode, and the hafnium oxide is fairly stable. You can get about a half an hour's worth of cutting out of these things.",FW_Su2013_04,§1.p2,https://r-h-taylor.github.io/lectures/Aq3Q1CyX8uU.html?q=They%20form%20a%20little%20skin%20of%20hafnium%20oxide%20on%20the%20surface%20of%20t#l3-s1-p2
,4,open_problem,joining,Determine whether water cooling of resistance spot-weld copper electrodes is effective during the weld pulse or only between cycles.,"You might pass 10,000 amps through the copper electrodes for a third of a second. Copper has thermal diffusivity of one. You've got a third of a second. During the time of the weld, is the water cooling here effective in cooling the tip, or not?",FW_Su2013_05,§3.p4,https://r-h-taylor.github.io/lectures/zKu_AK_57lM.html?q=You%20might%20pass%2010%2C000%20amps%20through%20the%20copper%20electrodes%20for#l3-s3-p4
,4,open_problem,processing,"Understand why laser surface hardening of camshaft lobes produces severe surface cracking while electron beam does not, despite both being high-intensity heating processes.","The problem is, they always got cracking. Why? Since it's all surface heating, the hottest part is right on the surface... they heated the surface of this lobe, ended up with very severe tensile residual stresses, and started getting surface cracks and spalling.",FW_Su2013_05,§8.p5–p6,https://r-h-taylor.github.io/lectures/zKu_AK_57lM.html?q=The%20problem%20is%2C%20they%20always%20got%20cracking.%20Why%3F%20Since%20it%27s%20al#l3-s8-p5
,4,open_problem,welding,Thermocouple-induced beam deflection in dissimilar heavy-section steel welds remains unsolved and prevented practical electron beam joining.,"When the Japanese were doing very heavy section, 6 to 8 inch thick electron beam welds for coal gasification pressure vessels, they found that when they were welding dissimilar steels you would actually set up a thermocouple effect between the two different metals... That current has a magnetic field, and it would cause a straight beam to curve, and you would end up missing part of your joint if you were more than 4 inches thick... No one ever found a solution to that.",FW_Su2013_06,§1.p3,https://r-h-taylor.github.io/lectures/JcmlZrsUCTw.html?q=When%20the%20Japanese%20were%20doing%20very%20heavy%20section%2C%206%20to%208%20inch#l3-s1-p3
,4,open_problem,joining,Cracking from residual stress accumulation in multi-layer electron beam deposition limits build-up thickness to roughly half an inch.,"As you build up bigger and bigger things, you have these small little weld zones and you put one on top of another, and the residual stresses get worse and worse. Typically you get to about more than a half an inch and you find that you end up cracking.",FW_Su2013_06,§2.p2,https://r-h-taylor.github.io/lectures/JcmlZrsUCTw.html?q=As%20you%20build%20up%20bigger%20and%20bigger%20things%2C%20you%20have%20these%20sma#l3-s2-p2
,4,open_problem,welding,"Eagar notes that laser welding selectively vaporizes oxide and sulfide inclusions in HY-80 steel, producing mechanically superior weld metal, but the mechanism and practical scalability remain unclear.","The laser was selectively vaporizing the oxide inclusions in the steel — oxides and sulfides — and just blasting them away as vapor, leaving behind a more refined weld metal. So there are certain advantages you can get in changing the chemistry of the weld bead.",FW_Su2013_06,§5.p1,https://r-h-taylor.github.io/lectures/JcmlZrsUCTw.html?q=The%20laser%20was%20selectively%20vaporizing%20the%20oxide%20inclusions%20in#l3-s5-p1
,4,open_problem,joining,"Electron beam welding of thick sections produces intermittent defects every 10–15 minutes due to beam instability, with no established repair technique for deep-seated flaws.","What they found was long-term beam stability. If you're going to weld one of these 30-foot diameter pressure vessels 6 or 8 inches thick, it takes about an hour to go around, and typically you'll have some hiccup in the beam every 10 or 15 minutes, which means you're going to produce a defect every 10 or 15 minutes. When you produce a defect as you're welding continuously, you now have to worry about how you repair those defects in this narrow little weld.",FW_Su2013_06,§7.p1,https://r-h-taylor.github.io/lectures/JcmlZrsUCTw.html?q=What%20they%20found%20was%20long-term%20beam%20stability.%20If%20you%27re%20goin#l3-s7-p1
,4,open_problem,welding,"Characterize why the process window for thick steel (80 mm) narrows to ~5% tolerance on power, versus 30–40% for thinner sections.","As you get thicker and thicker, the range of process variables gets less and less... if you go to 80 mm thick — four times as thick, a little over 3 inches — you have like a 5% process range, not a 40% process range on your power.",FW_Su2013_06,§7.p7,https://r-h-taylor.github.io/lectures/JcmlZrsUCTw.html?q=As%20you%20get%20thicker%20and%20thicker%2C%20the%20range%20of%20process%20variabl#l3-s7-p7
,4,open_problem,joining,Joining aluminum to steel without galvanic corrosion remains a critical unsolved challenge for cost-effective all-aluminum vehicles.,The real problem for aluminum is the joining technology... how do you do that without having a serious corrosion problem because of the galvanic action and the salt on the roads?,MSE_F2016_05,§4.p1,https://r-h-taylor.github.io/lectures/iRC51hrIYdQ.html?q=The%20real%20problem%20for%20aluminum%20is%20the%20joining%20technology...%20h#l3-s4-p1
,4,open_problem,welding,Welding turbine blades to disks (BLISKs) for weight reduction in large commercial aircraft remains unresolved despite massive Air Force investment.,"People are trying welding. The Air Force has spent tens, if not hundreds, of millions of dollars trying to figure out how to weld blades to disk, because there's tremendous value.",MSE_F2016_06,§4.p2,https://r-h-taylor.github.io/lectures/rsSzSB0Kkwg.html?q=People%20are%20trying%20welding.%20The%20Air%20Force%20has%20spent%20tens%2C%20if%20#l3-s4-p2
,4,open_problem,processing,Long-term durability of HDPE plastic pipes in underground service is unknown; no accelerated aging data exist for materials only 10–15 years in the field.,"Have there been any studies to see how this will be a hundred years from now? Generally this stuff is not — you can do an accelerated test, but you have to make some assumptions, and these haven't been in service. They've probably only been using these maybe 10, 15 years.",MSE_F2016_07,§3.p3,https://r-h-taylor.github.io/lectures/jkM0ewcY5SY.html?q=Have%20there%20been%20any%20studies%20to%20see%20how%20this%20will%20be%20a%20hundre#l3-s3-p3
,4,open_problem,joining,CSST wall thickness and sheath insulation design inadequacy under lightning strike energy is not well characterized; designers lack clear design rules for arc puncture resistance.,"When you substitute materials, you don't know whether a designer took everything into account. If I'm switching from this to this, the wall thickness is going to be critical, because you can't have a material in your house where there's a chance it could go up in flames if it gets a lightning strike.",MSE_F2016_07,,
,4,open_problem,fracture,"Mechanism not fully characterized: micro-cracking ahead of crack tips in granite allows obelisks to withstand their own weight, contrary to predictions based on known toughness values.",What he found was that you get micro-cracking ahead of the crack tip... the current knowledge was that if you tried to raise it up like this it should fracture under its own weight with just the natural flaw sizes there.,MSE_F2016_08,§5.p2,https://r-h-taylor.github.io/lectures/SsJ-6a4VHh4.html?q=What%20he%20found%20was%20that%20you%20get%20micro-cracking%20ahead%20of%20the%20c#l3-s5-p2
,4,open_problem,processing,Continuous caster breakouts (steel skin rupture during high-speed casting) cause massive downtime and losses but lack systematic prevention or prediction methods.,"The only problem is if you have a breakout, where you try to run too fast and you break through the solid skin, and all of a sudden you dump 20 or 30 tons of steel on the floor — not a good day. About two weeks shut down to clean it up and get started again, and a million or two million dollars a day, you run into real losses.",MSE_F2016_09,§8.p5,https://r-h-taylor.github.io/lectures/PQ0eDwKV51k.html?q=The%20only%20problem%20is%20if%20you%20have%20a%20breakout%2C%20where%20you%20try%20to#l3-s8-p5
,4,open_problem,joining,"Fusion welding of aluminum–silicon carbide composites causes cracking via aluminum carbide formation and humidity reaction, blocking a potential application.","When you melt silicon carbide in the presence of aluminum in a fusion weld, you're going to form aluminum carbide, and aluminum carbide reacts with the humidity in the air and causes cracking.",MSE_F2016_12,§4.p5,https://r-h-taylor.github.io/lectures/Y7Uvlrhy9Nc.html?q=When%20you%20melt%20silicon%20carbide%20in%20the%20presence%20of%20aluminum%20in#l3-s4-p5
,4,open_problem,aluminum,Scandium extraction from oxide remains economically unviable despite aerospace alloy potential.,"So there's a challenge: can we get the scandium from the oxide. These rare earths are not really that rare, but it turns out 97% of the rare earths over the last twenty-five years have come to be manufactured in China.",MSE_F2017_01,§6.p2,https://r-h-taylor.github.io/lectures/1lzA2zvky9E.html?q=So%20there%27s%20a%20challenge%3A%20can%20we%20get%20the%20scandium%20from%20the%20oxi#l3-s6-p2
,4,open_problem,processing,The mechanism by which gallium-treated aluminum ball bearings generate hydrogen through rapid corrosion in water needs investigation.,"He takes little aluminum spheres, ball bearings, and treats them with a gallium alloy at about two or three tenths of a percent. He treats them a certain way and drops them in water, and within ten or twenty seconds they all convert to hydrogen and oxygen, just by very rapid corrosion.",MSE_F2017_02,§3.p8,https://r-h-taylor.github.io/lectures/HuLV8P6ouwA.html?q=He%20takes%20little%20aluminum%20spheres%2C%20ball%20bearings%2C%20and%20treats%20#l3-s3-p8
,4,open_problem,aluminum,"Scandium addition to aluminum alloys dramatically improves strength through grain refinement, but the mechanism and optimal processing conditions remain unclear for automotive applications.","The Soviets tried this. They weren't worried about economics thirty years ago, and they showed that scandium can really improve the properties of aluminum alloys. So people are looking to see if they can drop the price of scandium, because it's not a rare element — there's a lot of it out there in the world.",MSE_F2017_02,§5.p1,https://r-h-taylor.github.io/lectures/HuLV8P6ouwA.html?q=The%20Soviets%20tried%20this.%20They%20weren%27t%20worried%20about%20economics#l3-s5-p1
,4,open_problem,fracture,Fracture mechanics of clustered porosity in welds remains incompletely understood despite recent advances in stress-field overlap calculation.,"Only in the last five to ten years has fracture mechanics been able to actually calculate the fracture behavior of clustered porosity — it's very complex, getting those stress fields to overlap.",MSE_F2017_03,§11.p6,https://r-h-taylor.github.io/lectures/Hwwodo_KbtM.html?q=Only%20in%20the%20last%20five%20to%20ten%20years%20has%20fracture%20mechanics%20be#l3-s11-p6
,4,open_problem,nickel,"Brittleness of niobium silicide intermetallics remains unsolved despite their high melting points, blocking their use in next-generation turbines.","They're not 1250 centigrade as a melting point — it might be 2,000 degrees centigrade — but they're brittle as can be. No one's solved that brittleness problem.",MSE_F2017_05,§3.p8,https://r-h-taylor.github.io/lectures/wpBHc0zsiNo.html?q=They%27re%20not%201250%20centigrade%20as%20a%20melting%20point%20%E2%80%94%20it%20might%20be#l3-s3-p8
,4,open_problem,steel,"Refactory lifespan in molten iron furnaces remains a major cost driver, with industry ceramists worldwide working to extend refractory life from 1.5–2 years to 3 years, but the fundamental chemistry of how sodium and chlorine degrade refractories is not fully resolved.",There are ceramists all over the world trying to improve the refractory so they could last three years rather than a year and a half. It's worth hundreds of millions of dollars to the steel company to get the longer life out of those refractories.,REC_S2020_03,§5.p1,https://r-h-taylor.github.io/lectures/HgVznvD95QM.html?q=There%20are%20ceramists%20all%20over%20the%20world%20trying%20to%20improve%20the#l3-s5-p1
,4,open_problem,steel,The mechanism by which sodium and chlorine lower the melting point and degrade refractory materials in molten iron deserves deeper investigation beyond the empirical observation that they cause rapid failure.,"Sodium and chlorine lower the melting point of the refractory, and it actually melts — it will last for months rather than years.",REC_S2020_03,§5.p2,https://r-h-taylor.github.io/lectures/HgVznvD95QM.html?q=Sodium%20and%20chlorine%20lower%20the%20melting%20point%20of%20the%20refractor#l3-s5-p2
,4,open_problem,titanium,"Titanium mandrel wear during friction welding is severe and limits the process, but the underlying wear mechanisms are not systematically studied.","Friction welding is a problem for anything above aluminum because you've got to have a mandrel that doesn't get consumed by the heat. You can do it with titanium, but titanium is pretty reactive and you get a lot of wear and tear on your mandrel, whereas aluminum works great.",SMS_F2013_03,§6.p5,https://r-h-taylor.github.io/lectures/v-PMrqbjY1A.html?q=Friction%20welding%20is%20a%20problem%20for%20anything%20above%20aluminum%20be#l3-s6-p5
,4,open_problem,processing,"Understand the mechanism and prediction of breakouts in continuous steel casters, a catastrophic failure mode that halts production for weeks.","If you have a breakout — breakouts are really exciting in a continuous caster, that means the skin broke and you dump about fifty tons of steel on the ground. [...] It will kill you. And it typically shuts the caster down for several weeks.",SMS_F2013_07,§4.p12,https://r-h-taylor.github.io/lectures/CltnNfkDpWQ.html?q=If%20you%20have%20a%20breakout%20%E2%80%94%20breakouts%20are%20really%20exciting%20in%20a%20#l3-s4-p12
,4,open_problem,processing,The instability mechanism causing waves in steel rebar at high rolling speeds (above ~60 mph) remains unexplained and constrains production.,Typically a steel hot mill runs at sixty miles an hour. So they tried to speed up — seventy miles an hour. It turns out there are instabilities. The stuff starts getting waves in it when you go too fast. They couldn't run it faster.,SMS_F2013_07,§5.p21,https://r-h-taylor.github.io/lectures/CltnNfkDpWQ.html?q=Typically%20a%20steel%20hot%20mill%20runs%20at%20sixty%20miles%20an%20hour.%20So%20t#l3-s5-p21
,4,open_problem,other,Why high-temperature superconductors fail to achieve usable critical current density despite high critical temperature and field.,"Those of us who had worked on superconductivity, in 1989, knew that a huge critical temperature increase was going to translate to real problems in trying to get any decent critical current. You can't make a magnet without putting current through it. You would have great critical temperatures and critical magnetic fields, but you had to have pinning centers that were smaller than an electron.",SMS_F2013_08,§6.p5,https://r-h-taylor.github.io/lectures/_wa1ULmBMhY.html?q=Those%20of%20us%20who%20had%20worked%20on%20superconductivity%2C%20in%201989%2C%20kn#l3-s6-p5
,4,open_problem,corrosion,"Why do aluminum–silicon carbide composites lose corrosion resistance when combined, despite aluminum's good baseline corrosion performance?","Yeah, you can get the strength you need as you add the hard silicon carbide particles to the aluminum, but your toughness is lousy, your formability is lousy, your joinability is lousy, your corrosion resistance turns out is lousy, and your affordability bites the dust.",SMS_F2013_09,§1.p7,https://r-h-taylor.github.io/lectures/RU6_LtJn3rY.html?q=Yeah%2C%20you%20can%20get%20the%20strength%20you%20need%20as%20you%20add%20the%20hard%20#l3-s1-p7
,4,open_problem,steel,Distinguish hydrogen embrittlement from stress corrosion cracking in high-strength submarine steels using polarity-reversal testing.,"Most of the time metallurgists don't even make a distinction. But there can be a distinction, and in that case it was a big distinction, and all of a sudden we had the right mechanism and everybody was happy.",SMS_F2013_09,§5.p6,https://r-h-taylor.github.io/lectures/RU6_LtJn3rY.html?q=Most%20of%20the%20time%20metallurgists%20don%27t%20even%20make%20a%20distinction#l3-s5-p6
,4,open_problem,corrosion,Understand why stress corrosion cracking occurs in 304 stainless steel at unexpectedly low chloride and oxygen levels in nuclear reactor coolant.,"No one in the world thought you could get stress corrosion cracking in 304 stainless steel at those extremely low levels of oxygen and chlorine. Except in a nuclear reactor environment, where you have high residual stresses, you don't — but they did.",SMS_F2013_11,§1.p10,https://r-h-taylor.github.io/lectures/mW4QLNrtMho.html?q=No%20one%20in%20the%20world%20thought%20you%20could%20get%20stress%20corrosion%20c#l3-s1-p10
,4,open_problem,aluminum,Beverage can recycling is complicated by three different incompatible aluminum alloys mixed together; separating them efficiently from the 40%+ recycling stream remains unsolved.,"Recycling these gets to be a bit of a problem, because you've got aluminum-manganese alloys, aluminum-magnesium alloys, and another 5000 series. If you mix them all together and melt them all at once, you've got a problem, because you don't want manganese in your 5000 series.",SMS_F2013_11,§6.p1,https://r-h-taylor.github.io/lectures/mW4QLNrtMho.html?q=Recycling%20these%20gets%20to%20be%20a%20bit%20of%20a%20problem%2C%20because%20you%27v#l3-s6-p1
,4,open_problem,corrosion,Why residual stresses from aluminum heat treatment specifically trigger stress-corrosion cracking in 6061-T6 but not T73 remains mechanistically unclear.,"The residual stresses from heat treatment can lead to stress corrosion cracking, which is exactly what happened to the washer... T73 is over-aged... the stress corrosion cracking resistance increases by about a factor of two on stress, which is like a factor of ten on life in terms of corrosion fatigue.",SMS_F2013_12,§3.p4–p5,https://r-h-taylor.github.io/lectures/6UN5XMqMitk.html?q=The%20residual%20stresses%20from%20heat%20treatment%20can%20lead%20to%20stress#l3-s3-p4
,4,open_problem,nickel,The mechanism by which yttrium improves high-temperature oxidation resistance in turbine blade coatings remains unexplained.,"If you want to have the absolute best high-temperature oxidation resistance, you put a little yttrium in with the cobalt-chrome-aluminum that you may have in your nickel-based superalloy. Or if you don't have any cobalt because it's expensive, you have iron in there, and you will grow an oxide on the surface that has about 200 degrees higher temperature capability of oxidation resistance.",SMS_F2013_14,§5.p1,https://r-h-taylor.github.io/lectures/5N9jIr7LWPc.html?q=If%20you%20want%20to%20have%20the%20absolute%20best%20high-temperature%20oxida#l3-s5-p1
,4,open_problem,nickel,The mechanism behind cobalt's exceptional wear resistance (10× better than other metals) remains unexplained despite empirical success in applications.,"Cobalt is hexagonal close-packed, and it has an interesting property — ten times lower wear than any other metal. They say it's because of hexagonal close-packed. But empirically, if you have a wear problem, do a cobalt overlay weld, and you may get around the problem.",SMS_F2013_14,§7.p2,https://r-h-taylor.github.io/lectures/5N9jIr7LWPc.html?q=Cobalt%20is%20hexagonal%20close-packed%2C%20and%20it%20has%20an%20interesting%20#l3-s7-p2
,4,open_problem,titanium,"Hydrogen embrittlement in titanium during acetic acid production causes occasional catastrophic failure, but the mechanism and conditions triggering hydrogen uptake are not well characterized.","Make it out of titanium, the only problem is, every now and then you get hydrogen into your titanium and the plant explodes. But aside from that, titanium is very good in acetic acid, except it sometimes will pick up hydrogen.",SMS_F2013_14,§7.p8,https://r-h-taylor.github.io/lectures/5N9jIr7LWPc.html?q=Make%20it%20out%20of%20titanium%2C%20the%20only%20problem%20is%2C%20every%20now%20and%20#l3-s7-p8
,4,open_problem,welding,The technical feasibility and cost-benefit of direct welding turbine blades to discs to eliminate heavy attachment flanges.,"They attach the blades — which are this fancy material that can't be welded generally — with what they call a Christmas tree structure. This flange and all this weight, this is actually probably half the weight or more of the blade. If I could weld the blade directly to the disc, I could get rid of this big heavy flange on the end of the disc.",SMS_F2014_05,§5.p3,https://r-h-taylor.github.io/lectures/wwQawDUosU0.html?q=They%20attach%20the%20blades%20%E2%80%94%20which%20are%20this%20fancy%20material%20that%20#l3-s5-p3
,4,open_problem,aluminum,"The design methodology for aluminum welded structures differs fundamentally from steel, and shipbuilders lack systematic knowledge of how to manage fatigue cracking in aluminum at scale.","The problem with the larger boats made of aluminum is cracking, fabrication, fatigue cracking. They don't have the experience. It's not really a problem that they didn't have when they first started building steel ships, but there's a learning curve of how to do the design. The way you design for aluminum is not the same way you design for steel in terms of welded construction and fatigue cracking.",SMS_F2014_05,§6.p5,https://r-h-taylor.github.io/lectures/wwQawDUosU0.html?q=The%20problem%20with%20the%20larger%20boats%20made%20of%20aluminum%20is%20cracki#l3-s6-p5
,4,open_problem,other,Composite structures lose stiffness (modulus) in ways that degrade seakeeping ability under realistic ocean conditions—a property gap between calm-water performance and North Sea operational demands.,"the modulus of all those plastics — the stiffness — was such that the sea-keeping ability, when you go out there in those rough North Sea conditions, the Visby just would flex. So the Visby had a lifetime of about three years before it had so many cracks.",SMS_F2014_05,§6.p2,https://r-h-taylor.github.io/lectures/wwQawDUosU0.html?q=the%20modulus%20of%20all%20those%20plastics%20%E2%80%94%20the%20stiffness%20%E2%80%94%20was%20such#l3-s6-p2
,4,open_problem,other,The specific electrochemical materials and voltage generation constraints for Don Sadoway's molten-metal battery design remain poorly optimized.,"That's one of the problems with Don Sadoway's company — Ambri now. There are probably only one or two elements on the periodic table that will work for his cell. Most of them give you two or three tenths of a volt, and your losses in the resistivity of the copper wires bringing the current in — you can lose half a volt.",SMS_F2014_06,§8.p8,https://r-h-taylor.github.io/lectures/o0dXxWXRxvY.html?q=That%27s%20one%20of%20the%20problems%20with%20Don%20Sadoway%27s%20company%20%E2%80%94%20Ambr#l3-s8-p8
,4,open_problem,corrosion,Delrin's stress corrosion cracking mechanism under low chlorine concentrations (5 ppm) remains incompletely characterized.,"it turns out if you have five parts per million chlorine — which is sort of what you get if you condense the air in Cambridge, Massachusetts — it stress corrosion cracks.",SMS_F2014_07,§5.p2,https://r-h-taylor.github.io/lectures/8oyoyjuDaaA.html?q=it%20turns%20out%20if%20you%20have%20five%20parts%20per%20million%20chlorine%20%E2%80%94%20w#l3-s5-p2
,4,open_problem,corrosion,The mechanism by which lightning perforates corrugated stainless steel tubing (CSST) at energy levels far below typical lightning strike energy remains unexplained.,The yellow CSST pipe—it'll take a tenth of a coulomb to perforate the stainless steel. An average lightning strike has five coulombs of energy. So 1/50th the energy of an average lightning strike will perforate the yellow stuff.,SMS_F2014_07,§7.p9,https://r-h-taylor.github.io/lectures/8oyoyjuDaaA.html?q=The%20yellow%20CSST%20pipe%E2%80%94it%27ll%20take%20a%20tenth%20of%20a%20coulomb%20to%20perf#l3-s7-p9
,4,open_problem,other,"Resorbable synthetic polymers trigger inflammatory and immune reactions in the body, whereas silk does not—but the mechanism of silk biocompatibility is not explained.","They have resorbable polymers, but they've got some problems made of synthetics, because they can cause inflammation and the immune system can react to them. Turns out silk is not such a big problem, and silk had been used in the body before.",SMS_F2014_07,§11.p7,https://r-h-taylor.github.io/lectures/8oyoyjuDaaA.html?q=They%20have%20resorbable%20polymers%2C%20but%20they%27ve%20got%20some%20problems#l3-s11-p7
,4,open_problem,ceramics,"Develop ceramic toughening strategies that allow multiple-cycle loading, since intentional microcrack toughening in ceramics is exhausted after a single load event.","In the 1980s the ceramics people went to town. They were going to start putting intentional little flaws in there to get these microscopic cracks. The problem with forming microscopic cracks for toughness is what happens the second time you load it. Now it's full of microscopic cracks, and they can't crack again.",SMS_F2014_08,§9.p7,https://r-h-taylor.github.io/lectures/Y1trpj5Qki8.html?q=In%20the%201980s%20the%20ceramics%20people%20went%20to%20town.%20They%20were%20goi#l3-s9-p7
,4,open_problem,welding,The strength-loss mechanism during welding of MP35N (a nickel-based alloy strengthened by twinning) remains unexplained and uncharacterized.,"I don't know that anybody — you lose your cold-work strength if you weld it. There's no reason why it's not weldable, it's basically just sort of like a nickel or stainless steel alloy. But you lose your strength because you lose your cold work.",SMS_F2014_09,§7.p8,https://r-h-taylor.github.io/lectures/oLNdcU9DXsY.html?q=I%20don%27t%20know%20that%20anybody%20%E2%80%94%20you%20lose%20your%20cold-work%20strength#l3-s7-p8
,4,open_problem,processing,"Cement is produced at 1.5 billion tons annually with no established recycling pathway, creating an unsustainable landfill problem.","You want a problem to work on, figure out how to recycle cement. At some point in the next 10 or 15 years people are going to realize you can't keep landfilling all the cement.",SMS_F2014_10,§2.p7,https://r-h-taylor.github.io/lectures/5-Tvwlhq8UI.html?q=You%20want%20a%20problem%20to%20work%20on%2C%20figure%20out%20how%20to%20recycle%20cem#l3-s2-p7
,4,open_problem,steel,Why bismuth segregates to steel grain boundaries and causes embrittlement remains mechanistically unclear.,Certain things you can't burn out — bismuth in steel goes to the grain boundaries and produces a brittle product.,SMS_F2014_10,§7.p6,https://r-h-taylor.github.io/lectures/5-Tvwlhq8UI.html?q=Certain%20things%20you%20can%27t%20burn%20out%20%E2%80%94%20bismuth%20in%20steel%20goes%20to#l3-s7-p6
,4,open_problem,glass,"Water-vapor corrosion of ultra-thin glass substrates creates microscopic surface flaws that dramatically reduce strength over days, but the mechanism and kinetics remain poorly characterized.","Glass is corroded by water vapor... those things will actually form little etched pits on the glass, microscopic — you can't see them... Just the humidity in there. Now, I've never seen this, but my thesis advisor, Bob Rose, used to do it.",SMS_F2014_11,§9.p4–p6,https://r-h-taylor.github.io/lectures/-6n9y2szRqo.html?q=Glass%20is%20corroded%20by%20water%20vapor...%20those%20things%20will%20actual#l3-s9-p4
,4,open_problem,processing,It is unknown whether ion-exchange strengthening actually reduces glass's sensitivity to humidity-driven surface pit formation and strength degradation.,"No, you don't. Well, you can, but now you've ended up with a compressive layer that's hundreds of microns deep, not angstroms — maybe 500 or a thousand microns deep.",SMS_F2014_12,§6.p6,https://r-h-taylor.github.io/lectures/B9-65mAeOEE.html?q=No%2C%20you%20don%27t.%20Well%2C%20you%20can%2C%20but%20now%20you%27ve%20ended%20up%20with%20a#l3-s6-p6
,4,open_problem,other,The genetic mechanism by which beryllium causes lung nodules in susceptible individuals remains incompletely understood despite clinical observation.,"If you're in the ten percent of the population that has a genetic predisposition to have your lungs react with beryllium, any beryllium compound that gets in your lung — whether it's metallic beryllium or beryllium oxide or beryllium chloride — will grow these nodules in your lungs and you will slowly suffocate.",SMS_F2014_13,§9.p3,https://r-h-taylor.github.io/lectures/9_aVMP1AtS4.html?q=If%20you%27re%20in%20the%20ten%20percent%20of%20the%20population%20that%20has%20a%20ge#l3-s9-p3
,4,open_problem,processing,Investigate how the combination of high thermal conductivity and high thermal expansion coefficient in metals specifically defeats layer-by-layer 3D printing.,"Metals have one of the highest combinations of thermal conductivity and thermal expansion, and that's one of the things that kills you when you're trying to melt little pieces of metal on top of other pieces.",SMS_S2016_02,§6.p2,https://r-h-taylor.github.io/lectures/2bPgU1dNqBg.html?q=Metals%20have%20one%20of%20the%20highest%20combinations%20of%20thermal%20condu#l3-s6-p2
,4,open_problem,joining,"Composite-to-metal adhesive bonding in cryogenic hydrogen environments remains poorly characterized, as evidenced by the X-33 tank failure during thermal cycling.","They had a bad bonding problem. In one of my other lectures, and probably the joining course, I talked about how they had adhesively bonded this and how they made a mistake... it held. Everybody's sitting there, get out the champagne, we survived our test, we'll be able to fly this thing. And they start taking the hydrogen out, it starts to warm up, and then it goes pop.",SMS_S2016_06,§3.p2,https://r-h-taylor.github.io/lectures/q4aHXOwAP0Y.html?q=They%20had%20a%20bad%20bonding%20problem.%20In%20one%20of%20my%20other%20lectures%2C#l3-s3-p2
,4,open_problem,other,The mechanism by which paint on aircraft wings can focus lightning energy and reduce required strike energy to perforate the structure by a factor of ten is not explained.,"If you paint an aircraft and lightning hits it, the paint can actually focus the lightning energy, and it can take one tenth of the energy of a lightning stroke to perforate the wing on an aircraft.",SMS_S2016_08,§2.p4,https://r-h-taylor.github.io/lectures/Wg6ZWqT_Q9M.html?q=If%20you%20paint%20an%20aircraft%20and%20lightning%20hits%20it%2C%20the%20paint%20ca#l3-s2-p4
,4,open_problem,fracture,"The cyclic behavior of artificially toughened ceramics after initial crack introduction is unresolved, limiting the viability of multi-phase ceramic design.","That's true for the first loading. What happens on the second loading? After you've already introduced those little cracks, you can't crack them again.",SMS_S2016_09,§4.p7,https://r-h-taylor.github.io/lectures/65LCaH3Sgdw.html?q=That%27s%20true%20for%20the%20first%20loading.%20What%20happens%20on%20the%20secon#l3-s4-p7
,4,open_problem,aluminum,"High-strength aluminum alloys consistently achieve only ~50% joint efficiency after welding, but the fundamental causes remain poorly characterized.","High-strength aluminum alloys are very difficult to weld and get 100 percent joint efficiency. You make a little tensile bar and you put a weld across — 6061 aluminum, one of the most common, you might get 50 percent joint efficiency compared to the heat-treated properties.",SSW_S2013_01,§7.p1,https://r-h-taylor.github.io/lectures/JIAYtxFVZ3Y.html?q=High-strength%20aluminum%20alloys%20are%20very%20difficult%20to%20weld%20and#l3-s7-p1
,4,open_problem,measurement,Carbon nanotubes are predicted to reach 3 million PSI but real specimens fall short; the role of thermally-induced point defects in reducing strength at practical temperatures is unquantified.,"They calculated the strength of carbon-carbon bonds and found these should be 3 million PSI... What's the probability of having a defect in a carbon nanotube? Pretty high... if you have some vacancies, you're going to find they're not as strong as you thought.",SSW_S2013_02,§9.p1,https://r-h-taylor.github.io/lectures/rF3eZtxWR4I.html?q=They%20calculated%20the%20strength%20of%20carbon-carbon%20bonds%20and%20foun#l3-s9-p1
,4,open_problem,joining,Why do gold surfaces bonded in ultra-high vacuum fail at ~50% of bulk strength despite being atomically clean—is it residual surface roughness or something else?,"If the two surfaces are slightly curved, they don't really contact over the whole area. That's why you can take two extremely flat gold surfaces, polished to what we call an optical flat, and gold is somewhat soft, and you can squeeze them together in an ultra-high vacuum, and then you try to pull them apart, and they've got about 50 percent of the strength of a solid piece of gold.",SSW_S2013_03,§3.p1,https://r-h-taylor.github.io/lectures/cQyB28XAsDA.html?q=If%20the%20two%20surfaces%20are%20slightly%20curved%2C%20they%20don%27t%20really%20c#l3-s3-p1
,4,open_problem,aluminum,"Ultrasonic welding of aluminum only redistributes rather than eliminates oxide contamination, leaving half the bond area with thickened oxide—the fundamental barrier to 100% joint efficiency needs investigation.",Now what's the problem with an ultrasonic bond on aluminum? I didn't really eliminate the contamination; all I did was redistribute it. It's still there. Half of the bond area is still aluminum oxide twice as thick as it had been before.,SSW_S2013_03,§5.p4,https://r-h-taylor.github.io/lectures/cQyB28XAsDA.html?q=Now%20what%27s%20the%20problem%20with%20an%20ultrasonic%20bond%20on%20aluminum%3F%20#l3-s5-p4
,4,open_problem,welding,"Linear friction welding for turbine blade attachment lacks the precision and process control achieved with circular friction welding, preventing adoption in jet engine manufacturing.","One is linear friction welding. This is circular friction welding — it's nice and easy to build a machine that goes in circles, but they would love to do linear friction welding... they would love to be able to make turbine discs for jet engines, where they weld the turbine blade to the substrate.",SSW_S2013_04,§4.p4,https://r-h-taylor.github.io/lectures/ezlblvG-CmI.html?q=One%20is%20linear%20friction%20welding.%20This%20is%20circular%20friction%20we#l3-s4-p4
,4,open_problem,joining,Linear friction welding of turbine blisk blades lacks sufficient quality control to be economically viable for production.,"If you can figure out how to get Six Sigma quality welds on linear friction welding, you could make a lot of savings for the airline industry and engine technology. But they never solved it.",SSW_S2013_04,§4.p6,https://r-h-taylor.github.io/lectures/ezlblvG-CmI.html?q=If%20you%20can%20figure%20out%20how%20to%20get%20Six%20Sigma%20quality%20welds%20on%20#l3-s4-p6
,4,open_problem,joining,"The minimum spacing between wire bond pad centers (4 mils) is constrained by tool head size and stiffness rather than electrical need, creating a bottleneck for I/O density in microelectronics packaging.","When we get into designing microelectronics — how do you get more input and output bonds — you're limited to about four mils between each bond pad center-to-center because of the size of the head, the sewing-machine head. You go any smaller, you get the same stiffness problem we talked about with the tools that go into your knee.",SSW_S2013_04,§7.p4,https://r-h-taylor.github.io/lectures/ezlblvG-CmI.html?q=When%20we%20get%20into%20designing%20microelectronics%20%E2%80%94%20how%20do%20you%20get#l3-s7-p4
,4,open_problem,joining,The mechanism by which explosion angle and detonation direction control bonding quality in explosive cladding remains unexplained.,"You put it at a slight angle — the tantalum plate to the steel plate, just laying on the ground — at a slight angle, you set off the explosive, and the explosive burns in one direction. You're forging these things together.",SSW_S2013_04,§9.p3,https://r-h-taylor.github.io/lectures/ezlblvG-CmI.html?q=You%20put%20it%20at%20a%20slight%20angle%20%E2%80%94%20the%20tantalum%20plate%20to%20the%20ste#l3-s9-p3
,4,open_problem,joining,"The oxide-to-metal hardness ratio predicts cold-bonding ease, but mechanism by which oxide hardness controls whether deformation creates new surface versus merely smearing contamination remains unclear.","If you think about it, the harder the oxide, the less you're going to smear the oxide across the surface... you might be creating new surface with your deformation, because down at 80% deformation you've increased the surface by fivefold, but all you've done is smear that layer of oxide thinner and thinner.",SSW_S2013_06,§2.p2,https://r-h-taylor.github.io/lectures/W6odPf1FnBs.html?q=If%20you%20think%20about%20it%2C%20the%20harder%20the%20oxide%2C%20the%20less%20you%27re#l3-s2-p2
,4,open_problem,joining,"Adhesive bonding theory lacks engineering treatment of realistic oxide-contaminated surfaces, starting instead from idealized clean-surface assumptions.","On page six they start with the Lennard-Jones potential and bringing two atoms together — that's for a perfectly clean surface. They're not really starting where you need to on adhesive bonding, which is where you have an oxide surface, a dirty surface.",SSW_S2013_06,§3.p2,https://r-h-taylor.github.io/lectures/W6odPf1FnBs.html?q=On%20page%20six%20they%20start%20with%20the%20Lennard-Jones%20potential%20and%20#l3-s3-p2
,4,open_problem,joining,Predict why adhesive joints under stress typically fail after 2-3 years despite theory suggesting 10+ year lifespans.,"If I get 10 orders of magnitude, this thing could last for 10 years. Many of you know adhesive joints under stress really don't usually last 10 years. They might last two or three years.",SSW_S2013_06,§5.p5,https://r-h-taylor.github.io/lectures/W6odPf1FnBs.html?q=If%20I%20get%2010%20orders%20of%20magnitude%2C%20this%20thing%20could%20last%20for%201#l3-s5-p5
,4,open_problem,joining,The mechanism preventing brittle intermetallic formation when niobium is inserted between tantalum and vanadium remains unexplained.,"It turns out niobium does not form an intermetallic with vanadium, but tantalum does. So if you put a sheet of niobium in between and now do a diffusion bond, everything's fine.",SSW_S2013_08,§1.p4,https://r-h-taylor.github.io/lectures/MVljACLzPIk.html?q=It%20turns%20out%20niobium%20does%20not%20form%20an%20intermetallic%20with%20van#l3-s1-p4
,4,open_problem,joining,"Isothermal solidification kinetics in transient liquid phase bonding—specifically the time, temperature, and alloy chemistry controls needed to achieve complete boron diffusion and eliminate the visible interface—are incompletely characterized.","If you wait long enough you'll end up with a joint where the boron's diffused completely away, and you have a near perfect joint.",SSW_S2013_08,§5.p7,https://r-h-taylor.github.io/lectures/MVljACLzPIk.html?q=If%20you%20wait%20long%20enough%20you%27ll%20end%20up%20with%20a%20joint%20where%20the#l3-s5-p7
,4,open_problem,joining,"Develop a predictive model for solder or braze flow across surfaces in the presence of flux, accounting for interfacial contamination rather than assuming clean surfaces.","When you're talking about a wetting phenomenon spreading across the surface, I have never seen a really good model that can predict the solder flow or the braze flow across the surface in the presence of a flux.",SSW_S2013_09,§6.p3,https://r-h-taylor.github.io/lectures/BVe8AzvbfyA.html?q=When%20you%27re%20talking%20about%20a%20wetting%20phenomenon%20spreading%20acr#l3-s6-p3
,4,open_problem,joining,"Develop a true ceramic solder that works below 450°C, a longstanding gap in joining ceramics to metals.","If you can come up with a ceramic solder, the world will beat the path to your door. Because soldering occurs below 450° centigrade, you don't have as much thermal energy to drive these reactions.",SSW_S2013_10,§3.p3,https://r-h-taylor.github.io/lectures/qxu-UXRIfhU.html?q=If%20you%20can%20come%20up%20with%20a%20ceramic%20solder%2C%20the%20world%20will%20bea#l3-s3-p3
,4,open_problem,joining,"Lead-tin solders flow near their melting point with minimal superheat, but nobody understands the underlying mechanism well enough to design alternative lead-free systems with comparable wetting and gap-filling performance.","Silver-tin and lead-tin are the two that flow close to the melting point without too much superheat... The spreading activity, the chemical reaction of these other things is not anywhere near as good as lead-tin.",SSW_S2013_10,§8.p2,https://r-h-taylor.github.io/lectures/qxu-UXRIfhU.html?q=Silver-tin%20and%20lead-tin%20are%20the%20two%20that%20flow%20close%20to%20the%20m#l3-s8-p2
,4,open_problem,joining,"Plumbers report that tin-silver and tin-antimony lead-free solders fail to fill gaps of 3–4 thousandths of an inch reliably, causing 10% joint leakage rates versus near-zero with lead-tin, but the underlying wetting physics is not well characterized.","If you talk nowadays to an old plumber... With the tin-silver or tin-antimony type solders they use today, tin is very fluid... typically if you're just talking about a copper pipe going into a copper elbow that's deformed to shape, they've easily got four thousandths clearance... When they solder up the whole system and go do the leak check, they may have 10% leaks.",SSW_S2013_10,§8.p6,https://r-h-taylor.github.io/lectures/qxu-UXRIfhU.html?q=If%20you%20talk%20nowadays%20to%20an%20old%20plumber...%20With%20the%20tin-silve#l3-s8-p6
,4,open_problem,soldering,Why copper sulfide (vs. copper oxide) is uniquely resistant to non-activated rosin flux and how this selectivity manifests across different solder alloy systems.,"Since copper sulfide is more stable than copper oxide, guess what — a lot of the fluxes, and particularly a non-activated rosin flux, won't clean off copper sulfide. So small amounts of copper sulfide just destroy wettability. This goes not just for lead-tin alloys but for some of the other things we use in soldering.",SSW_S2013_11,§2.p9,https://r-h-taylor.github.io/lectures/40vhfL7j7yc.html?q=Since%20copper%20sulfide%20is%20more%20stable%20than%20copper%20oxide%2C%20guess#l3-s2-p9
,4,open_problem,joining,"Erosion mechanisms of nickel-phosphorus, nickel-carbon, and nickel-boron braze alloys on nickel-based superalloy base materials remain poorly characterized.","The types of braze alloys they like to use now are nickel-phosphorus, nickel-carbon, nickel-boron. These actually dissolve part of the base material when they first try to use them without any inhibitors.",SSW_S2013_12,§7.p5,https://r-h-taylor.github.io/lectures/unG_GsTROaU.html?q=The%20types%20of%20braze%20alloys%20they%20like%20to%20use%20now%20are%20nickel-ph#l3-s7-p5
,4,open_problem,processing,Extracting potassium from granite deposits and making it water-soluble for use as fertilizer in the southern hemisphere.,"People in Brazil came to Professor Allanore a couple years ago and said, we have tremendous granite deposits that actually have a fair amount of potassium in them, but we don't know how to extract the potassium and make it water soluble so we could use it for fertilizer. He's working on that.",WIE_F2015_05,§10.p3,https://r-h-taylor.github.io/lectures/1DLSqyBNDwA.html?q=People%20in%20Brazil%20came%20to%20Professor%20Allanore%20a%20couple%20years%20a#l3-s10-p3
,4,open_problem,fracture,Understand the micromechanical toughening mechanisms in three-phase granite composites beyond microcracking.,"Granite is a three-phase composite — silica, feldspar, and something else; you can look it up, I can't remember what the three types of rock are, but you can see the three colors, it's speckled. Wilkening did his thesis, and that's one of his samples that he didn't test that I recovered. He found that you get microcracks at the tip of the crack, which gives significant toughening to stone composites — a factor of five or ten higher toughness than anyone had ever thought.",WIE_F2015_06,§3.p4,https://r-h-taylor.github.io/lectures/g-JCSA7FEaU.html?q=Granite%20is%20a%20three-phase%20composite%20%E2%80%94%20silica%2C%20feldspar%2C%20and%20s#l3-s3-p4
,4,open_problem,joining,The mechanism behind breakouts in continuous casting—when the solid shell fractures and releases molten steel—remains poorly characterized despite its massive economic consequences.,"Now if you have a breakout — if the liquid in the center of the shell of solid steel fractures the shell — you dump not 300 tons but a couple hundred tons of steel on top of your $100 million or billion-dollar facility, and it shuts you down for a few weeks, which is pretty expensive. So breakouts are important.",WIE_F2015_06,§6.p6,https://r-h-taylor.github.io/lectures/g-JCSA7FEaU.html?q=Now%20if%20you%20have%20a%20breakout%20%E2%80%94%20if%20the%20liquid%20in%20the%20center%20of%20#l3-s6-p6
,4,open_problem,welding,Hydrogen loss during measurement of steel hydrogen content is rapid and incompletely characterized—the exact kinetics of rejection during solidification remain unclear.,"When you try to measure hydrogen content in steels — you weld the steel and then want to measure the hydrogen — if you don't quench it in liquid nitrogen within one or two minutes, you lose half your hydrogen, because it's coming out just like the foam in the soda.",WM_S2014_02,§1.p5,https://r-h-taylor.github.io/lectures/CBIhjPF7XGc.html?q=When%20you%20try%20to%20measure%20hydrogen%20content%20in%20steels%20%E2%80%94%20you%20wel#l3-s1-p5
,4,open_problem,aluminum,"Aluminum welds consistently fail to achieve 100% joint efficiency (base-metal strength), unlike steel and titanium, and the optimal filler-metal matching strategy (undermatching vs. overmatching) remains incompletely characterized.","You go to aluminum and you're going to see we have some problems getting 100% joint efficiency. What's 100% joint efficiency? You weld the bar together and you pull on it and you get the same strength as the base metal. We're going to talk about, well, do you want the same strength, or what happens if you use undermatching filler metal so it would always fail in the weld metal, or do you want overmatching, and how much overmatching? It turns out the answer is, you do want overmatching for good mechanical behavior reasons.",WM_S2014_02,§3.p4,https://r-h-taylor.github.io/lectures/CBIhjPF7XGc.html?q=You%20go%20to%20aluminum%20and%20you%27re%20going%20to%20see%20we%20have%20some%20prob#l3-s3-p4
,4,open_problem,welding,The mechanism by which inclusions trap hydrogen and protect against embrittlement remains incompletely understood despite prior research.,There's a guy out at Colorado School of Mines who was elected to the National Academy because he showed that if you have slightly dirty steel it's better than if you have very clean steel in terms of hydrogen embrittlement. You want to have some inclusions to trap the hydrogen so it doesn't go all to the bad places.,WM_S2014_12,§3.p4,https://r-h-taylor.github.io/lectures/TDSpnEuACMw.html?q=There%27s%20a%20guy%20out%20at%20Colorado%20School%20of%20Mines%20who%20was%20electe#l3-s3-p4
,4,open_problem,welding,The precise time-temperature relationship for hydrogen release from different trap populations in high-strength steels lacks a fixed predictive formula.,"People have studied what temperature the hydrogen is released from the traps. Typically 375 Fahrenheit is the number that people use... In these types of steels, one hour at 375 is plenty. In higher-strength steels you might need a day at 375. There's not a fixed number, but I'm going to show you something that allows you to calculate all this.",WM_S2014_12,§3.p4,https://r-h-taylor.github.io/lectures/TDSpnEuACMw.html?q=People%20have%20studied%20what%20temperature%20the%20hydrogen%20is%20release#l3-s3-p4
,4,open_problem,corrosion,Water treatment additives (molybdates) chosen to prevent general corrosion paradoxically promote pitting and stress-corrosion cracking in high-strength steel; mechanism and mitigation unclear.,"They put molybdates [?] in the water, which some French researchers had shown — for the same type of steel and a great big generator rotor forging — they had a failure in France of a great big generator rotor forging in a utility, an electrical generating plant. It had stress corrosion cracking in the same type of steel with the same type of water treatment, because of pitting.",WM_S2014_19,§1.p9,https://r-h-taylor.github.io/lectures/dFgUWebqYvI.html?q=They%20put%20molybdates%20%5B%3F%5D%20in%20the%20water%2C%20which%20some%20French%20rese#l3-s1-p9
,4,open_problem,welding,"Mechanism and kinetics of how different paint types trap hydrogen in welds, especially in high-strength steels, remain incompletely characterized.","Some paints can actually keep the hydrogen in that would ordinarily be diffusing out, like the CO2 in my Sprite. Over a few days you can put paints on that will lock the hydrogen in. That's not usually a problem in lower-strength materials. In higher-strength materials, like 200 ksi steels, it can be a big problem.",WM_S2014_20,§5.p2,https://r-h-taylor.github.io/lectures/Cz5zDd1Xwpw.html?q=Some%20paints%20can%20actually%20keep%20the%20hydrogen%20in%20that%20would%20ord#l3-s5-p2
,4,open_problem,welding,"The mechanisms by which oxide inclusions in weld metal nucleate acicular ferrite and produce high toughness remain incompletely characterized, particularly at the transmission electron microscope scale.","At the center of each one of these needles, if you look at it in a transmission electron microscope, will be an oxide inclusion... these are high-angle grain boundaries. When the crack tries to go through there, it's blunted, it changes its direction, and it gives you very high toughness, very high strength for the composition of the weld metal.",WM_S2014_20,§6.p4,https://r-h-taylor.github.io/lectures/Cz5zDd1Xwpw.html?q=At%20the%20center%20of%20each%20one%20of%20these%20needles%2C%20if%20you%20look%20at%20i#l3-s6-p4
,4,open_problem,steel,"Develop a predictive model or control strategy to prevent the chemistry-driven shift from acicular ferrite to martensite in high-strength steel welds, as exemplified by the Seawolf hydrogen cracking failure.","The Seawolf was supposed to be welding HY-100, but they had a weld metal that was a little too rich in chemistry...the carbon was at the maximum of the range, the manganese was the maximum of the range, the chromium, everything was at the maximum of the range, and they were getting 130 ksi weld metal. It was more of a martensitic structure rather than acicular ferrite, and all of a sudden they ran into all kinds of problems with hydrogen cracking.",WM_S2014_20,§8.p2,https://r-h-taylor.github.io/lectures/Cz5zDd1Xwpw.html?q=The%20Seawolf%20was%20supposed%20to%20be%20welding%20HY-100%2C%20but%20they%20had%20#l3-s8-p2
,4,open_problem,aluminum,Why 2219 aluminum has unusually good weldability compared to other aluminum-copper alloys remains unexplained.,"One alloy in the aluminum-copper series, 2219, has very good weldability. That's what the Space Shuttle main tank was made out of for many years, because you had to weld it.",WM_S2014_22,§7.p2,https://r-h-taylor.github.io/lectures/GfNlt6mnU7E.html?q=One%20alloy%20in%20the%20aluminum-copper%20series%2C%202219%2C%20has%20very%20good#l3-s7-p2
,4,open_problem,titanium,Why Marangoni flux enhancement works exceptionally well for titanium but poorly for steel despite identical welding physics.,They wanted to make it work for steel. Doesn't work so well for steel; works great for titanium. The Soviets were doing it in the 60s.,WM_S2014_28,§3.p5,https://r-h-taylor.github.io/lectures/g7tCGetxxRQ.html?q=They%20wanted%20to%20make%20it%20work%20for%20steel.%20Doesn%27t%20work%20so%20well%20#l3-s3-p5
,4,open_problem,titanium,"Develop a quantitative, objective method to assess titanium weld quality that doesn't rely on operator color perception.","People have tried for years — you look at the color and you find out whether the quality of the weld is acceptable, and they go through all these colors and tell you what's unacceptable. White is when you've gone back to titanium dioxide. Gray, unacceptable. What's the difference between gray and silver? Well, you know what it is. But when you actually look at a piece of titanium it's not so clear. The US Navy had determined you can't use color to determine quality, because all it takes is someone like me that's colorblind, and they're all good, or they're all bad — who knows what they are.",WM_S2014_28,§7.p4,https://r-h-taylor.github.io/lectures/g7tCGetxxRQ.html?q=People%20have%20tried%20for%20years%20%E2%80%94%20you%20look%20at%20the%20color%20and%20you%20#l3-s7-p4
,4,open_problem,corrosion,The kinetics of hot corrosion in the narrow temperature window (800–1000°C) where sulfur compounds condense on NiCrAlY coatings remain poorly understood.,"Pourbaix diagrams explain the thermodynamics of corrosion, but the real problem in corrosion is trying to understand the kinetics, how fast it occurs.",WM_Su2014_03,§1.p3,https://r-h-taylor.github.io/lectures/6fpf4j6EQD8.html?q=Pourbaix%20diagrams%20explain%20the%20thermodynamics%20of%20corrosion%2C%20b#l3-s1-p3
,4,open_problem,corrosion,The threshold chlorine concentration that triggers stress-corrosion cracking in Delrin remains poorly defined across different water chemistries.,The problem with Delrin is a little bit of chlorine. How much chlorine? Ten years ago if you went to the DuPont website and looked at the materials it was resistant to... it said corrosion resistant. With an asterisk: less than half part per million.,WM_Su2014_05,§8.p7,https://r-h-taylor.github.io/lectures/ZWgkUrtyK-4.html?q=The%20problem%20with%20Delrin%20is%20a%20little%20bit%20of%20chlorine.%20How%20muc#l3-s8-p7
,4,open_problem,corrosion,Understand why stress corrosion cracking occurred in 304 stainless steel reactor safe-ends at surprisingly low oxygen (1 ppm) and chlorine (0.1 ppm) levels.,They got in and they found that they were getting stress corrosion cracking of stainless steels with about one part per million oxygen in the water and a tenth of a part per million chlorine.,WM_Su2014_06,§3.p3,https://r-h-taylor.github.io/lectures/IUNJxDpWC7M.html?q=They%20got%20in%20and%20they%20found%20that%20they%20were%20getting%20stress%20cor#l3-s3-p3
,4,open_problem,corrosion,Galvanic corrosion mechanism at microscopic pinholes (holidays) in copper plating on stainless steel lacks detailed characterization of localized attack intensity.,"What happens there is now you get the galvanic reaction: this is your cathode, your anode becomes your stainless steel right here, and all the area driving the electrons is focused right on that pinhole.",WM_Su2014_07,§2.p3,https://r-h-taylor.github.io/lectures/xutMakERdxY.html?q=What%20happens%20there%20is%20now%20you%20get%20the%20galvanic%20reaction%3A%20thi#l3-s2-p3
,4,open_problem,corrosion,The composition and structure of the passive layer on stainless steel—whether amorphous or crystalline—needs clarification beyond the simplified Cr₂O₃ model.,"It's not really Cr2O3 — it's actually something much more complex, it's Cr2(OH)3. But if you actually analyze the surface of a steel that has more than 10 or 12 percent chrome, that top surface will be almost 100 percent chromium... it's maybe an amorphous layer, because it may only be 50 nanometers thick.",WM_Su2014_07,§4.p1,https://r-h-taylor.github.io/lectures/xutMakERdxY.html?q=It%27s%20not%20really%20Cr2O3%20%E2%80%94%20it%27s%20actually%20something%20much%20more%20co#l3-s4-p1
,4,open_problem,corrosion,The loss of corrosion resistance in activated stainless steel after plating and the role of surface iron contamination during the plating process should be systematically studied.,"In order for the stainless steel company to make this copper-plated tubing, they had to activate it to get the plating to adhere. Which meant that when you now have the little holiday, you didn't have a passive surface. Activated stainless steel will rust just like anything else.",WM_Su2014_07,§4.p5,https://r-h-taylor.github.io/lectures/xutMakERdxY.html?q=In%20order%20for%20the%20stainless%20steel%20company%20to%20make%20this%20copper#l3-s4-p5
,4,open_problem,welding,The practical knowledge of welding thick armor plate (14–18 inches) in multiple passes has been lost; modern welders lack the procedures to avoid cracking and residual stress in heavy weldments.,We no longer know how to do that. I'll tell you the story of how we tried to weld that together unsuccessfully when the forging press broke after 60 years of service and some guys came in to try to weld it. They were very good welders — no defects in that weld — but lots of residual stresses.,WM_Su2014_09,§5.p2,https://r-h-taylor.github.io/lectures/dkmbe7ZGvUw.html?q=We%20no%20longer%20know%20how%20to%20do%20that.%20I%27ll%20tell%20you%20the%20story%20of#l3-s5-p2
,4,open_problem,welding,"Hydrogen diffusion and trapping kinetics in welds remain incompletely characterized, particularly the rate and extent of hydrogen loss over time and conditions enabling re-nucleation.","If this were a weld, there would still be hydrogen in there after an hour. There would be less hydrogen — I can't get as much as I had in the very beginning — but it's still there.",WM_Su2014_11,§9.p1,https://r-h-taylor.github.io/lectures/PbP0bcxaq9c.html?q=If%20this%20were%20a%20weld%2C%20there%20would%20still%20be%20hydrogen%20in%20there%20#l3-s9-p1
,4,open_problem,welding,The growth kinetics of hydrogen cracks in the critical days after welding remain poorly quantified despite their catastrophic role in failures like Alexander Kielland.,"The hydrogen crack is going to grow within the first couple of days after welding, because remember the CO2, the Sprite example. But for the fatigue crack to grow, it was probably a year and a half — it's in the book.",WM_Su2014_14,§2.p5,https://r-h-taylor.github.io/lectures/Rn3Lc-rXdOc.html?q=The%20hydrogen%20crack%20is%20going%20to%20grow%20within%20the%20first%20couple%20#l3-s2-p5
,4,open_problem,welding,The mechanism by which phosphorus in primer paint causes solidification cracking in weld metal remains unsolved despite 50+ years of industrial attempts.,"You can't weld over paint because the paint will cause solidification cracking — in part because the paint has a lot of phosphorus in it for corrosion protection, and phosphorus causes solidification cracking. So one of my first projects was: ""Tom, how can we come up with a weld metal that can weld over paint?"" People had been trying to do this for 50 years, and I didn't solve it either.",WM_Su2014_14,§3.p8–p9,https://r-h-taylor.github.io/lectures/Rn3Lc-rXdOc.html?q=You%20can%27t%20weld%20over%20paint%20because%20the%20paint%20will%20cause%20solid#l3-s3-p8
,4,open_problem,hydrogen,Hydrogen tolerance thresholds for ultra-high-strength steels (280+ ksi) remain poorly characterized—only fragmentary knowledge about critical ppm levels.,"Get to 300 ksi, and half a part per million hydrogen can destroy your steel in terms of hydrogen cracking.",WM_Su2014_16,§3.p1,https://r-h-taylor.github.io/lectures/e6E3olVXKQM.html?q=Get%20to%20300%20ksi%2C%20and%20half%20a%20part%20per%20million%20hydrogen%20can%20des#l3-s3-p1
,4,open_problem,steel,The mechanism by which TRIP steel transformation during deformation affects hydrogen cracking susceptibility remains unclear.,"We've known about TRIP steels for eighty years, but they're now starting to use them for very high strength steel in automobiles, where when you deform it, it transforms to martensite and becomes very hard.",WM_Su2014_18,§1.p2,https://r-h-taylor.github.io/lectures/CBSri-H9tUE.html?q=We%27ve%20known%20about%20TRIP%20steels%20for%20eighty%20years%2C%20but%20they%27re%20#l3-s1-p2
,4,open_problem,welding,Sea Wolf submarine experienced hydrogen cracking in weld metal rather than HAZ—a departure from historical precedent that remains inadequately explained.,"except in the Sea Wolf, where it occurred in the weld metal, which was a big surprise, because it had always occurred in heat affected zone before. They didn't have such overmatching weld metal strength.",WM_Su2014_18,§8.p1,https://r-h-taylor.github.io/lectures/CBSri-H9tUE.html?q=except%20in%20the%20Sea%20Wolf%2C%20where%20it%20occurred%20in%20the%20weld%20metal%2C#l3-s8-p1
,4,open_problem,welding,Investigate why different carbon equivalent formulas (Ceq vs. Pcm) perform better under different hydrogen control regimes.,"However, the second method is hydrogen control, and they don't even use the same carbon equivalent formula. Why? Because this is the type of structural steels the Japanese started developing in the 1980s, and they came up with this Pcm, which is a cracking parameter... It's basically similar to the other carbon equivalent that we had.",WM_Su2014_19,§1.p3,https://r-h-taylor.github.io/lectures/ZroX3BiYm64.html?q=However%2C%20the%20second%20method%20is%20hydrogen%20control%2C%20and%20they%20don#l3-s1-p3
,4,open_problem,steel,"Submarine material engineers lack historical toughness data on HSLA steels comparable to the Pellini explosion bulge test work from the 1950s–60s, leaving them unable to confidently qualify these cost-saving materials for deep-hull applications.",They believe that there's not enough history on the toughness of the HSLA steels. They don't have all the work that was done in the 50s and 60s on the explosion bulge test.,WM_Su2014_19,§4.p1,https://r-h-taylor.github.io/lectures/ZroX3BiYm64.html?q=They%20believe%20that%20there%27s%20not%20enough%20history%20on%20the%20toughnes#l3-s4-p1
,4,open_problem,hydrogen,"The precise kinetics of hydrogen removal during post-weld heat treatment—specifically, how long is genuinely too long to wait before stress-relief baking without losing hydrogen—remains empirically unclear.","Now you shouldn't wait too long to do your stress relief if you're going to get rid of the hydrogen. You can wait as long as you want for stress relief itself, but for hydrogen removal you can't wait too long.",WM_Su2014_20,§1.p3,https://r-h-taylor.github.io/lectures/qBeTbWLRrVo.html?q=Now%20you%20shouldn%27t%20wait%20too%20long%20to%20do%20your%20stress%20relief%20if%20#l3-s1-p3
,4,open_problem,fracture,The mechanism by which severe under-matching filler metal causes catastrophic strain concentration and impact property degradation in plastically deformed joints—though empirically demonstrated—lacks a rigorous fracture-mechanics explanation.,"The reason has nothing to do with welding; it has to do with fracture mechanics. Think about it: if I have two very strong things held together by something very soft, and I now deform this in an underwater explosion or anything else, in the laboratory I'm going to concentrate all my strain in the weld metal.",WM_Su2014_20,§2.p3,https://r-h-taylor.github.io/lectures/qBeTbWLRrVo.html?q=The%20reason%20has%20nothing%20to%20do%20with%20welding%3B%20it%20has%20to%20do%20with#l3-s2-p3
,4,open_problem,welding,The mechanisms by which hydrogen remains trapped in frozen welds for months and then triggers delayed cracking upon pressurization remain poorly understood.,"You can trap the hydrogen in there, and if it's frozen for eight and a half months of the year you can still get a hydrogen crack. It had been pressurized 18 hours before at 188 PSI... It just let go 18 hours later.",WM_Su2014_20,§3.p10,https://r-h-taylor.github.io/lectures/qBeTbWLRrVo.html?q=You%20can%20trap%20the%20hydrogen%20in%20there%2C%20and%20if%20it%27s%20frozen%20for%20e#l3-s3-p10
,4,open_problem,welding,Welding thick steel (10+ inches) without post-weld stress relief—a capability lost after WWII that remains unavailable.,We didn't know how to weld 10-inch-thick material without stress relieving it. We had done it for hundreds of thousands if not millions of tons of armor plate in World War II and before. But in 1980 we did not have the technology. We still don't have the technology.,WM_Su2014_21,§3.p6,https://r-h-taylor.github.io/lectures/JqHyPQAPsao.html?q=We%20didn%27t%20know%20how%20to%20weld%2010-inch-thick%20material%20without%20st#l3-s3-p6
,4,open_problem,fracture,"Understand why brittle fracture crack velocity differs dramatically between gas and oil pipelines, and how decompression waves interact with crack tip stress.","In a gas pipeline, the pressurizing gas is always stressing the crack tip at the full pressure, and so in a gas pipeline you can run for 30 miles. But in an oil pipeline you're actually going to stop. This is important for you Coast Guard people. If you're going to build gas pipelines from Alaska, you need to understand the fracture mechanics. There's a difference between gas and oil in terms of whether you're stressing the crack tip.",WM_Su2014_21,§5.p8,https://r-h-taylor.github.io/lectures/JqHyPQAPsao.html?q=In%20a%20gas%20pipeline%2C%20the%20pressurizing%20gas%20is%20always%20stressing%20#l3-s5-p8
,4,open_problem,processing,The transient thermal stress behavior during heating of thick components is poorly characterized and needs systematic calculation methods beyond existing formulas.,"I remember coming back from that first day of going up there, or actually the second day when I actually got to see the piece, I went back and told our administrative officers, beware the transient thermal stresses. This thing had been heating up for about an hour and a half, and something this thick — when you go through my fusion welding course I'll tell you how to calculate through the Einstein formula the rate of heating — but this was still in the transient, it was still being heated through the thickness.",WM_Su2014_21,§6.p9,https://r-h-taylor.github.io/lectures/JqHyPQAPsao.html?q=I%20remember%20coming%20back%20from%20that%20first%20day%20of%20going%20up%20there#l3-s6-p9
,4,open_problem,fatigue,"Why high-strength steels lose all fatigue benefit when welded, unlike in unwelded or stress-concentrated cases.","If you put a weld in it and I load it transverse to a fillet weld, I get no benefit from strength in fatigue. Now this was sort of a shock to Ford in the mid 80s.",WM_Su2014_23,§1.p2–p3,https://r-h-taylor.github.io/lectures/R6eVDrxe19E.html?q=If%20you%20put%20a%20weld%20in%20it%20and%20I%20load%20it%20transverse%20to%20a%20fillet#l3-s1-p2
,4,open_problem,joining,Understand why sulfur preferentially segregates to austenite grain boundaries and how ferrite content mitigates hydrogen-assisted cracking in restrained stainless steel welds.,"They'd find that the sulfur would go to the austenite — which likes hydrogen but doesn't like sulfur — and it would crack at the austenite boundaries. This metal could be all austenite, or it could be a little bit of austenite-ferrite, which was good, they found. They'd like to have a little bit of ferrite — about three percent ferrite was good, because it essentially absorbed most of the bad sulfur.",WM_Su2014_23,§10.p2,https://r-h-taylor.github.io/lectures/R6eVDrxe19E.html?q=They%27d%20find%20that%20the%20sulfur%20would%20go%20to%20the%20austenite%20%E2%80%94%20whic#l3-s10-p2
,4,open_problem,welding,Arc instability mechanism at high pressures remains poorly characterized—why electron/ion temperature equilibration causes narrowing and convection-driven blowoff.,"It turns out the welding arc — shielded metal arc, gas tungsten arc — becomes unstable at 450 psi or greater. That's because as you increase the pressure above one atmosphere, you actually squeeze the arc into a smaller volume; you get it down so it becomes narrow enough that the gas flow in the arc becomes unstable and it'll get blown off to the side from the convection currents that are generated.",WM_Su2014_25,§2.p1,https://r-h-taylor.github.io/lectures/0wUIpk_5BRY.html?q=It%20turns%20out%20the%20welding%20arc%20%E2%80%94%20shielded%20metal%20arc%2C%20gas%20tungs#l3-s2-p1
,4,open_problem,welding,"Limited prior work on how pressure-driven changes in weld metal chemistry (carbon +40%, manganese/silicon +20–30%) affect mechanical properties and hardenability at operational depths.","There's been some work — not a lot — on underwater welding metallurgy, but it does change the chemistry. Your carbon content, instead of 0.1, could be 0.14 — a 40% increase. Your manganese and silicon might go up by 20 or 30 percent. Your weld chemistry changes, and it changes to a more hardenable chemistry.",WM_Su2014_25,§2.p4,https://r-h-taylor.github.io/lectures/0wUIpk_5BRY.html?q=There%27s%20been%20some%20work%20%E2%80%94%20not%20a%20lot%20%E2%80%94%20on%20underwater%20welding%20m#l3-s2-p4
,4,open_problem,welding,"The role of hydrogen saturation and escape kinetics in underwater wet-weld cracking at different temperatures, rather than cooling-rate effects alone.","at lower water temperature hydrogen wasn't absorbing back into the water [inaudible] — it's getting into the weld pool at a very high saturation, but it's not escaping. That's the problem.",WM_Su2014_25,§6.p2,https://r-h-taylor.github.io/lectures/0wUIpk_5BRY.html?q=at%20lower%20water%20temperature%20hydrogen%20wasn%27t%20absorbing%20back%20in#l3-s6-p2
,4,open_problem,nickel,Identify compositional or processing modifications that preserve the weldability advantages of niobium-based precipitation while maintaining the high-temperature strength of aluminum-titanium strengthened superalloys.,"There are some variations on it that use niobium rather than aluminum and titanium, and niobium is easier to weld in many cases... titanium substituting for aluminum gives you much better weldability, so you can only tolerate about one-half as much aluminum as you can titanium.",WM_Su2014_27,§3.p2,https://r-h-taylor.github.io/lectures/dy4fI6J1gFo.html?q=There%20are%20some%20variations%20on%20it%20that%20use%20niobium%20rather%20than#l3-s3-p2
,4,open_problem,aluminum,"Pitting initiation and fatigue crack growth in 5456 aluminum alloys under marine conditions remains incompletely characterized, especially regarding the relationship between alloy chemistry, pit depth, and crack initiation in thick structures.","5456 is more highly alloyed than 5083, which does cause pitting, and the pitting leads to fatigue cracks — those are the initiation sites.",WM_Su2014_27,§8.p5,https://r-h-taylor.github.io/lectures/dy4fI6J1gFo.html?q=5456%20is%20more%20highly%20alloyed%20than%205083%2C%20which%20does%20cause%20pitt#l3-s8-p5
,4,open_problem,aluminum,The mechanisms driving delayed fatigue cracking in thick 5000-series aluminum naval structures—why damage took 30+ years to manifest—are not fully explained and merit systematic investigation.,"The Navy has had a lot of problems with the 5000-series alloys when they started using them in the 70s and 80s on the superstructures. It took a few years for all the stuff to develop, so now you're living with what didn't show up for thirty years.",WM_Su2014_27,§8.p6,https://r-h-taylor.github.io/lectures/dy4fI6J1gFo.html?q=The%20Navy%20has%20had%20a%20lot%20of%20problems%20with%20the%205000-series%20allo#l3-s8-p6
,4,open_problem,aluminum,Unclear whether matching-composition aluminum filler (4009) actually performs equivalently to overmatching (4145) in service; no long-term data comparing field performance of these options in aviation crankcase repairs.,"4009 is matched composition, and 4010 and 4011 are very close. They probably give intermediate strength. So you can have low strength that you're being criticized for; overmatching, which you might actually make things worse with, in terms of creating a stress concentration at the higher strength because this is quite a bit higher strength; or you can match the composition, and people may not even know you made a weld if they're not really careful.",WM_Su2014_30,§5.p9,https://r-h-taylor.github.io/lectures/j_SJgDOZazw.html?q=4009%20is%20matched%20composition%2C%20and%204010%20and%204011%20are%20very%20clos#l3-s5-p9
,4,open_problem,aluminum,Why aluminum alloys near eutectic composition show such poor weldability compared to other compositions remains unexplained.,"These are way out towards the eutectic in most cases, or if they have smaller amounts of copper they have larger amounts of something else: manganese, magnesium, or whatever. [...] If you look at the 2000 series, the best any of them do — except 2219 or 2218 — is arc welding with an A. Everything else is B and C.",WM_Su2014_31,§1.p1–p3,https://r-h-taylor.github.io/lectures/c62G8QyDL3o.html?q=These%20are%20way%20out%20towards%20the%20eutectic%20in%20most%20cases%2C%20or%20if%20#l3-s1-p1
,4,open_problem,aluminum,"Hydrogen porosity formation mechanism in aluminum welds differs from steel hydrogen cracking, but the underlying solubility physics and why porosity results remains unclear.","It looks like the same physical principle in terms of solubility of the hydrogen in the metal, but it looks like lots of porosity.",WM_Su2014_31,§10.p1,https://r-h-taylor.github.io/lectures/c62G8QyDL3o.html?q=It%20looks%20like%20the%20same%20physical%20principle%20in%20terms%20of%20solubi#l3-s10-p1
,4,open_problem,titanium,"Electroslag welding for heavy titanium sections (1–4+ inches) was used in Soviet submarine construction but lacks systematic characterization of weld quality, properties, and defect rates in modern Western practice.","In electroslag welding, you use two vertical plates — heavy section plates, one to four inches thick; I've seen people do eight inches thick. You put two water-cooled copper dams on the side, to make a little vertical cavity.",WM_Su2014_32,§9.p6,https://r-h-taylor.github.io/lectures/TlQXnQUYwlk.html?q=In%20electroslag%20welding%2C%20you%20use%20two%20vertical%20plates%20%E2%80%94%20heavy%20#l3-s9-p6
,4,open_problem,joining,"Friction stir welding fails for steel and titanium due to lack of high-temperature stirrer materials and reactive contamination, respectively—the fundamental material science constraints remain unsolved.","The problem with steel for friction stir welding is you just don't have a stirrer rod with high temperature strength. There's really no good material that will go to the types of temperatures you need without just wearing away very rapidly. They have done it with titanium, but titanium is very reactive with a lot of metals and you can't tolerate the impurities that you get in there.",WM_Su2014_34,§1.p2,https://r-h-taylor.github.io/lectures/1s_KEnbkpmQ.html?q=The%20problem%20with%20steel%20for%20friction%20stir%20welding%20is%20you%20just#l3-s1-p2
,4,open_problem,steel,Buried pipelines installed in the 1940s–50s lack verified material properties; developing rapid property assessment methods for aging in-ground steel is urgent but underexplored.,"the Pipeline Safety Administration of the Department of Transportation has now told the pipeline companies: you've got 45,000 miles of pipe buried in the ground for distribution of oil and gas in this country. Much of it was put in in the 1940s and 50s. We want you to prove the properties of this stuff that's in the ground, because they've had some ruptures.",WM_Su2015_05,§3.p8,https://r-h-taylor.github.io/lectures/r3NzM4MlAl8.html?q=the%20Pipeline%20Safety%20Administration%20of%20the%20Department%20of%20Tran#l3-s3-p8
,4,open_problem,welding,The fundamental mechanism of why martensite is most susceptible to hydrogen embrittlement remains poorly understood despite extensive study.,"I'm not sure anyone really knows exactly why martensite's the worst, but we've done plenty of studies — we have the worst type of structure, but it gives us some of the best toughness and some of the highest strengths.",WM_Su2015_07,§7.p4,https://r-h-taylor.github.io/lectures/GYtCQg57RNU.html?q=I%27m%20not%20sure%20anyone%20really%20knows%20exactly%20why%20martensite%27s%20th#l3-s7-p4
,4,open_problem,welding,Understand why drawing lubricant on smaller-diameter welding wires causes higher hydrogen pickup compared to larger wires.,"I concluded it was drawing lubricant. Why? If it were inherent hydrogen in the welding process, the same argon in the shipyard no matter what the wire size — what's different about these? The smaller wires have a higher surface-to-volume ratio; it goes as 1/R.",WM_Su2015_07,§7.p5,https://r-h-taylor.github.io/lectures/GYtCQg57RNU.html?q=I%20concluded%20it%20was%20drawing%20lubricant.%20Why%3F%20If%20it%20were%20inhere#l3-s7-p5
,4,open_problem,welding,"Eagar successfully solved a cracking problem by changing joint geometry to reduce restraint stress, but had no principled way to predict success beforehand—suggesting a gap in understanding or modeling how groove geometry couples to residual stress and cracking in restrained welds.","I'd had no idea whether it would work... The only thing I could think of was how to lower the stress. It was sort of a shot in the dark, and it worked.",WM_Su2015_08,§8.p8–p9,https://r-h-taylor.github.io/lectures/NLgwLkKhVoU.html?q=I%27d%20had%20no%20idea%20whether%20it%20would%20work...%20The%20only%20thing%20I%20co#l3-s8-p8
,4,open_problem,joining,The mechanism by which plasma spray with nitrogen gas introduces hydrogen into stainless steel and triggers delayed cracking in strain-induced martensite remains incompletely characterized.,"they're using argon with five percent nitrogen as the gas for plasma spray... When it cools down quickly, it traps the hydrogen.",WM_Su2015_10,§4.p4–p5,https://r-h-taylor.github.io/lectures/OszzaQpMV50.html?q=they%27re%20using%20argon%20with%20five%20percent%20nitrogen%20as%20the%20gas%20fo#l3-s4-p4
,4,open_problem,welding,Determining the optimal thickness range and weld balancing strategy for thin-wall steel ships to manage the competing effects of distortion and residual stress.,"The worst thickness of all, the most difficult to deal with, is about three-eighths of an inch or one centimeter. You get a fair amount of distortion and you can also get residual stresses. And now people are making eighth-inch steel ships.",WM_Su2015_11,§2.p3,https://r-h-taylor.github.io/lectures/gVeVr4WnhTE.html?q=The%20worst%20thickness%20of%20all%2C%20the%20most%20difficult%20to%20deal%20with%2C#l3-s2-p3
,4,open_problem,fatigue,"The interaction and relative severity of multiple stress-concentration mechanisms (geometric, metallurgical, and defect-based) at weld failure initiation sites is not well quantified.","You've actually got several types of stress concentration. Geometric stress concentration at the notch — say it's a fillet weld, you've got geometric stress concentration at both corners. Metallurgical stress concentration because you have a different microstructure in the heat-affected zone. You can also have slight undercutting, or as the weld solidifies you can have microcracks, hot shrinkage — less than a human hair, but enough. When all these things line up at the same spot, it doesn't do you any good to weld.",WM_Su2015_11,§6.p4,https://r-h-taylor.github.io/lectures/gVeVr4WnhTE.html?q=You%27ve%20actually%20got%20several%20types%20of%20stress%20concentration.%20G#l3-s6-p4
,4,open_problem,nickel,"Hyzak discovered empirically that substituting titanium for some aluminum in nickel superalloys improves weldability, but the metallurgical mechanism driving this improvement is not explained.","Hyzak found that if you replace some of the aluminum with titanium, it's much easier to weld. So he developed Inconel 718, and Inconel 718 is the workhorse today for nickel-based superalloys.",WM_Su2015_13,§3.p2,https://r-h-taylor.github.io/lectures/Lfnk639q2PI.html?q=Hyzak%20found%20that%20if%20you%20replace%20some%20of%20the%20aluminum%20with%20ti#l3-s3-p2
,4,open_problem,fracture,The mechanism by which hydrogen from corrosion pits interacts with transient thermal stresses and poor microstructure to cause premature fracture toughness loss in service needs clarification.,"Corrosion like that produces hydrogen. So it was a form of hydrogen embrittlement, stress corrosion cracking — whatever you want to call it.",WM_Su2015_13,§5.p9,https://r-h-taylor.github.io/lectures/Lfnk639q2PI.html?q=Corrosion%20like%20that%20produces%20hydrogen.%20So%20it%20was%20a%20form%20of%20h#l3-s5-p9
,4,open_problem,welding,The mechanism by which a thin paint layer (20 thousandths of an inch) on titanium surface dramatically increases weld penetration in TIG remains incompletely understood despite decades of modeling.,"when you put a very thin paint layer, only twenty-thousandths-of-an-inch thick, it's kind of like welding through paint, and you get a very deep penetration.",WM_Su2015_17,§6.p13,https://r-h-taylor.github.io/lectures/0II4lgNStTY.html?q=when%20you%20put%20a%20very%20thin%20paint%20layer%2C%20only%20twenty-thousandth#l3-s6-p13
,4,open_problem,corrosion,The mechanism controlling the sharp 100°C-wide corrosion peak in hot sulfidation of turbine blades remains unexplained.,"In a very narrow range of a hundred degrees centigrade or so, you have really appreciable corrosion... Usually you're operating well up here. It's too hot for the sulfur oxide to condense on the surface... Over here the kinetics are too slow, but it can still occur. But in a very narrow range... you have really appreciable corrosion.",WM_Su2015_18,§8.p1,https://r-h-taylor.github.io/lectures/lWfHtQqXYJk.html?q=In%20a%20very%20narrow%20range%20of%20a%20hundred%20degrees%20centigrade%20or%20so#l3-s8-p1
,4,proposed_study,measurement,Determine the surface finish and geometric tolerances achievable on internal non-straight channels machined in-situ during printing versus post-print machining.,"The place where I think hybrid makes a lot of sense is if you want to produce really intricate, highly tolerant, smooth internal features you couldn't access after the part is printed. In the case of conformal cooling, if you needed those channels to be super smooth, the only way to do that is to machine while you're printing, because once you've formed it you can't access these non-straight channels.",AM_F2019_07,§10.p2,https://r-h-taylor.github.io/lectures/3OKF32hmiMs.html?q=The%20place%20where%20I%20think%20hybrid%20makes%20a%20lot%20of%20sense%20is%20if%20yo#l3-s10-p2
,4,proposed_study,measurement,Develop practical ultrasonic or optical stretch-measurement tools for divers to monitor bolt tension in underwater propeller maintenance without micrometers.,"If you're diving, it'd be a lot easier to use an ultrasonic tool than to get in there with a little micrometer trying to measure something in ten-thousandths. When you've got your gloves on and stuff, ten thousandths is sort of a joke.",CAS_Su2011_01,§8.p6,https://r-h-taylor.github.io/lectures/-ik0iQKJHV4.html?q=If%20you%27re%20diving%2C%20it%27d%20be%20a%20lot%20easier%20to%20use%20an%20ultrasonic%20#l3-s8-p6
,4,proposed_study,measurement,Develop or validate a practical forensic method to identify the mill origin of steel pipe using multi-element chemical fingerprinting.,"the steel composition is actually a fingerprint. We knew what the heat analysis was at the steel mill, as reported by the steel mill, for this amount of pipe they purchased. We compared that, and we showed that within one chance in a hundred million, this had been made at this plant and conformed to this heat that had been purchased by the oil company from the steel company.",CS_F2012_12,§1.p15,https://r-h-taylor.github.io/lectures/kEqabZ7bO0Y.html?q=the%20steel%20composition%20is%20actually%20a%20fingerprint.%20We%20knew%20wha#l3-s1-p15
,4,proposed_study,joining,Quantify the safe length threshold for plastic gas piping under lightning strikes to refine design standards.,"These things are safe if the length is less than ten feet, which explains why all those other connections we've been using for fifty years are safe. It's the 100-foot lengths that are the problem. There's a length that goes into this L di/dt.",CS_Su2012_07,§8.p6–p7,https://r-h-taylor.github.io/lectures/nLWgIwqPozE.html?q=These%20things%20are%20safe%20if%20the%20length%20is%20less%20than%20ten%20feet%2C%20w#l3-s8-p6
,4,proposed_study,joining,Validate whether hydrostatic compression during a submarine's first deep dive actually provides complete stress relief equivalent to furnace post-weld heat treatment.,"You can't do that once you have all the equipment and the O-rings, the rubber and plastic and everything else inside the submarine. So how do they stress relieve it? The first deep dive — you've got hydrostatic compression and all those welds get stress relieved mechanically on the first deep dive.",DP_S2012_05,§5.p9,https://r-h-taylor.github.io/lectures/2-eiyScKx6A.html?q=You%20can%27t%20do%20that%20once%20you%20have%20all%20the%20equipment%20and%20the%20O-#l3-s5-p9
,4,proposed_study,titanium,Identify whether reagent-grade acetone versus commercial-grade acetone affects porosity formation in electron beam welds of titanium.,"I told the engineer at General Electric, what are they using to clean it? He said acetone. I said, why don't you go get some reagent-grade acetone and have him start cleaning it with reagent-grade acetone?",FW_Su2013_01,§8.p6,https://r-h-taylor.github.io/lectures/v7P1NjmHnYQ.html?q=I%20told%20the%20engineer%20at%20General%20Electric%2C%20what%20are%20they%20using#l3-s8-p6
,4,proposed_study,titanium,Soviet heavy-section titanium welding techniques using high-current gas tungsten arc with large electrodes achieved superior productivity; the underlying physics of this process deserves investigation.,He would also talk about gas tungsten arc — what he called semi-submerged arc — in the open literature. They would use huge tungsten electrodes and a thousand amps of gas tungsten arc current. They could weld two-inch-thick titanium in four passes — better than submerged arc welding of steel in terms of productivity. They did it with some of the physics of this gas tungsten arc process.,FW_Su2013_03,§8.p10,https://r-h-taylor.github.io/lectures/Fx3xPdMmlac.html?q=He%20would%20also%20talk%20about%20gas%20tungsten%20arc%20%E2%80%94%20what%20he%20called%20s#l3-s8-p10
,4,proposed_study,metal transfer,The specific mechanism by which pulsed current transfers drops via Lorentz force (the 'milking' effect) could be studied experimentally to optimize drop detachment.,"That's what we do many times with pulse current welding. The drops are coming off the tip of the electrode at about 100 hertz, and if we pulse with the right pulsing of current, we can use this Lorentz force to squeeze the drops off, just like milking a cow.",FW_Su2013_04,§5.p10,https://r-h-taylor.github.io/lectures/Aq3Q1CyX8uU.html?q=That%27s%20what%20we%20do%20many%20times%20with%20pulse%20current%20welding.%20The#l3-s5-p10
,4,proposed_study,titanium,Magnetic field control of cathode spot wandering in titanium welding to stabilize metal transfer.,One of my ideas originally was to put a little magnetic field around it to force that cathode spot to wander around on titanium.,FW_Su2013_04,§7.p1,https://r-h-taylor.github.io/lectures/Aq3Q1CyX8uU.html?q=One%20of%20my%20ideas%20originally%20was%20to%20put%20a%20little%20magnetic%20fiel#l3-s7-p1
,4,proposed_study,processing,A rigorous study of hydrogen diffusion rates through graphite composites at liquid hydrogen temperatures is needed to replace the suspect historical data.,"When he redid the test for the first time, the numbers were off by about three orders of magnitude for permeability.",MSE_F2016_12,§12.p3,https://r-h-taylor.github.io/lectures/Y7Uvlrhy9Nc.html?q=When%20he%20redid%20the%20test%20for%20the%20first%20time%2C%20the%20numbers%20were%20#l3-s12-p3
,4,proposed_study,measurement,"Develop non-destructive testing protocols to track sixteenth-of-an-inch crack growth in service submarine hulls, to validate safe operating limits without derating.","What it means is, when these things come back for maintenance every year or every two years, you should go in and use non-destructive test techniques to see if those little sixteenth-of-an-inch cracks have grown.",MSE_F2017_03,§11.p11,https://r-h-taylor.github.io/lectures/Hwwodo_KbtM.html?q=What%20it%20means%20is%2C%20when%20these%20things%20come%20back%20for%20maintenanc#l3-s11-p11
,4,proposed_study,fatigue,Correlate fatigue striation spacing with loading amplitude to quantify variable-amplitude fatigue history from fractography alone.,"because some of the fatigue cracks had different widths, telling you how fast it was growing... I could see the different striations and the variability",REC_F2018_01,§8.p3,https://r-h-taylor.github.io/lectures/aLn70m1IMnc.html?q=because%20some%20of%20the%20fatigue%20cracks%20had%20different%20widths%2C%20tel#l3-s8-p3
,4,proposed_study,processing,It remains unclear whether hot isostatic pressing plus specialized heat treatment can fully restore mechanical properties of used turbine blades to new-blade specifications.,"We found that if you did hot isostatic pressing, you could take an old blade and rejuvenate it with a fancy heat treatment.",SMS_F2014_03,§9.p4,https://r-h-taylor.github.io/lectures/S4pgiEDtq_o.html?q=We%20found%20that%20if%20you%20did%20hot%20isostatic%20pressing%2C%20you%20could%20t#l3-s9-p4
,4,proposed_study,processing,Systematically measure and characterize residual stress relief in electron-beam or laser-built metal parts using shock-wave treatment at ~10^8 W/cm² (Grüneisen effect) to validate stress elimination across different alloys and geometries.,"We were going to use the laser or electron beam to send a shockwave through it — the Grüneisen effect. If you hit it with enough power, about 10 to the 8th watts per square centimeter, you can send a 400-ksi shockwave through it that eliminates the residual stresses, like a sharp stress relief. We proved you could do that — we showed you can get rid of the residual stresses.",SMS_S2016_02,§10.p4,https://r-h-taylor.github.io/lectures/2bPgU1dNqBg.html?q=We%20were%20going%20to%20use%20the%20laser%20or%20electron%20beam%20to%20send%20a%20sh#l3-s10-p4
,4,proposed_study,joining,A systematic comparison of crack initiation and propagation behavior in friction-stir-welded aluminum and titanium alloys used in aerospace structures versus traditional arc-welded designs.,"There's a relatively new process called friction stir welding, invented at the British Welding Institute in the late 70s. Someone started a firm to build a small business jet by friction stir welding aluminum and titanium. I thought, I don't know if I'd like that, because look what happened to the Liberty ships.",SSW_S2013_01,§3.p11,https://r-h-taylor.github.io/lectures/JIAYtxFVZ3Y.html?q=There%27s%20a%20relatively%20new%20process%20called%20friction%20stir%20weldin#l3-s3-p11
,4,proposed_study,other,Systematic study of defect density in bulk-manufactured graphene and carbon nanotubes versus theoretical defect-free predictions to validate strength degradation.,"They're all saying, 'Oh, this is going to save the world. We will have things that are 10 times as strong.' Yes, *if* they are defect-free. They're not defect-free. So they're actually going to be one-tenth as strong, or one-fifth as strong, when we make them in high quantity.",SSW_S2013_02,§9.p3,https://r-h-taylor.github.io/lectures/rF3eZtxWR4I.html?q=They%27re%20all%20saying%2C%20%27Oh%2C%20this%20is%20going%20to%20save%20the%20world.%20We#l3-s9-p3
,4,proposed_study,joining,Determining the optimal porosity pattern and volume fraction in ceramic-metal joints for maximum strength across different material pairs.,"Based on that thought, back in the 1990s I had a student do her doctoral thesis, and she showed that you can actually get the strongest joint in ceramic-metal joints if you have about 10 volume percent porosity in the proper pattern on the interface.",SSW_S2013_07,§2.p3,https://r-h-taylor.github.io/lectures/lq2o9aQyxMo.html?q=Based%20on%20that%20thought%2C%20back%20in%20the%201990s%20I%20had%20a%20student%20do%20#l3-s2-p3
,4,proposed_study,joining,Develop a gold-nickel brazing system for copper-molybdenum joints that avoids brittle Ni₃Mo intermetallic formation while achieving diffusion bonding.,"If you could come up with a system with copper and molybdenum that wouldn't give you the brittle intermetallic but would give you a diffusion bond, you wouldn't have to have the high pressures for fixturing, you could do it faster — in a TLP joint you only need 5 psi, not 5000, for fixturing.",SSW_S2013_08,§7.p8,https://r-h-taylor.github.io/lectures/MVljACLzPIk.html?q=If%20you%20could%20come%20up%20with%20a%20system%20with%20copper%20and%20molybdenu#l3-s7-p8
,4,proposed_study,joining,Test whether strain energy scalar criterion predicts failure in dissimilar-metal bonds across different geometric scales and material combinations.,"The strain energy is just like a spring, dx, ½ kx². The bond energy goes linearly with the bond area... strain energy always goes one dimension higher than the bonding strength. Which means you can always bond small things, but you can't bond big areas, because strain energy will kill you.",SSW_S2013_09,§3.p1–p2,https://r-h-taylor.github.io/lectures/BVe8AzvbfyA.html?q=The%20strain%20energy%20is%20just%20like%20a%20spring%2C%20dx%2C%20%C2%BD%20kx%C2%B2.%20The%20bond#l3-s3-p1
,4,proposed_study,joining,Systematically test whether patterned or tiled interfaces with controlled porosity can overcome the size limits of dissimilar-metal bonding.,"That's not to say there aren't ways around it. You can add porosity to the interface, you can pattern the interface, you can separate it so you essentially put a tile on there with spaces in between.",SSW_S2013_09,§3.p7,https://r-h-taylor.github.io/lectures/BVe8AzvbfyA.html?q=That%27s%20not%20to%20say%20there%20aren%27t%20ways%20around%20it.%20You%20can%20add%20p#l3-s3-p7
,4,proposed_study,hydrogen,Quantify the minimum time delay between hydrogen saturation in a weld and delayed cracking onset under realistic stress and temperature conditions.,"Even though this is nine months later, this is the oldest hydrogen crack from welding. You've got to remember, they froze it for the winter at minus 20. The hydrogen can't get out at minus 20... Then it warms up, and you stress it at the applied stresses, and wait 20 hours — I think it was 20 hours, more than eight hours — and then it ruptures.",WM_S2014_14,§8.p3,https://r-h-taylor.github.io/lectures/yeLP2yXF358.html?q=Even%20though%20this%20is%20nine%20months%20later%2C%20this%20is%20the%20oldest%20hy#l3-s8-p3
,4,proposed_study,welding,"A systematic study of strain concentration and localization at undermatching welds under different loading modes (impact, bending, tension) could clarify the fracture mechanisms and perhaps identify protective design strategies.","With undermatching weld metal, you concentrate the strain at the weld... a 1% strain gets concentrated in the weld. Now you start seeing 20, 25, 30% strain and the thing fractures. It doesn't really matter whether it's slow tensile failure, slow bending, or impact fracture.",WM_S2014_20,§7.p4,https://r-h-taylor.github.io/lectures/Cz5zDd1Xwpw.html?q=With%20undermatching%20weld%20metal%2C%20you%20concentrate%20the%20strain%20at#l3-s7-p4
,4,proposed_study,aluminum,"A systematic experimental study mapping crack sensitivity across composition ranges in the aluminum-copper, magnesium, and magnesium-silicon systems would validate freezing-range predictions.","If you look at the relative crack sensitivity of different aluminum alloys — silicon, copper, magnesium, magnesium-silicon — you'll find this is composition of the weld of the alloying element.",WM_S2014_22,§8.p3,https://r-h-taylor.github.io/lectures/GfNlt6mnU7E.html?q=If%20you%20look%20at%20the%20relative%20crack%20sensitivity%20of%20different%20a#l3-s8-p3
,4,proposed_study,welding,"Test whether matching filler metal (4009, same composition as 355 base) actually improves fatigue life and residual stress behavior compared to under-matched 4043 in production parts, rather than relying on composition similarity alone.","4009 is an exact match for 355, so if someone comes afterwards and does an analysis they won't find a difference in composition. That's what the Canadian Transportation Board had said in his previous problem of last fall — you should have used matching filler metal. Well, if you've been doing it successfully for forty years on a hundred thousand parts, I'm not sure that's a good conclusion.",WM_S2014_26,§5.p3,https://r-h-taylor.github.io/lectures/G5THU-givDs.html?q=4009%20is%20an%20exact%20match%20for%20355%2C%20so%20if%20someone%20comes%20afterwar#l3-s5-p3
,4,proposed_study,titanium,Investigate why electroslag welding produces superior chemistry and weld quality compared to submerged arc for titanium.,"My first research contract on titanium at MIT was on submerged arc welding of titanium to get a good weld. They didn't have the best shape, but they had chemistry that was excellent... The reason they classified it is — to the best of our knowledge, that's one of the ways the Soviets built the Alpha subs. They didn't use submerged arc welding, they didn't use what the US Navy had spent millions of dollars trying to do.",WM_S2014_28,§2.p2–p4,https://r-h-taylor.github.io/lectures/g7tCGetxxRQ.html?q=My%20first%20research%20contract%20on%20titanium%20at%20MIT%20was%20on%20submerg#l3-s2-p2
,4,proposed_study,corrosion,A systematic study comparing polybutylene and PEX fittings under identical stress and water conditions could clarify why PEX brass fittings suffer dealloying while polybutylene fails via stress-corrosion cracking.,"PEX tubing is fine. Some people are blaming the fittings. There's a billion dollars worth of lawsuits out in Las Vegas and the West Coast on PEX brass fittings, but that's another story. It's a corrosion problem called de-alloying.",WM_Su2014_05,§8.p3,https://r-h-taylor.github.io/lectures/ZWgkUrtyK-4.html?q=PEX%20tubing%20is%20fine.%20Some%20people%20are%20blaming%20the%20fittings.%20Th#l3-s8-p3
,4,proposed_study,welding,"Develop a weld metal composition that tolerates phosphorus-containing primers without triggering solidification cracking, enabling direct welding over painted shipyard plates.","What people have done is gone to different composition paints, but it still doesn't work very well. When I was in Japan in the 1980s visiting shipyards, they were trying to do it. About eight years ago up here at Bath Iron Works, they were trying to do it.",WM_Su2014_14,§3.p9,https://r-h-taylor.github.io/lectures/Rn3Lc-rXdOc.html?q=What%20people%20have%20done%20is%20gone%20to%20different%20composition%20paint#l3-s3-p9
,4,proposed_study,steel,Investigate the composition and microstructural mechanisms that allowed Japanese HSLA steels to eliminate preheat requirements compared to conventional alloy steels.,"That's why the Navy wanted to go to HSLA plate steels, and that's one of the reasons they sent me over to Japan in the mid 80s to see how the Japanese were making these steels.",WM_Su2014_18,§3.p5,https://r-h-taylor.github.io/lectures/CBSri-H9tUE.html?q=That%27s%20why%20the%20Navy%20wanted%20to%20go%20to%20HSLA%20plate%20steels%2C%20and%20t#l3-s3-p5
,4,proposed_study,fracture,"Validate the design and effectiveness of crack-arrester inserts (thicker, high-toughness steel sections) spaced hundreds of yards apart in pipelines to stop brittle fracture propagation.","They were looking at using inserts in the pipelines to prevent the fractures. Every couple of hundred yards they were going to weld in a heavy wall, high toughness steel. So this would be your regular pipe, but they might put a 12-inch-long piece that they would just weld in there that was thicker and very high toughness steel.",WM_Su2014_21,§5.p5,https://r-h-taylor.github.io/lectures/JqHyPQAPsao.html?q=They%20were%20looking%20at%20using%20inserts%20in%20the%20pipelines%20to%20preve#l3-s5-p5
,4,proposed_study,fatigue,"The mechanisms by which weld toe profile optimization and robotic control (torch angle, bead weaving, pulse current) improve fatigue strength in high-strength steels are not fully characterized or generalized.","They have been able to develop welding procedures — changing the torch angle, whether they weave the bead, pulse current welding, lots of different things to try to control that shape, that profile, and get better fatigue strength.",WM_Su2014_23,§4.p5,https://r-h-taylor.github.io/lectures/R6eVDrxe19E.html?q=They%20have%20been%20able%20to%20develop%20welding%20procedures%20%E2%80%94%20changing#l3-s4-p5
,4,proposed_study,nickel,Develop quantitative criteria or a screening method to predict weldability limits for new nickel-base superalloy compositions before expensive full-scale welding trials.,"Some of them just aren't weldable, okay, no matter what you do. You can only use them as castings... One simple little test — you often don't have a lot of material, so they do a little circular patch test.",WM_Su2014_27,§3.p2–3.p3,https://r-h-taylor.github.io/lectures/dy4fI6J1gFo.html?q=Some%20of%20them%20just%20aren%27t%20weldable%2C%20okay%2C%20no%20matter%20what%20you%20#l3-s3-p2
,4,proposed_study,titanium,"Investigate submerged arc welding of titanium as an alternative to gas metal arc for heavy sections, building on Gurevich's 1960s publications.","I had worked on submerged arc welding, and it turns out Gurevich had been publishing about submerged arc welding in the 1960s... We were curious about how they had built the submarine.",WM_Su2014_32,§9.p1,https://r-h-taylor.github.io/lectures/TlQXnQUYwlk.html?q=I%20had%20worked%20on%20submerged%20arc%20welding%2C%20and%20it%20turns%20out%20Gure#l3-s9-p1
,4,proposed_study,steel,"Develop a rapid, non-destructive fingerprinting method to identify outlier steel plates with anomalously high toughness before they enter production, to prevent use as test coupons.","When they found one outlier at 30 — and the other sheets coming from Sparrows Point averaged 20.5 foot-pounds, with 20 as the minimum — they'd cut all their test plates out of the 30 foot-pound plate, and that's what they sent to the lab to meet all the properties.",WM_Su2015_05,§8.p7,https://r-h-taylor.github.io/lectures/r3NzM4MlAl8.html?q=When%20they%20found%20one%20outlier%20at%2030%20%E2%80%94%20and%20the%20other%20sheets%20com#l3-s8-p7
,4,proposed_study,steel,Optimizing controlled cooling parameters and spray cooling uniformity for high-strength low-alloy steel production to achieve 65 ksi strength reliably without heavy alloy additions.,"You can't quench it in water, but if you spray it — more than a mist, like a garden hose sprayer, uniformly — you can cool it more rapidly. You can keep the grains from growing as big while it's red hot, and you can get 65 ksi.",WM_Su2015_07,§4.p4,https://r-h-taylor.github.io/lectures/GYtCQg57RNU.html?q=You%20can%27t%20quench%20it%20in%20water%2C%20but%20if%20you%20spray%20it%20%E2%80%94%20more%20tha#l3-s4-p4
,4,proposed_study,fracture,"The critical flaw size in this vessel was much smaller than predicted (1 inch vs. 11 inches), suggesting a need to quantify how hydrogen embrittlement and microstructural degradation each reduce fracture toughness in service.","When we actually got at the piece and found the original crack site, the critical flaw size was about an inch, not 11 inches, okay. Because the hydrogen reduces the fracture toughness, and the bad microstructure reduces the fracture toughness.",WM_Su2015_13,§5.p11,https://r-h-taylor.github.io/lectures/Lfnk639q2PI.html?q=When%20we%20actually%20got%20at%20the%20piece%20and%20found%20the%20original%20cra#l3-s5-p11
,4,proposed_study,processing,Laser stress relief via pulsed shock waves shows promise but leaves surface damage; systematic optimization of pulse parameters and residual stress reduction is needed.,"We did some of that in the '90s, trying to use laser stress relief. You blast it, do little pulses, and all you do is leave a little divot on the surface, which you can grind off, but you hit it so fast that you send a shockwave through the metal, and that shockwave is a mechanical stress.",WM_Su2015_17,§8.p4,https://r-h-taylor.github.io/lectures/0II4lgNStTY.html?q=We%20did%20some%20of%20that%20in%20the%20%2790s%2C%20trying%20to%20use%20laser%20stress%20#l3-s8-p4
,4,proposed_study,fatigue,Establish diagnostic criteria to distinguish corrosion-fatigue crack growth from stress-concentration pitting in high-stress components like helicopter rotor blades.,"Because if you look at the final size — the stress on the rotor blade has like a factor of 10 safety factor in stress, and the final ligament was not very big, so you knew how much stress there was. And you look at the size of the original flaw that everybody was pointing to — they thought it was corrosion pitting — did the fatigue crack even fit? No.",WM_Su2015_18,§4.p2,https://r-h-taylor.github.io/lectures/lWfHtQqXYJk.html?q=Because%20if%20you%20look%20at%20the%20final%20size%20%E2%80%94%20the%20stress%20on%20the%20ro#l3-s4-p2
,4,proposed_study,corrosion,Quantify the kinetic window for sulfidic hot corrosion in nickel-based superalloys across engine operating profiles.,"What we usually do at start-up — as you start the engine, you don't power it up right away, you let it warm up for a couple of minutes before you take off... they were starting their engines and going to full power for takeoff without warming up their engines properly. Instead of takeoff power getting them up out of this range where you don't have corrosion, they're getting a couple of minutes in *this* range — the corrosion range.",WM_Su2015_18,§8.p2,https://r-h-taylor.github.io/lectures/lWfHtQqXYJk.html?q=What%20we%20usually%20do%20at%20start-up%20%E2%80%94%20as%20you%20start%20the%20engine%2C%20yo#l3-s8-p2
,3,measurement_gap,fracture,Systematic characterization of critical flaw sizes and failure modes in ceramics versus metals for bearing applications.,"They're trying to make better ball bearings for jet engines. They want to make them out of silicon nitride because it's one of the toughest ceramics. The size flaws they've got to be looking for are five microns, because five microns will be a critical flaw size in fracture mechanics for a ceramic.",AM_F2019_04,§1.p2,https://r-h-taylor.github.io/lectures/34yHQb_oLxk.html?q=They%27re%20trying%20to%20make%20better%20ball%20bearings%20for%20jet%20engines.#l3-s1-p2
,3,measurement_gap,fatigue,Measure the residual thread fit degradation and micro-yielding damage after high-strength bolts are subjected to 75% yield preload plus service loading.,"If you do that and then put some service loads or excursions on top of that 75%, you'll often start to yield the threads. It might be micro-yielding, but now things don't fit up quite as well.",CAS_Su2011_02,§4.p2,https://r-h-taylor.github.io/lectures/TRSZrx4_vPQ.html?q=If%20you%20do%20that%20and%20then%20put%20some%20service%20loads%20or%20excursions#l3-s4-p2
,3,measurement_gap,composites,"The permeability of carbon composites to liquid and gaseous hydrogen was not characterized before the X-33 tank test, causing a critical failure.",No one had checked the permeability of the carbon composite for liquid or gaseous hydrogen.,CAS_Su2011_02,§6.p5,https://r-h-taylor.github.io/lectures/TRSZrx4_vPQ.html?q=No%20one%20had%20checked%20the%20permeability%20of%20the%20carbon%20composite%20#l3-s6-p5
,3,measurement_gap,processing,"The cold-start emissions problem in catalytic converters—quantifying the relationship between converter thermal mass, heat-up time, and pollutant breakthrough during vehicle startup.","The catalyst isn't working when it's cold. When you start up the vehicle, all your emissions go right out the back until you heat up the catalyst and it starts working. If you've got a big thermal mass, it takes longer to heat up, and so it might be two or three minutes where you're spewing out all kinds of pollutants.",CAS_Su2011_02,§8.p13,https://r-h-taylor.github.io/lectures/TRSZrx4_vPQ.html?q=The%20catalyst%20isn%27t%20working%20when%20it%27s%20cold.%20When%20you%20start%20up#l3-s8-p13
,3,measurement_gap,steel,Characterize the long-term recycling flux of US steel: quantify how much of the 5 billion tons of accumulated 20th-century steel has actually re-entered the scrap stream and when.,"Take 50 million tons times 100 years — that's 5 billion tons of steel. That has to be recycled, and in fact 70 to 80% of all the steel we produce is recycled.",CAS_Su2011_03,§10.p1,https://r-h-taylor.github.io/lectures/WhWf_cgsv0I.html?q=Take%2050%20million%20tons%20times%20100%20years%20%E2%80%94%20that%27s%205%20billion%20tons#l3-s10-p1
,3,measurement_gap,processing,"The thermal and mechanical stresses on the complex multi-layer wall structure (steel shell, welded rods, ceramic brick, water cooling) during cycling are not well characterized.","The temperature gradient across the wall: 2,400°F on the inside, a couple hundred degrees on the outside. Sometimes they water-cool the outside steel shell — just a sheet of water coming down, a waterfall. They weld rods on the inside so the ceramic brick can be attached to the shell. It's a pretty complex structure.",CAS_Su2011_03,§21.p6,https://r-h-taylor.github.io/lectures/WhWf_cgsv0I.html?q=The%20temperature%20gradient%20across%20the%20wall%3A%202%2C400%C2%B0F%20on%20the%20ins#l3-s21-p6
,3,measurement_gap,aluminum,"Lead contamination pathways in recycled aluminum—whether from highway dust, handling, or other sources—remain incompletely mapped despite known cases of scrap rejection.","Finally they did a more extensive study. At the time — this was in the early '90s — the Mexicans were still using leaded gasoline, and they don't have five-cent deposit laws in Mexico. People would just throw their cans along the side of the highway. Other poor Mexicans would come along and collect the cans. But if you plotted the lead concentration from the side of the highway, it was very high right at the edge of the highway and within 200 feet on either side it dropped to very low values.",CAS_Su2011_03,§27.p2,https://r-h-taylor.github.io/lectures/WhWf_cgsv0I.html?q=Finally%20they%20did%20a%20more%20extensive%20study.%20At%20the%20time%20%E2%80%94%20this%20#l3-s27-p2
,3,measurement_gap,measurement,Ultrasonic inspection sensitivity thresholds and detection protocols for thin cracks emanating from large internal voids in massive forgings need systematic study to avoid missing critical defects.,"The guy on his ultrasonics probably saw something here, but this was so thin when he's shooting from the far end that he didn't really see the crack. He only saw the big void. He could have turned his sensitivity up and he might have seen that crack, but his boss didn't even want to hear about the football-sized void.",CAS_Su2011_04,§19.p5,https://r-h-taylor.github.io/lectures/pq7RLDw6ijk.html?q=The%20guy%20on%20his%20ultrasonics%20probably%20saw%20something%20here%2C%20but%20#l3-s19-p5
,3,measurement_gap,processing,There is no clear engineering rule or measurement method for predicting when small ceramic coating gaps in high-power electric arc furnaces will allow arcs to breach water-cooled walls.,"But what happened is it jumped from the bundle to the wall because there was a gap in the ceramic coating, and that arc, which is supposed to be melting hundreds of pounds of steel a minute, worked on the pipe pretty quickly.",CAS_Su2011_06,§7.p2,https://r-h-taylor.github.io/lectures/TOum2TQZu_M.html?q=But%20what%20happened%20is%20it%20jumped%20from%20the%20bundle%20to%20the%20wall%20b#l3-s7-p2
,3,measurement_gap,processing,The precise thermal distortion tolerances required during ship construction under variable solar heating have not been systematically quantified or modeled.,"You calculate what happens when the sun comes out from behind the cloud down at Ingalls, and the ship is changing its dimension as the sun heats one side of the ship and not the other. All of a sudden those things you just aligned within a quarter of an inch are now off by half an inch.",COR_Su2016_02,§2.p6,https://r-h-taylor.github.io/lectures/q9rwgUdOynw.html?q=You%20calculate%20what%20happens%20when%20the%20sun%20comes%20out%20from%20behin#l3-s2-p6
,3,measurement_gap,measurement,"Develop a technique to measure closed conformity defects in bearing assemblies after thermal cycling and deformation, when standard tolerance measurement becomes physically impossible.","When it seized, it seized because it was generating too much heat. The aluminum housing — aluminum will absorb a lot of heat — when it crashed and landed, the heat started to soak back into the steel bearing. [...] we're supposed to go in there and figure out whether these things are accurate to 50 millionths of an inch. That's pretty much impossible.",CS_F2012_03,§9.p3,https://r-h-taylor.github.io/lectures/2-PLy8soKXo.html?q=When%20it%20seized%2C%20it%20seized%20because%20it%20was%20generating%20too%20much#l3-s9-p3
,3,measurement_gap,aluminum,Aluminum fatigue behavior beyond 10^8 cycles remains unmeasured; the fatigue curve may or may not plateau at longer lifetimes.,"Fatigue strength: there is no fatigue limit for aluminum alloys. In aluminum alloys, the curve doesn't become horizontal, it just keeps going down. They've measured it out to 10 to the 8 cycles.",CS_F2012_12,§2.p8,https://r-h-taylor.github.io/lectures/kEqabZ7bO0Y.html?q=Fatigue%20strength%3A%20there%20is%20no%20fatigue%20limit%20for%20aluminum%20all#l3-s2-p8
,3,measurement_gap,fracture,Nobody had reliable data on how long running cracks actually propagate in gas pipelines before stopping naturally.,"They've had cracks in smaller pipelines, like a six-inch pipeline, run for 30 miles. You don't even store enough pipe for a 30-mile fracture, and how long would it take to replace 30 miles of pipeline?",CS_F2012_13,§4.p3,https://r-h-taylor.github.io/lectures/7-ceZkCjx5w.html?q=They%27ve%20had%20cracks%20in%20smaller%20pipelines%2C%20like%20a%20six-inch%20pip#l3-s4-p3
,3,measurement_gap,composites,"The crashworthiness and structural behavior of lightweight composite helicopter fuselages under impact is essentially unquantified, creating a safety design gap.","The helicopter is sort of an anomaly: the shell where the people go is lightweight and probably doesn't have a safety factor much more than 1.5, but the moving components that keep you up in the air have tremendous safety factors. Because lots of things can go wrong in a helicopter, and it's not very forgiving.",CS_F2012_13,§5.p3,https://r-h-taylor.github.io/lectures/7-ceZkCjx5w.html?q=The%20helicopter%20is%20sort%20of%20an%20anomaly%3A%20the%20shell%20where%20the%20pe#l3-s5-p3
,3,measurement_gap,other,Lightning strike energy distribution remains poorly characterized; threshold data above 80 coulombs is sparse.,"There aren't a lot of lightning strikes more than 80 coulombs, so this is probably a safe product.",CS_F2012_13,§8.p5,https://r-h-taylor.github.io/lectures/7-ceZkCjx5w.html?q=There%20aren%27t%20a%20lot%20of%20lightning%20strikes%20more%20than%2080%20coulomb#l3-s8-p5
,3,measurement_gap,measurement,Civil surveying techniques capable of maintaining 1 cm alignment tolerance over 4 km distances did not exist and had to be newly developed for LIGO.,"In order to run this thing, they had to align the mirror at one end with the mirror at the other within 1 cm over 4 kilometers. No one had ever needed to survey 1 cm over 4 km before. They had to develop new surveying techniques using GPS.",CS_Su2012_01,§6.p5,https://r-h-taylor.github.io/lectures/8b4n8diQ_6U.html?q=In%20order%20to%20run%20this%20thing%2C%20they%20had%20to%20align%20the%20mirror%20at%20#l3-s6-p5
,3,measurement_gap,corrosion,Corrosion under insulation is a known failure mode but lacks systematic detection methods beyond manual inspection requiring expensive disassembly.,"There's something called corrosion under insulation, which is a big problem — moisture builds up. I've seen a number of failures because of corrosion under insulation. They go in with an ultrasonic thickness monitor and see how much wall thickness is left.",CS_Su2012_05,§5.p7,https://r-h-taylor.github.io/lectures/7KFTHxDcJwY.html?q=There%27s%20something%20called%20corrosion%20under%20insulation%2C%20which%20i#l3-s5-p7
,3,measurement_gap,processing,"The asymmetric beam modeling gap in 1980s bar joist design: computers could not simulate realistic small gaps between welded connections, leading to unmodeled shear loads.","The problem was, you could model a perfectly symmetric system in 1985 — you could not model an asymmetric beam. In order to actually make the thing, there was a little gap. The computer program had all three of these things coming together at a point, but in fact one came in here and another came in here, and there was a shear load similar to the Hyatt Regency, and that's why the building came down.",CS_Su2012_05,§7.p8,https://r-h-taylor.github.io/lectures/7KFTHxDcJwY.html?q=The%20problem%20was%2C%20you%20could%20model%20a%20perfectly%20symmetric%20syste#l3-s7-p8
,3,measurement_gap,aluminum,Quantify the stress-life relationship for aluminum beyond 10^9 cycles to establish design limits for long-service structures.,People have gone out to 10 to the 8th or 10 to the 9th cycles — it takes a long time to get to 10 to the 9th cycles — but it just keeps decreasing.,CS_Su2012_07,§3.p2,https://r-h-taylor.github.io/lectures/nLWgIwqPozE.html?q=People%20have%20gone%20out%20to%2010%20to%20the%208th%20or%2010%20to%20the%209th%20cycle#l3-s3-p2
,3,measurement_gap,corrosion,Quantify the protective mechanism by which mud seals corrosion holes in buried steel pipes and extends their service life.,"The U.S. Army did a study of 25,000 underground storage tanks, and they showed the typical corrosion rate: you'll perforate an eighth of an inch of steel in 5 to 25 years, depending on soil conditions, part of the country, amount of rainfall, pH of the soil, electrical resistivity of the soil because of the corrosion currents that can be carried through.",CS_Su2012_07,§4.p2,https://r-h-taylor.github.io/lectures/nLWgIwqPozE.html?q=The%20U.S.%20Army%20did%20a%20study%20of%2025%2C000%20underground%20storage%20tank#l3-s4-p2
,3,measurement_gap,corrosion,"Corrugated stainless steel tubing (CSST) has been installed in over a billion feet across American homes since 1997, but systematic long-term field failure data and durability under real conditions remain undocumented.","Between '97 and today, fifteen years, there's a billion feet of this stuff out there in American homes.",CS_Su2012_07,§5.p5,https://r-h-taylor.github.io/lectures/nLWgIwqPozE.html?q=Between%20%2797%20and%20today%2C%20fifteen%20years%2C%20there%27s%20a%20billion%20feet#l3-s5-p5
,3,measurement_gap,measurement,Measure the actual grounding effectiveness of CSST installations to understand why manufacturers blamed improper grounding for lightning-induced failures.,"Up through about 2007 they were laying this off on the plumbers, saying you didn't ground it... they told you to ground it to *their* ground, and their ground means you have to ground it to one of their fittings.",CS_Su2012_07,§7.p3,https://r-h-taylor.github.io/lectures/nLWgIwqPozE.html?q=Up%20through%20about%202007%20they%20were%20laying%20this%20off%20on%20the%20plumb#l3-s7-p3
,3,measurement_gap,processing,The friction coefficient behavior of glass lubricants at extreme forging temperatures lacks systematic characterization across material-temperature combinations.,"You spray on a glass frit, and people like Acheson Industries make different types of glass for different forging temperatures. You want a glass that's still viscous — more viscous than honey, but not so viscous that it's still brittle like glass.",DP_S2012_05,§8.p3,https://r-h-taylor.github.io/lectures/2-eiyScKx6A.html?q=You%20spray%20on%20a%20glass%20frit%2C%20and%20people%20like%20Acheson%20Industrie#l3-s8-p3
,3,measurement_gap,measurement,Improve end-region inspection techniques for seamless pipe to catch defects that automated eddy current cannot reach.,"The problem is, on the ends they couldn't do that because they had to grab it for the eddy current inspection. So the ends weren't inspected by eddy current, but they go in there with magnetic particle... They missed it.",DP_S2012_06,§3.p7,https://r-h-taylor.github.io/lectures/K4LxKVNarnM.html?q=The%20problem%20is%2C%20on%20the%20ends%20they%20couldn%27t%20do%20that%20because%20th#l3-s3-p7
,3,measurement_gap,measurement,Measure how Poisson's ratio varies directionally in anisotropic sheet metals while satisfying volume-conservation constraints.,"Poisson's ratio still has to average out to a half, but it's not the same in all directions. They all have to work out so there's no volume change.",DP_S2012_07,§9.p3,https://r-h-taylor.github.io/lectures/6TFtOotD1Dk.html?q=Poisson%27s%20ratio%20still%20has%20to%20average%20out%20to%20a%20half%2C%20but%20it%27s#l3-s9-p3
,3,measurement_gap,glass,Measure the actual tensile strength of freshly drawn glass fibers (claimed at 200 ksi) and track degradation over time as surface moisture exposure occurs.,"One of the secrets of fiberglass is they draw the fibers and coat them with epoxy or whatever plastic resin, and they keep the moisture away from attacking the surface of the glass, so those fibers maintain fantastic strength — 200 ksi if you could actually measure them.",DP_S2012_12,§9.p1,https://r-h-taylor.github.io/lectures/MXXmgVe2ryw.html?q=One%20of%20the%20secrets%20of%20fiberglass%20is%20they%20draw%20the%20fibers%20and#l3-s9-p1
,3,measurement_gap,measurement,"Quantify the actual heat transfer efficiency and boundary-layer dynamics when a flame heats a solid surface, since only 2–10% of theoretical combustion intensity reaches the steel.","The combustion intensity is the theoretical amount of heat coming out of that tube, but only two to ten percent of that heat actually gets into the steel. Ninety to ninety-eight percent of the heat is just blown off to the side.",FW_Su2013_01,§4.p3,https://r-h-taylor.github.io/lectures/v7P1NjmHnYQ.html?q=The%20combustion%20intensity%20is%20the%20theoretical%20amount%20of%20heat%20c#l3-s4-p3
,3,measurement_gap,measurement,Surface contamination from ambient dust and handling compromises weld quality in electron beam welding of high-value components.,I notice there are little white spots that were not there when I looked 15 seconds ago... it's raining dust in this room. All you need is a little dust spot or a fingerprint.,FW_Su2013_01,§8.p8,https://r-h-taylor.github.io/lectures/v7P1NjmHnYQ.html?q=I%20notice%20there%20are%20little%20white%20spots%20that%20were%20not%20there%20wh#l3-s8-p8
,3,measurement_gap,welding,"The exact split between conduction, convection, radiation, and electron-flow heating in welding arcs was measured by Metcalfe and Quigley but deserves re-examination or extension to different arc conditions.","Of the total heat, conduction is about 4%, convection is about 2% — this is all out of that paper by Metcalfe and Quigley — radiation is 1%, and the electron flow is about 50% of your total heat in the arc.",FW_Su2013_03,§5.p14,https://r-h-taylor.github.io/lectures/Fx3xPdMmlac.html?q=Of%20the%20total%20heat%2C%20conduction%20is%20about%204%25%2C%20convection%20is%20abo#l3-s5-p14
,3,measurement_gap,welding,Quantify the field enhancement factor at rough metal surfaces during arc initiation to explain why surface roughness facilitates Paschen breakdown.,"If you study surfaces, they're actually very rough, and you get an enhancement of the field at the surface peaks. They found you could get easier Paschen breakdown with rougher surfaces.",FW_Su2013_04,§3.p5,https://r-h-taylor.github.io/lectures/Aq3Q1CyX8uU.html?q=If%20you%20study%20surfaces%2C%20they%27re%20actually%20very%20rough%2C%20and%20you%20#l3-s3-p5
,3,measurement_gap,welding,Quantitative relationship between electrode tip misalignment (skew angle) and weld nugget quality and electrode wear rate needs systematic measurement.,"The big problem was, not that you couldn't get a thousand if everything was aligned — but if this came in skewed at an angle, so you're really making contact right at the edge, you get a real hot spot. That was destroying things — if you didn't put the tips on square.",FW_Su2013_05,§4.p1,https://r-h-taylor.github.io/lectures/zKu_AK_57lM.html?q=The%20big%20problem%20was%2C%20not%20that%20you%20couldn%27t%20get%20a%20thousand%20if#l3-s4-p1
,3,measurement_gap,processing,"No established method exists to remove bismuth from steel scrap through remelting, forcing a choice between contaminating the steel supply or abandoning bismuth-tin solders.","You can purify it out of the ore, but you can't get it out by just remelting the steel. There is no way to do it.",MSE_F2016_03,§5.p1,https://r-h-taylor.github.io/lectures/fje2ixY8cT0.html?q=You%20can%20purify%20it%20out%20of%20the%20ore%2C%20but%20you%20can%27t%20get%20it%20out%20b#l3-s5-p1
,3,measurement_gap,joining,"In-service inspection protocols for buried polymeric water and gas pipes are undefined, creating risk when replacing legacy metallic infrastructure.","Once it's in the ground, are you going to maintain it, are you going to leave it in place? You don't want to have to dig this stuff up every five years to inspect it. As you substitute from one material to another, how are you going to inspect this over time to make sure it's still functionally and structurally sound?",MSE_F2016_07,§2.p11,https://r-h-taylor.github.io/lectures/jkM0ewcY5SY.html?q=Once%20it%27s%20in%20the%20ground%2C%20are%20you%20going%20to%20maintain%20it%2C%20are%20y#l3-s2-p11
,3,measurement_gap,processing,The mechanism and timing of solidified skin formation in continuous casting molds—specifically how thin the solid layer can be before breakout occurs—are not well characterized.,"You have water-cooled copper molds — the blue stuff or purple, whatever the color, I'm colorblind. It forms the solidified skin against the copper, and it's still pliable enough that you can actually bend it, rather than cooling it straight down.",MSE_F2016_09,§8.p5,https://r-h-taylor.github.io/lectures/PQ0eDwKV51k.html?q=You%20have%20water-cooled%20copper%20molds%20%E2%80%94%20the%20blue%20stuff%20or%20purpl#l3-s8-p5
,3,measurement_gap,joining,Measure the actual strength degradation curve of 3M epoxy adhesive over time at room temperature to establish reliable shelf-life data for composite manufacturing.,"The strength of the epoxy that hasn't cured is starting to cure at room temperature as soon as you take it out of the refrigerator... the curve looks like that. When 3M had their bullet point, they were talking about 10 percent of the remaining strength after 10 days. NASA had assumed that 3M meant 80 or 90 percent of the strength.",MSE_F2016_12,§11.p5,https://r-h-taylor.github.io/lectures/Y7Uvlrhy9Nc.html?q=The%20strength%20of%20the%20epoxy%20that%20hasn%27t%20cured%20is%20starting%20to%20c#l3-s11-p5
,3,measurement_gap,measurement,Hydrogen permeability through graphite composite materials at cryogenic temperatures was measured with unreliable data; the original test conditions and methodology are unclear.,"They had done some tests of permeability of hydrogen through this graphite. Hydrogen diffuses through anything. They had done some tests at Stennis in Mississippi, and they had some numbers, but the numbers were fishy. When they went back to ask how they got the number, no one could tell them.",MSE_F2016_12,§12.p2,https://r-h-taylor.github.io/lectures/Y7Uvlrhy9Nc.html?q=They%20had%20done%20some%20tests%20of%20permeability%20of%20hydrogen%20through#l3-s12-p2
,3,measurement_gap,measurement,"Current NDT equipment cannot reliably detect cracks smaller than an eighth of an inch, creating a gap between detectable flaw size and actual critical flaw dimensions.","Typically we can detect flaws an eighth of an inch in size or larger, with about ninety percent accuracy. So if critical flaw size is two and a half inches, what do I have to worry about a half-inch flaw for?",MSE_F2017_03,§11.p4,https://r-h-taylor.github.io/lectures/Hwwodo_KbtM.html?q=Typically%20we%20can%20detect%20flaws%20an%20eighth%20of%20an%20inch%20in%20size%20o#l3-s11-p4
,3,measurement_gap,measurement,"Ratio analysis diagrams exist only for steel, aluminum, and titanium (driven by Navy submarine research); comparable diagrams for copper, nickel, and other materials have not been systematically constructed.",You could do one for copper or nickel... These are only ratio analysis diagrams.,MSE_F2017_04,§1.p6,https://r-h-taylor.github.io/lectures/d9ZqDMG93LQ.html?q=You%20could%20do%20one%20for%20copper%20or%20nickel...%20These%20are%20only%20rati#l3-s1-p6
,3,measurement_gap,measurement,Measure the permeability characteristics and long-term gas loss rates of multilayer plastic composites used in automotive fuel tanks.,"They still use those plastic composites now for gas tanks on cars, and they have a low enough permeability so people don't usually think about it. But you do have more permeability in plastics than in metals.",MSE_F2017_04,,
,3,measurement_gap,fatigue,The fatigue behavior of aluminum at very high cycle counts (10^8 and beyond) remains experimentally uncertain due to practical testing constraints.,"At one cycle a second on a fatigue machine, that's a year-long test. They've gone ten to the — well, they didn't do a hundred-year test, they go to higher frequencies. At 100 Hertz you can have machines that do it, but you have to start worrying about heating of the sample.",REC_F2018_01,§2.p4,https://r-h-taylor.github.io/lectures/aLn70m1IMnc.html?q=At%20one%20cycle%20a%20second%20on%20a%20fatigue%20machine%2C%20that%27s%20a%20year-lo#l3-s2-p4
,3,measurement_gap,joining,Joint compliance—the distinction between hard joints and soft joints and how they interact with bolt tensioning methods—shows variability (±20–40%) that warrants systematic investigation.,"hard joint, soft joints, which is the compliance of the joint, plus or minus 20 to 40 — that's the plus or minus 30 I mentioned.",REC_F2018_01,§7.p3,https://r-h-taylor.github.io/lectures/aLn70m1IMnc.html?q=hard%20joint%2C%20soft%20joints%2C%20which%20is%20the%20compliance%20of%20the%20join#l3-s7-p3
,3,measurement_gap,corrosion,Kinetics of dezincification in brasses used for plumbing fittings across different water types and corrosivity levels.,"What is eventually — a hundred years, a thousand years? These people are predicting a five-year lifetime in systems that are already 20 years old.",SMS_F2013_02,§3.p12,https://r-h-taylor.github.io/lectures/KfZ44zfZh6I.html?q=What%20is%20eventually%20%E2%80%94%20a%20hundred%20years%2C%20a%20thousand%20years%3F%20Thes#l3-s3-p12
,3,measurement_gap,joining,"The strength degradation curve of the structural adhesive over its ten-day shelf life was never fully characterized or communicated, leading to bond failures.","When they actually looked at the data behind it, the strength of the adhesive looked like this: at one day it was 100 percent strength, and at ten days it was about ten or twenty percent strength. So they were out at seven days in some cases. The bullet point said ten-day shelf life, but it didn't tell you you only have twenty percent strength at ten days.",SMS_F2013_03,§3.p9,https://r-h-taylor.github.io/lectures/v-PMrqbjY1A.html?q=When%20they%20actually%20looked%20at%20the%20data%20behind%20it%2C%20the%20strengt#l3-s3-p9
,3,measurement_gap,aluminum,"Aluminum 2025, the world's toughest aluminum alloy, has only one known application (propeller blades) despite its exceptional fracture toughness; other uses should be explored.","The toughest aluminum in the world is an aluminum called 2025... It's 15 times tougher than any other aluminum alloy, very low strength. I only know of one application: propeller blades.",SMS_F2013_04,§10.p6,https://r-h-taylor.github.io/lectures/JU7wcLlx-0E.html?q=The%20toughest%20aluminum%20in%20the%20world%20is%20an%20aluminum%20called%20202#l3-s10-p6
,3,measurement_gap,other,Quantify how moisture etching degrades fresh glass strength at the microscopic scale and timescale.,"freshly made glass, before it starts to get etched by the moisture in the air — it actually does on a microscopic scale, but it's so brittle these submicron imperfections destroy its strength.",SMS_F2013_09,§2.p3,https://r-h-taylor.github.io/lectures/RU6_LtJn3rY.html?q=freshly%20made%20glass%2C%20before%20it%20starts%20to%20get%20etched%20by%20the%20mo#l3-s2-p3
,3,measurement_gap,aluminum,Systematically measure dynamic stiffness of modern high-performance aluminum bat alloys under actual collision conditions rather than static compression.,"They're still going to the best aluminum alloys. Get on the web — it will give you the history of the last 30 years of how Alcoa has been developing the highest-strength aluminum alloys for bats, not for aircraft.",SMS_F2013_11,§7.p10,https://r-h-taylor.github.io/lectures/mW4QLNrtMho.html?q=They%27re%20still%20going%20to%20the%20best%20aluminum%20alloys.%20Get%20on%20the%20#l3-s7-p10
,3,measurement_gap,processing,The discovery of stress-corrosion cracks in pre-shelf washers suggests residual stress relief procedures may not be fully effective or may be incomplete in production.,"They started looking and found these things sitting on the shelf in Navy supply depots with stress-corrosion cracks in them — never been put in service, just the residual stresses from the original manufacture.",SMS_F2013_12,§3.p7,https://r-h-taylor.github.io/lectures/6UN5XMqMitk.html?q=They%20started%20looking%20and%20found%20these%20things%20sitting%20on%20the%20s#l3-s3-p7
,3,measurement_gap,aluminum,"Characterize the fusion line microstructure and mechanical properties in continuously cast clad aluminum sheets, particularly the extent of mixing at the casting interface.","For aluminum, the two fuse together. This is actually a fairly broad fusion line — a millimeter wide, and if you got in there you'd see a fair amount of mixing.",SMS_F2013_12,§4.p5,https://r-h-taylor.github.io/lectures/6UN5XMqMitk.html?q=For%20aluminum%2C%20the%20two%20fuse%20together.%20This%20is%20actually%20a%20fair#l3-s4-p5
,3,measurement_gap,other,The threshold concentration and kinetics of chlorine-induced decomposition in Delrin (polyacetal) are not documented; DuPont tested 200 solvents but never systematically characterized water sensitivity.,"The one solvent they didn't check — water. I'm not kidding. You read this paper, they never checked water. It turns out, if it's very pure water — in a nuclear reactor, water would be great, Delrin would last forever. But if it has half a part per million chlorine, it will start to decompose, and it will crack.",SMS_F2013_14,§9.p1,https://r-h-taylor.github.io/lectures/5N9jIr7LWPc.html?q=The%20one%20solvent%20they%20didn%27t%20check%20%E2%80%94%20water.%20I%27m%20not%20kidding.%20#l3-s9-p1
,3,measurement_gap,other,"The Westbrook plot's predictive validity has degraded over 10–15 years, raising questions about what structural and market forces have changed.","I never have been able to quite reproduce this plot over the last 10 or 15 years, but the usage slope is steeper than the iso-market slope.",SMS_F2014_03,§5.p7,https://r-h-taylor.github.io/lectures/S4pgiEDtq_o.html?q=I%20never%20have%20been%20able%20to%20quite%20reproduce%20this%20plot%20over%20the#l3-s5-p7
,3,measurement_gap,processing,Quantify the energy breakdown for copper extraction to isolate whether ore movement or chemical processing dominates the cost.,"Copper binds oxygen and sulfur less strongly than iron does — not much less, about the same. The bigger thing is just moving the rock, grinding and crushing it, and extracting.",SMS_F2014_04,§6.p8,https://r-h-taylor.github.io/lectures/ATL9_5gvx0k.html?q=Copper%20binds%20oxygen%20and%20sulfur%20less%20strongly%20than%20iron%20does%20#l3-s6-p8
,3,measurement_gap,corrosion,The mechanism by which acetic acid pre-treatment prevents paint flaking on galvanized steel remains unconfirmed; surface chemistry analysis is needed.,I haven't done Auger or X-ray photoelectron spectroscopy — I haven't cut out a sample to see if I've got zinc carbonate or zinc acetate there. But I think it's zinc acetate.,SMS_F2014_06,§10.p8,https://r-h-taylor.github.io/lectures/o0dXxWXRxvY.html?q=I%20haven%27t%20done%20Auger%20or%20X-ray%20photoelectron%20spectroscopy%20%E2%80%94%20I#l3-s10-p8
,3,measurement_gap,corrosion,A quantitative survey of the actual leak rate and failure distribution in buried steel gas and water pipes would ground infrastructure planning and material selection.,"We always do, because whenever we start moving the dirt around we always uncover the holes in the gas pipes. We're leaking gas all the time.",SMS_F2014_07,§6.p8,https://r-h-taylor.github.io/lectures/8oyoyjuDaaA.html?q=We%20always%20do%2C%20because%20whenever%20we%20start%20moving%20the%20dirt%20arou#l3-s6-p8
,3,measurement_gap,fracture,"Measure or model how grain boundaries in ceramic materials initiate or propagate as microcracks, contrasting with ductile metals where grain boundaries rarely cause fracture.","In ceramic materials the grain boundaries can become the crack. In metals with dislocations and movement and deformation, the finer the grain size the higher the strength of the metal — the reason is you get a pile-up of dislocations.",SMS_F2014_08,§10.p5,https://r-h-taylor.github.io/lectures/Y1trpj5Qki8.html?q=In%20ceramic%20materials%20the%20grain%20boundaries%20can%20become%20the%20cra#l3-s10-p5
,3,measurement_gap,measurement,The fundamental constraint preventing high-strength steel (>250 ksi) from wider use: critical flaw sizes drop below non-destructive testing detection limits.,"When we get into something like this, the smallest flaw you can reliably detect by non-destructive testing is about three millimeters. So we don't use steels in this region unless we're going to have a really tight inspection program.",SMS_F2014_09,§4.p7,https://r-h-taylor.github.io/lectures/oLNdcU9DXsY.html?q=When%20we%20get%20into%20something%20like%20this%2C%20the%20smallest%20flaw%20you%20#l3-s4-p7
,3,measurement_gap,processing,Nobody has systematically measured or characterized the surface-area dynamics and reaction kinetics between gaseous oxygen and liquid steel during BOF oxygen blowing.,You're shooting the oxygen in there and there's so much surface area between the gas and the liquid that you get a very rapid reaction.,SMS_F2014_10,§6.p2,https://r-h-taylor.github.io/lectures/5-Tvwlhq8UI.html?q=You%27re%20shooting%20the%20oxygen%20in%20there%20and%20there%27s%20so%20much%20surf#l3-s6-p2
,3,measurement_gap,glass,The minimum ion-exchange diffusion depth needed to prevent catastrophic failure in chemically tempered glass under field conditions is incompletely characterized.,"So they have to make it 50 microns deep, and that's why it takes hours to do... But on a hard material like glass, it's hard to scratch it three thousandths deep. You can, but if you do you're in trouble.",SMS_F2014_12,§3.p4,https://r-h-taylor.github.io/lectures/B9-65mAeOEE.html?q=So%20they%20have%20to%20make%20it%2050%20microns%20deep%2C%20and%20that%27s%20why%20it%20t#l3-s3-p4
,3,measurement_gap,measurement,"Eagar notes that ceramic flaw sizes are too small to inspect for reliably, making non-destructive evaluation impossible—a fundamental barrier to structural ceramic use.",the critical flaw size is so small because they're so brittle that you can't even inspect for it.,SMS_S2016_04,§6.p4,https://r-h-taylor.github.io/lectures/gVNm5XKccBw.html?q=the%20critical%20flaw%20size%20is%20so%20small%20because%20they%27re%20so%20brittl#l3-s6-p4
,3,measurement_gap,measurement,The mechanism and probability of electrical arc perforation in polyethylene-coated corrugated stainless tubing under lightning conditions has not been rigorously studied.,"The probability is very low. But in this case — I'll pass this around tomorrow — you can have a little holiday, a little tiny hole in the yellow coating. If the lightning strikes your structure, you'll blast a hole on the inside ten times the diameter of the little hole here.",SMS_S2016_07,§9.p5,https://r-h-taylor.github.io/lectures/9yU362dFVWM.html?q=The%20probability%20is%20very%20low.%20But%20in%20this%20case%20%E2%80%94%20I%27ll%20pass%20th#l3-s9-p5
,3,measurement_gap,measurement,"Ceramics fail catastrophically from microscopic flaws below the detection limit, making safe design impossible without a better inspection method.","The thing is, you can't inspect things down less than a millimeter in size in general. So you have no way of knowing whether your structure is going to catastrophically fail on you — you just have to hope that it won't, and a lot of people aren't willing to risk their life on hope.",SMS_S2016_09,§7.p8,https://r-h-taylor.github.io/lectures/65LCaH3Sgdw.html?q=The%20thing%20is%2C%20you%20can%27t%20inspect%20things%20down%20less%20than%20a%20mill#l3-s7-p8
,3,measurement_gap,other,Ice's fracture behavior and critical flaw sizes under realistic field conditions in Arctic structures are poorly characterized.,"Ice is a structural material. In the mid '50s, Professor Kingery in Ceramics had a big project to look at the strength of ice as a structural material. It didn't really become an important structural material until they started building the oil fields in Prudhoe Bay in Alaska.",SMS_S2016_10,§3.p3,https://r-h-taylor.github.io/lectures/BvoRq2U4FWg.html?q=Ice%20is%20a%20structural%20material.%20In%20the%20mid%20%2750s%2C%20Professor%20Kin#l3-s3-p3
,3,measurement_gap,fracture,"High-entropy alloys claim exceptional critical flaw sizes (40 inches) in published literature, but this vastly exceeds real-world materials; the measurement and validation of these claims needs scrutiny.",They're claiming that would be a 40 inch critical flaw size. Here are their high entropy alloys... most of the metals are about four inches; that's the largest critical flaw you can get.,SMS_S2016_10,§9.p1,https://r-h-taylor.github.io/lectures/BvoRq2U4FWg.html?q=They%27re%20claiming%20that%20would%20be%20a%2040%20inch%20critical%20flaw%20size.#l3-s9-p1
,3,measurement_gap,measurement,Direct measurement of carbon nanotube tensile strength under controlled conditions remains unmeasured despite decades of theoretical claims.,But who has ever measured the strength of a carbon nanotube? No one.,SSW_S2013_02,§9.p2,https://r-h-taylor.github.io/lectures/rF3eZtxWR4I.html?q=But%20who%20has%20ever%20measured%20the%20strength%20of%20a%20carbon%20nanotube%3F#l3-s9-p2
,3,measurement_gap,welding,Friction weld quality cannot be reliably inspected after joining; reproducibility is based only on process parameters and destructive testing of witness coupons.,"Once you've made that weld, it's very difficult to inspect it to make sure it's a good weld. All you really know is, did it collapse the right amount in the right amount of time on other welds that we made and destructively tested?",SSW_S2013_03,§8.p6,https://r-h-taylor.github.io/lectures/cQyB28XAsDA.html?q=Once%20you%27ve%20made%20that%20weld%2C%20it%27s%20very%20difficult%20to%20inspect%20i#l3-s8-p6
,3,measurement_gap,measurement,Spot welds in ultrasonic aluminum joints are surrounded by non-welded material and cannot be inspected to confirm adequate joining.,"That spot weld in that ultrasonic joint in aluminum, it's not very inspectable. Just think about it — surrounded by a crack. You have two sheets together and you weld one spot; well, there's a non-weld shrouding it 360 degrees. How do you inspect that and know that you've got the weld you want?",SSW_S2013_03,§8.p7,https://r-h-taylor.github.io/lectures/cQyB28XAsDA.html?q=That%20spot%20weld%20in%20that%20ultrasonic%20joint%20in%20aluminum%2C%20it%27s%20no#l3-s8-p7
,3,measurement_gap,measurement,"Quantify the time required for freshly fractured surfaces to become contaminated by atmospheric oxygen, CO₂, and moisture.","Does anyone know how long it takes for air to contaminate a surface? If I were to break a piece of chalk, how long would it take that freshly formed surface to get contaminated by air and CO₂ and moisture?",SSW_S2013_05,§6.p1,https://r-h-taylor.github.io/lectures/AD8vT3yI7Co.html?q=Does%20anyone%20know%20how%20long%20it%20takes%20for%20air%20to%20contaminate%20a%20#l3-s6-p1
,3,measurement_gap,joining,Quantitatively measure how interfacial energy varies with bonding type (metal–metal vs. metal–ceramic) to validate the claim that similar bonding types produce stronger bonds.,"Metal-metal bonds are going to be stronger than metal-ceramic bonds, whether covalent or ionic. I'm going to take advantage of that when I go into soldering and brazing, which is what we'll do tomorrow.",SSW_S2013_05,§9.p5,https://r-h-taylor.github.io/lectures/AD8vT3yI7Co.html?q=Metal-metal%20bonds%20are%20going%20to%20be%20stronger%20than%20metal-cerami#l3-s9-p5
,3,measurement_gap,processing,"Systematically characterize how phosphated steel surfaces retain lubricants compared to smooth surfaces, and measure the durability of calcium stearate films under cold-heading deformation.","They would phosphate the steel and then put calcium stearate — you know it as soap — which is a lubricant. Now the lubricant is in this thicker porous phosphated surface, so you're not just putting on a film.",SSW_S2013_07,§8.p3,https://r-h-taylor.github.io/lectures/lq2o9aQyxMo.html?q=They%20would%20phosphate%20the%20steel%20and%20then%20put%20calcium%20stearate#l3-s8-p3
,3,measurement_gap,joining,"Braze joint strength shows a dramatic thickness dependence (fivefold increase thin vs. thick), but the underlying triaxial stress mechanism needs mapping across joint geometries.",Braze joints can have a fivefold increase in tensile strength if they're a thousandth thick as opposed to five thousandths thick. It all has to do with this triaxial state of stress you can set up in very thin joints.,SSW_S2013_09,§4.p7,https://r-h-taylor.github.io/lectures/BVe8AzvbfyA.html?q=Braze%20joints%20can%20have%20a%20fivefold%20increase%20in%20tensile%20strengt#l3-s4-p7
,3,measurement_gap,joining,Degradation kinetics of hygroscopic tin and zinc chloride fluxes when exposed to ambient humidity—quantifying how quickly they lose fluxing capability.,"If you leave this flux out for 4 hours in Cambridge exposed to the air, it's no longer any good. It will pick up enough moisture from the air that the tin reacts with the moisture to form tin oxide and hydrochloric acid.",SSW_S2013_10,§7.p3,https://r-h-taylor.github.io/lectures/qxu-UXRIfhU.html?q=If%20you%20leave%20this%20flux%20out%20for%204%20hours%20in%20Cambridge%20exposed%20#l3-s7-p3
,3,measurement_gap,joining,Measure the rate of seal degradation in aluminum tube–brass ferrule connections under repeated heating cycles at commercial oven operating temperatures.,"This is an oven that operates at 500 degrees Fahrenheit — you've got a piece of stainless steel, and you've got an aluminum tube right beneath it with no insulation in between. This is in service for 12 years.",WIE_F2015_09,§7.p3,https://r-h-taylor.github.io/lectures/Dl9HqoG6vYk.html?q=This%20is%20an%20oven%20that%20operates%20at%20500%20degrees%20Fahrenheit%20%E2%80%94%20yo#l3-s7-p3
,3,measurement_gap,measurement,"Measure transformation kinetics below ~2 seconds, the current practical limit of quench-bath metallography.",They really couldn't get things less than about 2 seconds because the thing won't quench that quickly. So that's the dashed line.,WM_S2014_06,§5.p3,https://r-h-taylor.github.io/lectures/DTpmcRZY-gs.html?q=They%20really%20couldn%27t%20get%20things%20less%20than%20about%202%20seconds%20be#l3-s5-p3
,3,measurement_gap,welding,"The precise relationship between steel thickness, hydrogen concentration, temperature, and diffusion time to crack initiation has not been systematically mapped for practical weld geometries.","Now, it's a diffusion process and it takes some time. How much time it takes depends on how much hydrogen is present, the thickness of the steel, and a number of other things.",WM_S2014_08,§3.p2,https://r-h-taylor.github.io/lectures/PLoJwbIouJc.html?q=Now%2C%20it%27s%20a%20diffusion%20process%20and%20it%20takes%20some%20time.%20How%20mu#l3-s3-p2
,3,measurement_gap,welding,"Quantify the relationship between ambient temperature and the thickness of surface moisture layers on steel, to validate the 50°F preheat minimum.","There's a layer of moisture on that table as we're talking right now at room temperature. But as you get lower and lower in temperature toward the freezing point of water, that layer of moisture gets thicker and thicker. 50 degrees drives off enough moisture that they have found they don't get cracking by welding on steel that's above 50 degrees.",WM_S2014_13,§2.p2,https://r-h-taylor.github.io/lectures/W7Ak5m9UX3c.html?q=There%27s%20a%20layer%20of%20moisture%20on%20that%20table%20as%20we%27re%20talking%20r#l3-s2-p2
,3,measurement_gap,fatigue,Quantifying the actual stress state and fatigue limits in aluminum crankcase housings to establish whether the softness of 4043 filler is a genuine risk factor.,"No one's really done a big analysis on it, and they don't need to — these things are sort of proven by about seventy years of history.",WM_S2014_26,§3.p2,https://r-h-taylor.github.io/lectures/G5THU-givDs.html?q=No%20one%27s%20really%20done%20a%20big%20analysis%20on%20it%2C%20and%20they%20don%27t%20ne#l3-s3-p2
,3,measurement_gap,aluminum,Optimal anodized aluminum thickness for laser absorption in surgical instruments lies between 6–10 microns but requires more precise characterization.,somewhere between six and ten microns was the best. I actually calculated that from the wavelength of the light.,WM_S2014_26,§6.p5,https://r-h-taylor.github.io/lectures/G5THU-givDs.html?q=somewhere%20between%20six%20and%20ten%20microns%20was%20the%20best.%20I%20actual#l3-s6-p5
,3,measurement_gap,titanium,Measure the quantitative relationship between oxygen/nitrogen/carbon impurity levels and titanium alloy strength and ductility across the full practical range.,"If you start looking at impurity elements, which is important in titanium — oxygen, nitrogen, and carbon — the strength goes up from about 40 ksi up to a hundred ksi with 2000 parts per million oxygen.",WM_S2014_28,§4.p2,https://r-h-taylor.github.io/lectures/g7tCGetxxRQ.html?q=If%20you%20start%20looking%20at%20impurity%20elements%2C%20which%20is%20importan#l3-s4-p2
,3,measurement_gap,corrosion,"The 1958 DuPont Delrin solvent-resistance study omitted water testing, leaving a gap in understanding how chlorinated potable water degrades polyformaldehyde under service stresses.","The 1958 paper, the one solvent they didn't test the material in was water. They actually never tested it in water. They tested all these organics, and they figured the water wouldn't corrode it — this was the plumbing material of the future.",WM_Su2014_05,§8.p7,https://r-h-taylor.github.io/lectures/ZWgkUrtyK-4.html?q=The%201958%20paper%2C%20the%20one%20solvent%20they%20didn%27t%20test%20the%20materia#l3-s8-p7
,3,measurement_gap,corrosion,Quantify how wet-dry cycling accelerates carbon steel corrosion as a function of chloride concentration and humidity cycling parameters.,"Wet-dry conditions can accelerate the corrosion. I told you the typical corrosion rate of carbon steel is about four thousandths a year, and it could be ten thousandths. This really depends on how many chlorides you also have around.",WM_Su2014_06,§5.p2,https://r-h-taylor.github.io/lectures/IUNJxDpWC7M.html?q=Wet-dry%20conditions%20can%20accelerate%20the%20corrosion.%20I%20told%20you%20#l3-s5-p2
,3,measurement_gap,hydrogen,The solubility difference between monatomic and diatomic hydrogen in steel is poorly documented and may explain why arc welding generates excessive hydrogen despite thermodynamic predictions.,There is a plot — maybe I can find it in Kou's book — of the difference between the solubility of hydrogen as monatomic versus diatomic.,WM_Su2014_14,§5.p5,https://r-h-taylor.github.io/lectures/Rn3Lc-rXdOc.html?q=There%20is%20a%20plot%20%E2%80%94%20maybe%20I%20can%20find%20it%20in%20Kou%27s%20book%20%E2%80%94%20of%20the#l3-s5-p5
,3,measurement_gap,welding,"Map the relationship between electrode moisture content, flux composition, and dissolved hydrogen levels across different welding processes and electrode types.","You can have a wide range of moisture in the flux coating. Typically really good electrodes are 0.4 percent moisture, very extra dry electrodes are 0.2, and so you could easily get 5 or 6 parts per million hydrogen in typical mild steel welding.",WM_Su2014_15,§3.p3,https://r-h-taylor.github.io/lectures/RZYwHNnIbzg.html?q=You%20can%20have%20a%20wide%20range%20of%20moisture%20in%20the%20flux%20coating.%20T#l3-s3-p3
,3,measurement_gap,welding,"Quantitative relationship between wire diameter, surface contamination, and hydrogen absorption in shielded metal arc welding deserves systematic measurement.","They had done all kinds of hydrogen tests on the wires — there'll be some residual high hydrogen. I plotted this, and I found the highest hydrogen in the smallest wire, next highest in the middle, and least in the largest.",WM_Su2014_15,§5.p6,https://r-h-taylor.github.io/lectures/RZYwHNnIbzg.html?q=They%20had%20done%20all%20kinds%20of%20hydrogen%20tests%20on%20the%20wires%20%E2%80%94%20the#l3-s5-p6
,3,measurement_gap,processing,"Quantify baseline hydrogen pickup during normal steel mill operations under realistic conditions (rain, wet scrap, furnace ingestion).","I was at a steel mill once and it was raining outdoors. The magnetic crane grabbed about five or ten tons of scrap and was moving it indoors to put it into the hot furnace. Water was just pouring out of it into the steel furnace. Okay, so that's how you get three parts per million hydrogen in your steel.",WM_Su2014_16,§3.p2,https://r-h-taylor.github.io/lectures/e6E3olVXKQM.html?q=I%20was%20at%20a%20steel%20mill%20once%20and%20it%20was%20raining%20outdoors.%20The%20#l3-s3-p2
,3,measurement_gap,welding,The precise relationship between heat source power density and distortion magnitude across different welding processes lacks systematic characterization.,"If you look at density of the heat source versus distortion, you'll find that it varies in that manner. Here's something else out of this book, looking at gas tungsten arc welding, which makes a very v-shaped weld, versus electron beam welding. The distortion angle alpha goes from near zero to very high values depending on the thickness of the material.",WM_Su2014_18,§2.p5,https://r-h-taylor.github.io/lectures/CBSri-H9tUE.html?q=If%20you%20look%20at%20density%20of%20the%20heat%20source%20versus%20distortion%2C#l3-s2-p5
,3,measurement_gap,welding,"No clear quantitative criteria exist to define the minimum preheat duration needed in high-altitude, cold, wet conditions before preheating becomes ineffective.","They probably got their torch out and used their little template stick: oh, we got the outside to 150 degrees, which was their preheat temperature. That probably lasted all of four or five minutes once you took the torch away.",WM_Su2014_20,§3.p9,https://r-h-taylor.github.io/lectures/qBeTbWLRrVo.html?q=They%20probably%20got%20their%20torch%20out%20and%20used%20their%20little%20temp#l3-s3-p9
,3,measurement_gap,welding,The long-term service behavior of stainless steel filler in chromoly welds remains empirically unvalidated for high-temperature boiler applications.,"Found out from ten years before that if you weld it with stainless steel it'll be fine for the first ten years, then it'll crack, because you'll get carbides going into the stainless steel.",WM_Su2014_20,§4.p3,https://r-h-taylor.github.io/lectures/qBeTbWLRrVo.html?q=Found%20out%20from%20ten%20years%20before%20that%20if%20you%20weld%20it%20with%20sta#l3-s4-p3
,3,measurement_gap,welding,"Depth-dependent changes in weld pool geometry and thermal profile (broad at 1 atm, narrower at 20–30 atm) lack systematic empirical characterization below 100 feet.","If you were to make a bead-on-plate weld at one atmosphere it looks like that; an underwater weld at greater depths might look like that, because the arc up here is much tighter. At one atmosphere it's broad; at 20 or 30 atmospheres it's narrower, and you get a different shape weld pool. If you get down 500 feet or so you actually start seeing differences.",WM_Su2014_25,§2.p3,https://r-h-taylor.github.io/lectures/0wUIpk_5BRY.html?q=If%20you%20were%20to%20make%20a%20bead-on-plate%20weld%20at%20one%20atmosphere%20i#l3-s2-p3
,3,measurement_gap,aluminum,The boundary condition at which aluminum thickness transitions from distortion-dominant to residual-stress-dominant behavior (claimed to be around 3/8 inch) lacks experimental validation across different alloys and joint configurations.,"three-eighths is kind of the worst of both — the worst distortion. Very thin is not a lot of stress or distortion. Three-eighths is the worst distortion. Thicker than that, you've got lots of residual stress.",WM_Su2014_27,§8.p4,https://r-h-taylor.github.io/lectures/dy4fI6J1gFo.html?q=three-eighths%20is%20kind%20of%20the%20worst%20of%20both%20%E2%80%94%20the%20worst%20disto#l3-s8-p4
,3,measurement_gap,aluminum,No established method exists to apply mechanical stress relief (stretching or compression) to thin washer geometries to prevent stress corrosion cracking after reheat treatment.,How do you stretch a washer to relieve residual stresses? Kind of hard to grip something that thick. What they could have done was a compression stress relief — a T-62.,WM_Su2014_28,§4.p4,https://r-h-taylor.github.io/lectures/XI3NzU5YHIQ.html?q=How%20do%20you%20stretch%20a%20washer%20to%20relieve%20residual%20stresses%3F%20Ki#l3-s4-p4
,3,measurement_gap,other,The hysteresis and energy loss mechanisms in baseballs during collision with bat materials need systematic characterization.,"The only problem in all this analysis is the ball has a lot of hysteresis because it's got lots of fiber and other stuff if you cross-section a baseball, and it's got rubber cores and things, and that stuff has a lot of frictional or energy loss. So there's a hysteresis in the ball. There's not much hysteresis in the metal — it's pretty much linear.",WM_Su2014_29,§1.p6,https://r-h-taylor.github.io/lectures/d-QWemzw5KI.html?q=The%20only%20problem%20in%20all%20this%20analysis%20is%20the%20ball%20has%20a%20lot%20#l3-s1-p6
,3,measurement_gap,aluminum,The mechanical property variation within and across aluminum mill lots lacks systematic characterization as a function of processing parameters.,"One of the problems you have is the strength variation, both within a lot and among many lots. This high peak here is, say, 180 specimens from a single sheet of aluminum — a fairly narrow distribution of heat-treated properties. This is for 4300 samples from many sheets just coming out of the mill, a wider distribution of properties.",WM_Su2014_31,§2.p1,https://r-h-taylor.github.io/lectures/c62G8QyDL3o.html?q=One%20of%20the%20problems%20you%20have%20is%20the%20strength%20variation%2C%20both#l3-s2-p1
,3,measurement_gap,fatigue,Aluminum alloy fatigue and fracture data exist for bare material but systematic characterization of fatigue behavior in welded joints across thickness and product form is incomplete.,"There are tables after tables of stress intensity factors and fatigue curves. [...] They also give you the properties as a function of thickness of the material. It doesn't change a lot. But if you're trying to be really weight-critical, particularly on spacecraft, another one ksi — one or two percent — could make a difference.",WM_Su2014_31,§2.p5–p7,https://r-h-taylor.github.io/lectures/c62G8QyDL3o.html?q=There%20are%20tables%20after%20tables%20of%20stress%20intensity%20factors%20an#l3-s2-p5
,3,measurement_gap,titanium,The relationship between weld color appearance and subsurface contamination (oxygen/nitrogen) in titanium needs quantification—color standards exist but physical basis for acceptability limits is unclear.,"They have acceptability of colors, which is what you'll find in the welding handbook — if you Google titanium welding. They have bright silver — you can see the ones I passed around, nice silvery weld metal with proper argon shielding. Silver, light straw, violet, blue, and white. This is titanium oxide — you just get a powder on the surface.",WM_Su2014_34,§3.p3,https://r-h-taylor.github.io/lectures/1s_KEnbkpmQ.html?q=They%20have%20acceptability%20of%20colors%2C%20which%20is%20what%20you%27ll%20find#l3-s3-p3
,3,measurement_gap,welding,Eagar identifies a critical gap in understanding how different rubber hose materials and permeability affect shielding gas moisture content during titanium welding.,"Different types of rubber hoses have different permeability for moisture, and if you just use natural rubber or neoprene or PVC, you're liable to get enough permeation of moisture right through your hose.",WM_Su2014_34,§4.p2,https://r-h-taylor.github.io/lectures/1s_KEnbkpmQ.html?q=Different%20types%20of%20rubber%20hoses%20have%20different%20permeability%20#l3-s4-p2
,3,measurement_gap,aluminum,Real-time thickness measurement across the full length of heavy aluminum plates during hot rolling is not standard practice; current single-point micrometer measurements miss the spatial variation.,"They measured the thickness by a guy bringing up a little wooden step stool with a micrometer, getting up there on the hot mill, and measuring the thickness with a micrometer while it's still hot... at one spot. Julie does a survey across the plate along the whole length — this might be 40 feet long.",WM_Su2014_34,§8.p2,https://r-h-taylor.github.io/lectures/1s_KEnbkpmQ.html?q=They%20measured%20the%20thickness%20by%20a%20guy%20bringing%20up%20a%20little%20wo#l3-s8-p2
,3,measurement_gap,processing,Quantify the relationship between solar heating-induced thermal distortion and welding tolerance requirements in large ships to improve predictive models for real-time compensation.,"And when the sun comes out, or a cloud goes in front of the sun, the whole ship changes shape from solar heating. And you have to weld these things so that there's not a bunch of mismatch.",WM_Su2015_03,§6.p3,https://r-h-taylor.github.io/lectures/_JAsjrPvjxs.html?q=And%20when%20the%20sun%20comes%20out%2C%20or%20a%20cloud%20goes%20in%20front%20of%20the%20#l3-s6-p3
,3,measurement_gap,fatigue,Establish fatigue cycle accumulation rates and inspection schedules specific to high-cycle regional operations rather than fleet-wide averages.,"Boeing had requirements for inspection after so many hours, increasing inspection requirements after so many hours, but it was for the fleet on average. They were taking averages for the whole world of 737s, not for Hawaii.",WM_Su2015_07,§9.p2,https://r-h-taylor.github.io/lectures/GYtCQg57RNU.html?q=Boeing%20had%20requirements%20for%20inspection%20after%20so%20many%20hours%2C%20#l3-s9-p2
,3,measurement_gap,hydrogen,"Hydrogen embrittlement data at room temperature in notched tensile tests shows scatter that may mask real trends, and hydrogen-free baseline data quality is uncertain.","I don't know if there's really good data for that. He may have actually had a little bit of hydrogen in the hydrogen-free samples. There's scatter around this curve, and I bet the scatter is as great as the slope.",WM_Su2015_08,§7.p4,https://r-h-taylor.github.io/lectures/NLgwLkKhVoU.html?q=I%20don%27t%20know%20if%20there%27s%20really%20good%20data%20for%20that.%20He%20may%20ha#l3-s7-p4
,3,measurement_gap,fracture,The kinetics and progression of delayed cracking in formed stainless steel (how cracks initiate and propagate over time under residual stress) would benefit from systematic measurement.,"The cracking occurs within a week. These cracks have gotten longer over time, because you've got the residual stress.",WM_Su2015_10,§4.p6,https://r-h-taylor.github.io/lectures/OszzaQpMV50.html?q=The%20cracking%20occurs%20within%20a%20week.%20These%20cracks%20have%20gotten%20#l3-s4-p6
,3,measurement_gap,measurement,Quantifying the magnitude and distribution of triaxial residual stresses in thick complex submarine structures to validate stress-relief requirements.,"In a complex three-dimensional structure you can have triaxial stresses. You can have HY-100 [steel] with stresses of 120, 130 ksi in a complex shape.",WM_Su2015_11,§3.p3,https://r-h-taylor.github.io/lectures/gVeVr4WnhTE.html?q=In%20a%20complex%20three-dimensional%20structure%20you%20can%20have%20triaxi#l3-s3-p3
,3,measurement_gap,other,No reliable measurement exists for predicting bolt loosening under combined field vibration and highway transport conditions in diesel engine assemblies.,"Everybody agrees, this bolt allowed the diesel fuel from the engine to get out, found an ignition source, and started a fire... The attorney for the defense of the manufacturer's theory is, when they put it on the flatbed trailer to move it down the highway, that's when the bolt vibrated loose.",WM_Su2015_11,§5.p2–p3,https://r-h-taylor.github.io/lectures/gVeVr4WnhTE.html?q=Everybody%20agrees%2C%20this%20bolt%20allowed%20the%20diesel%20fuel%20from%20the#l3-s5-p2
,3,measurement_gap,steel,A systematic study of how prolongation test specimens capture (or fail to capture) the actual mechanical properties of large steel forgings used in pressure vessels.,"Later on, we found out the steel wasn't quite up to snuff, okay... But when you make a big forging like this, you can't go cutting pieces out of the big piece. So you use what they call a prolongation: the forging has a little end on it that you're supposed to cut off and make all your test specimens, so you know the properties of the steel are okay.",WM_Su2015_13,§5.p5,https://r-h-taylor.github.io/lectures/Lfnk639q2PI.html?q=Later%20on%2C%20we%20found%20out%20the%20steel%20wasn%27t%20quite%20up%20to%20snuff%2C%20o#l3-s5-p5
,3,measurement_gap,corrosion,Water chemistry conditions that promote pitting corrosion in high-strength steels used in pressure vessels remain poorly characterized.,"They were using some molybdenum oxide inhibitors in the recirculator for corrosion protection, and it turns out it pitted this steel. They didn't know it, because the whole thing was water-cooled in an outside jacket — no way to look at it.",WM_Su2015_13,§5.p8–p9,https://r-h-taylor.github.io/lectures/Lfnk639q2PI.html?q=They%20were%20using%20some%20molybdenum%20oxide%20inhibitors%20in%20the%20reci#l3-s5-p8
,3,measurement_gap,aluminum,The detailed precipitation kinetics of aluminum-copper phases at room temperature over decades or centuries remain largely undocumented.,"They once did a study of the Wright brothers' engine, the one in the Smithsonian. Someone took a little sample off, ran it under the scanning electron microscope, and looked at how the aluminum-copper precipitates had grown over a hundred years.",WM_Su2015_15,§3.p4,https://r-h-taylor.github.io/lectures/lOpCROJ1OA4.html?q=They%20once%20did%20a%20study%20of%20the%20Wright%20brothers%27%20engine%2C%20the%20on#l3-s3-p4
,3,measurement_gap,aluminum,Characterize and reduce the property scatter in heat-treated aluminum alloys to enable tighter control of weld filler wire composition and avoid undermatching.,"Out of these specimens — 4,292 tests — forty percent of them had a very narrow distribution of yield strengths... because of the range of variability they got something more like an HY80 filler wire. They needed tighter hydrogen control, they didn't have that, and they welded up eighteen percent of the ship with a filler wire that was a little too low strength.",WM_Su2015_16,§7.p1,https://r-h-taylor.github.io/lectures/EMfCc1mG6M4.html?q=Out%20of%20these%20specimens%20%E2%80%94%204%2C292%20tests%20%E2%80%94%20forty%20percent%20of%20them#l3-s7-p1
,3,measurement_gap,welding,Experimental characterization of how flux-coated surfaces alter weld pool convection patterns specifically in titanium (versus the well-studied stainless steel case) is lacking.,"There was a lot of research done on this for stainless steels in the early '70s... People started doing — they're doing research on this in the '70s, less about titanium.",WM_Su2015_17,§6.p11,https://r-h-taylor.github.io/lectures/0II4lgNStTY.html?q=There%20was%20a%20lot%20of%20research%20done%20on%20this%20for%20stainless%20steel#l3-s6-p11
,3,open_problem,additive manufacturing,Powder bed additive manufacturing leaves behind defects after densification; the mechanism and severity of these defects need characterization.,"The problem with powder bed process is, it's 50 percent void, so it shrinks by 50 percent when you densify it. That leaves behind defects, so if you look on that broken piece you'll see the defects.",AM_F2019_01,§11.p4,https://r-h-taylor.github.io/lectures/01D4_i5L5gk.html?q=The%20problem%20with%20powder%20bed%20process%20is%2C%20it%27s%2050%20percent%20void#l3-s11-p4
,3,open_problem,processing,"Surface tension causes metals to ball up during laser or electron beam melting in additive manufacturing, creating difficult-to-remove defects whose root mechanisms remain poorly characterized.","metals have a higher surface tension than any other material. It has to do with the chemical bonding. They have surface energies four times that of — sometimes ten times that of — most ceramics, and therefore they want to ball up. Once they start to ball up, it's very difficult when you're doing this laser surface melting or electron beam melting — it's very difficult to get rid of the defect.",AM_F2019_02,§6.p2,https://r-h-taylor.github.io/lectures/80LMn6GeJDM.html?q=metals%20have%20a%20higher%20surface%20tension%20than%20any%20other%20material#l3-s6-p2
,3,open_problem,measurement,How to incorporate additive manufacturing into qualification testing without requiring full-scale tensile bars for every geometry.,"They have to have real tensile bars, they can't just do a hardness test and infer the strength. They haven't gotten that far on how to incorporate additive manufacturing into those things.",AM_F2019_02,§7.p12,https://r-h-taylor.github.io/lectures/80LMn6GeJDM.html?q=They%20have%20to%20have%20real%20tensile%20bars%2C%20they%20can%27t%20just%20do%20a%20ha#l3-s7-p12
,3,open_problem,processing,Graphene production and stabilization methods remain unsolved—how to produce it efficiently and keep atomic-scale carbon sheets stable in processing without aggregating.,"Number one, it's difficult to produce. Number two, it's difficult to stabilize, because these little carbon sheets that are atomic size barely — they have a lot of surface energy and they don't want to be just little specks of two-dimensional carbon floating in some medium. So people have to stabilize them somehow.",AM_F2019_03,§3.p4,https://r-h-taylor.github.io/lectures/zoBMgVdELNc.html?q=Number%20one%2C%20it%27s%20difficult%20to%20produce.%20Number%20two%2C%20it%27s%20diff#l3-s3-p4
,3,open_problem,processing,Splat-cooled amorphous metals cannot be consolidated into bulk shapes or transformer cores—only thin flakes are achievable.,"The problem is, you couldn't make amorphous metal transformers, you couldn't make cores or anything of any substance from a splat-cooled metal. All you had was a metal splat.",AM_F2019_03,§4.p2,https://r-h-taylor.github.io/lectures/zoBMgVdELNc.html?q=The%20problem%20is%2C%20you%20couldn%27t%20make%20amorphous%20metal%20transforme#l3-s4-p2
,3,open_problem,processing,No one has systematically studied how to make carbon fiber precursors more efficient by reducing the raw material waste burned off during fiber production.,"Carbon fiber is extremely strong, but in order to get there you have to take a precursor and burn away half its raw material content. That would be one thing that you need to do to get the cost down.",AM_F2019_03,§7.p5,https://r-h-taylor.github.io/lectures/zoBMgVdELNc.html?q=Carbon%20fiber%20is%20extremely%20strong%2C%20but%20in%20order%20to%20get%20there%20#l3-s7-p5
,3,open_problem,measurement,The wear behavior of integrated eyeglass hinges with rough surfaces has not been characterized despite widespread commercial adoption.,"We have a surface roughness like this — oh, we can put three parts together and turn it into one part, the hinge pin — and the article talks about how people won't have problems with it, it'll all be integrated together. But with a surface roughness like that, what do you think the wear properties of that hinge are going to be?",AM_F2019_03,§10.p2,https://r-h-taylor.github.io/lectures/zoBMgVdELNc.html?q=We%20have%20a%20surface%20roughness%20like%20this%20%E2%80%94%20oh%2C%20we%20can%20put%20three#l3-s10-p2
,3,open_problem,titanium,Understanding why defects in triple-melted titanium alloys still control material properties despite the purification process.,"They triple-melt them to get rid of the defects, but the defects still control the properties of the thing.",AM_F2019_04,§1.p1,https://r-h-taylor.github.io/lectures/34yHQb_oLxk.html?q=They%20triple-melt%20them%20to%20get%20rid%20of%20the%20defects%2C%20but%20the%20def#l3-s1-p1
,3,open_problem,additive,Surface roughness of powder bed fusion parts prevents tight clearances needed for precision mechanisms like eyeglass hinges; unclear whether post-processing or process changes could solve this economically.,"But do you think people really want a hinge with that surface roughness? It's got to be polished up, particularly if one of the hinge pins is this thing. You don't want it flopping around, and with surface roughness like that, you're not going to have the tight clearances you need for an eyeglass.",AM_F2019_05,§2.p2,https://r-h-taylor.github.io/lectures/NthuyNkWUII.html?q=But%20do%20you%20think%20people%20really%20want%20a%20hinge%20with%20that%20surfac#l3-s2-p2
,3,open_problem,processing,"Sintering of complex geometries produces non-uniform defects across different regions due to varying sintering rates, and no solution exists for this fundamental problem.","They've never solved that problem. And we knew they never would when they invested the four hundred and twenty million dollars. When they signed those papers before they ever did the experiment, anyone who had ever worked on powder metallurgy or powder ceramics knew that part of the process was an Achilles heel. They have no solution for that.",AM_F2019_05,§3.p7,https://r-h-taylor.github.io/lectures/NthuyNkWUII.html?q=They%27ve%20never%20solved%20that%20problem.%20And%20we%20knew%20they%20never%20wo#l3-s3-p7
,3,open_problem,processing,"High surface tension effects in metals cause defects on sintered part surfaces, particularly preventing straight edges and fine surface details from being maintained during sintering.","There are certain surface tension effects in metals, and remember, metals have higher surface energies than any other material, by about a factor of three. Those surface tension effects will lead to all kinds of defects in the sintered part on the surface.",AM_F2019_05,§3.p5,https://r-h-taylor.github.io/lectures/NthuyNkWUII.html?q=There%20are%20certain%20surface%20tension%20effects%20in%20metals%2C%20and%20rem#l3-s3-p5
,3,open_problem,processing,Molten metal spatter defects in directed energy deposition remain poorly characterized despite their obvious impact on surface quality and density.,"except you've got all this little spatter of molten metal drops that land on the surface and introduce defects. Should it be a hundred percent dense? You can get close to a hundred percent if you go slow enough. If you try to go fast, you start getting molten metal spatter all over the place.",AM_F2019_05,§4.p2,https://r-h-taylor.github.io/lectures/NthuyNkWUII.html?q=except%20you%27ve%20got%20all%20this%20little%20spatter%20of%20molten%20metal%20dr#l3-s4-p2
,3,open_problem,welding,Heat transfer phenomena and process control in wire-fed directed-energy deposition remain understudied despite their relevance to large-scale additive manufacturing.,"If you go to directed-energy deposition, there's powder and wire deposition. My technical community where I got my tenure was welding. This is the types of stuff that I would do research on and look at heat transfer and whatnot.",AM_F2019_06,§3.p3,https://r-h-taylor.github.io/lectures/3MdL3fmW5NQ.html?q=If%20you%20go%20to%20directed-energy%20deposition%2C%20there%27s%20powder%20and%20#l3-s3-p3
,3,open_problem,processing,"Binder-jetting powder shrinkage during sintering prevents precision aerospace applications, yet manufacturers claim automotive viability without solving this fundamental limitation.","If I come to the conclusion that aerospace manufacturing is a sweet spot and I need ultra precision for the aerospace market, I don't think the powder shrink as a sintering process is any good for that.",AM_F2019_06,§6.p2,https://r-h-taylor.github.io/lectures/3MdL3fmW5NQ.html?q=If%20I%20come%20to%20the%20conclusion%20that%20aerospace%20manufacturing%20is%20#l3-s6-p2
,3,open_problem,processing,"Compressor blade geometry control via binder jetting (shrinkage, balance tolerances for 30,000 rpm operation) remains unsolved compared to traditional casting.","This really doesn't have great geometry control. I mean it looks good, but balancing this — because it's going to spin at 30,000 rpm — for something that diameter it's got to be balanced, folks, it's not going to be easy. Typically we cast these things; we don't do it by additive manufacturing.",AM_F2019_06,§5.p1,https://r-h-taylor.github.io/lectures/3MdL3fmW5NQ.html?q=This%20really%20doesn%27t%20have%20great%20geometry%20control.%20I%20mean%20it%20l#l3-s5-p1
,3,open_problem,joining,Composite repair methods in aerospace remain poorly developed despite widespread need in service.,"if you can figure out how to repair those composite structures, because that's one of the big Achilles heels for composites in aerospace. We can make them, but we sure don't know how to repair them very well, and they do get dinged up every now and then.",AM_F2019_06,§8.p3,https://r-h-taylor.github.io/lectures/3MdL3fmW5NQ.html?q=if%20you%20can%20figure%20out%20how%20to%20repair%20those%20composite%20structur#l3-s8-p3
,3,open_problem,aluminum,Aluminum particle joining in additive manufacturing is fundamentally difficult due to surface oxide barriers.,Because aluminum has an oxide and it's hard enough to weld. Try to take little particles of it and join them together is going to be extremely difficult.,AM_F2019_06,§8.p3,https://r-h-taylor.github.io/lectures/3MdL3fmW5NQ.html?q=Because%20aluminum%20has%20an%20oxide%20and%20it%27s%20hard%20enough%20to%20weld.%20#l3-s8-p3
,3,open_problem,processing,"Internal residual stresses from thermal cycling cause parts to tear along layer lines and at weak fusion zones, but optimization of build parameters, orientation, and support design to prevent this remains incompletely understood.","Parts manufactured with a lot of additive manufacturing processes will literally tear themselves in half, especially along layer lines where there may not be great fusion and strength. So this is a large factor when you're thinking about how to design parts for the process, how to orient parts within a build, how to support them, how to optimize parameters.",AM_F2019_07,§6.p1,https://r-h-taylor.github.io/lectures/3OKF32hmiMs.html?q=Parts%20manufactured%20with%20a%20lot%20of%20additive%20manufacturing%20proc#l3-s6-p1
,3,open_problem,processing,Thermal management strategy for printing on cold substrates remains unsolved and is geometry-dependent.,"It's really hard to get good fusion to a cold plate with molten metal. So we're playing with ideas like, do you heat up the plate, do you heat up the whole chamber, to maintain that thermal environment and reduce the thermal gradients. It's something we're still figuring out, and it's very geometry specific.",AM_F2019_07,§7.p6,https://r-h-taylor.github.io/lectures/3OKF32hmiMs.html?q=It%27s%20really%20hard%20to%20get%20good%20fusion%20to%20a%20cold%20plate%20with%20mol#l3-s7-p6
,3,open_problem,processing,Residual stress and cracking behavior in larger parts printed via Joule heating needs investigation.,"When they started doing this about fifteen months ago, the big problem was keeping the heat in the metal. They weren't getting the diffusion, then we were getting porosity in the final layers... But you're going to have some problems with residual stresses eventually. They could not make that as a six-inch by six-inch part without getting cracks.",AM_F2019_07,§7.p7,https://r-h-taylor.github.io/lectures/3OKF32hmiMs.html?q=When%20they%20started%20doing%20this%20about%20fifteen%20months%20ago%2C%20the%20b#l3-s7-p7
,3,open_problem,processing,Understand thermal dynamics and dimensional stability when machining freshly printed metal parts that are still cooling or thermally stressed.,"A lot of times you have to do a final machining step to get to really accurate tolerances, so doing machining to a somewhat hot part — you could have a molten metal part, so you have to wait for it to cool to a certain degree until you can machine it. But you're still dealing with all these thermal stresses, trying to machine in process. Then at the final part you're probably going to have to stress-relieve, and when you stress-relieve it's going to move, and you're going to have to machine it again.",AM_F2019_07,§10.p2,https://r-h-taylor.github.io/lectures/3OKF32hmiMs.html?q=A%20lot%20of%20times%20you%20have%20to%20do%20a%20final%20machining%20step%20to%20get%20#l3-s10-p2
,3,open_problem,processing,The mechanism by which rolling parameters cause centerline splitting in aluminum plate remains unexplained.,"This is a mistake in rolling. They rolled this half-inch aluminum plate, and because of the way they rolled it, it split right down the center.",CAS_Su2011_01,§1.p2,https://r-h-taylor.github.io/lectures/-ik0iQKJHV4.html?q=This%20is%20a%20mistake%20in%20rolling.%20They%20rolled%20this%20half-inch%20alu#l3-s1-p2
,3,open_problem,other,Why Carolina live oak was structurally superior to other oak species used in shipbuilding remains unexplained.,It was Carolina live oak. There is now a society to preserve the Carolina live oak because it's stronger than any other oak in the world. That's why Old Ironsides survived and they said the cannon just bounced off — because it was the strongest wood.,CAS_Su2011_01,§4.p6,https://r-h-taylor.github.io/lectures/-ik0iQKJHV4.html?q=It%20was%20Carolina%20live%20oak.%20There%20is%20now%20a%20society%20to%20preserve#l3-s4-p6
,3,open_problem,other,"The long-term chemical stability of 19th-century borosilicate glass used in botanical specimens remains unknown, with field data suggesting significant degradation over a century.",One of the things they didn't do was all the materials science to know whether the glasses were going to be stable over the next 100 years or whether they would decompose. Apparently only about 30% of them are still on display.,CAS_Su2011_01,§6.p2,https://r-h-taylor.github.io/lectures/-ik0iQKJHV4.html?q=One%20of%20the%20things%20they%20didn%27t%20do%20was%20all%20the%20materials%20scien#l3-s6-p2
,3,open_problem,joining,Why do propeller bolts from certain vessels develop cracks under the head despite sophisticated Morgrip tensioning methods?,"This bolt, as I remember, came off an Israeli Corvette propeller. They were cracking — there are cracks right under the head.",CAS_Su2011_01,§8.p6,https://r-h-taylor.github.io/lectures/-ik0iQKJHV4.html?q=This%20bolt%2C%20as%20I%20remember%2C%20came%20off%20an%20Israeli%20Corvette%20prope#l3-s8-p6
,3,open_problem,steel,Why high-strength steels like HY-130 and HY-200 cannot maintain toughness while solving hydrogen embrittlement remains fundamentally unsolved.,No one's ever really solved the hydrogen problems and been able to keep the toughness up.,CAS_Su2011_01,§10.p4,https://r-h-taylor.github.io/lectures/-ik0iQKJHV4.html?q=No%20one%27s%20ever%20really%20solved%20the%20hydrogen%20problems%20and%20been%20a#l3-s10-p4
,3,open_problem,nickel,"MP35N bolts cannot be manufactured in large plate or structural forms despite exceptional strength-ductility properties, limiting applications.","You can make it into 2- or 3-inch bolts if you start with a 6-inch diameter rod, but you can't make it into plate.",CAS_Su2011_01,§9.p7,https://r-h-taylor.github.io/lectures/-ik0iQKJHV4.html?q=You%20can%20make%20it%20into%202-%20or%203-inch%20bolts%20if%20you%20start%20with%20a%20#l3-s9-p7
,3,open_problem,processing,Achieving true multifunction materials that serve simultaneously as structural members and hydrogen containment vessels remains unsolved for single-stage-to-orbit spacecraft.,"To do it, you have to have multifunction materials. The tanks were supposed to be the structural part. They not only had to hold liquid hydrogen, they also had to provide the mechanical properties for the whole structure.",CAS_Su2011_02,§6.p12,https://r-h-taylor.github.io/lectures/TRSZrx4_vPQ.html?q=To%20do%20it%2C%20you%20have%20to%20have%20multifunction%20materials.%20The%20tank#l3-s6-p12
,3,open_problem,processing,"Eagar identifies a fundamental gap: no structural material is made by vapor deposition despite its dominance in functional materials, suggesting an unexplored thermodynamic or kinetic barrier worth characterizing.","I decided I'd do a calculation, because I couldn't think of any structural material that's made by vapor deposition... I did learn enough about vapor deposition that I decided I could prove why we don't use it to make structural materials.",CAS_Su2011_02,§10.p1–p2,https://r-h-taylor.github.io/lectures/TRSZrx4_vPQ.html?q=I%20decided%20I%27d%20do%20a%20calculation%2C%20because%20I%20couldn%27t%20think%20of%20#l3-s10-p1
,3,open_problem,processing,"Why vapor-deposited coatings shatter when applied to bulk structural geometry (e.g., a full titanium-nitride drill bit) versus succeeding as thin films on steel substrates.","If you made a titanium-nitride drill bit, the first time you drilled, you'd shatter it. As a thin film, it has very good wear resistance, which is what you're using it for.",CAS_Su2011_02,§11.p10,https://r-h-taylor.github.io/lectures/TRSZrx4_vPQ.html?q=If%20you%20made%20a%20titanium-nitride%20drill%20bit%2C%20the%20first%20time%20you#l3-s11-p10
,3,open_problem,corrosion,The Army has spent decades trying to vapor-deposit structural coatings inside gun barrels but defaults to electroplated chromium; identifying superior but cost-competitive materials for interior bore protection remains unsolved.,"The Army's been trying to do that for gun barrels for years... It's good if you're making gun barrels and selling them, but it's not good if you're the Army buying them... They know there are better materials than chromium, but there's nothing as cheap.",CAS_Su2011_02,§11.p16–p17,https://r-h-taylor.github.io/lectures/TRSZrx4_vPQ.html?q=The%20Army%27s%20been%20trying%20to%20do%20that%20for%20gun%20barrels%20for%20years.#l3-s11-p16
,3,open_problem,steel,"Understand why private companies stopped building integrated steel mills after 1965, unlike government-backed efforts.","We've had new steel mills built since 1965. POSCO, the world's largest steel company, in Pohang, Korea, built a steel mill in the 1970s. But POSCO Steel was not bankrolled by financial people — it was bankrolled by the Korean government. There have been probably a dozen steel mills built in the world since 1965 on greenfield sites, but not a single one has been built by a company that was risking shareholder money.",CAS_Su2011_03,§6.p1,https://r-h-taylor.github.io/lectures/WhWf_cgsv0I.html?q=We%27ve%20had%20new%20steel%20mills%20built%20since%201965.%20POSCO%2C%20the%20world#l3-s6-p1
,3,open_problem,corrosion,Vanadium-attack mechanisms on stainless steel in high-temperature oil combustion remain poorly characterized despite decades of practical knowledge.,"Venezuelan oil contains vanadium, and vanadium forms an oxide that melts off the protective chromium oxide of stainless steel... Today the American Petroleum Institute has specs on getting the vanadium out. There is really only one alloy — a nickel-chrome alloy — that can survive vanadium.",CAS_Su2011_03,§19.p3–p4,https://r-h-taylor.github.io/lectures/WhWf_cgsv0I.html?q=Venezuelan%20oil%20contains%20vanadium%2C%20and%20vanadium%20forms%20an%20oxid#l3-s19-p3
,3,open_problem,processing,Thermal shock and erosion damage mechanisms in blast furnace refractory linings under cyclic thermal and pressure loading lack systematic study.,You have to have abrasion-resistant walls. You have erosion all the way along. You have thermal shock from thermal expansion.,CAS_Su2011_03,§21.p1,https://r-h-taylor.github.io/lectures/WhWf_cgsv0I.html?q=You%20have%20to%20have%20abrasion-resistant%20walls.%20You%20have%20erosion%20#l3-s21-p1
,3,open_problem,processing,Slag represents a massive waste stream (hundreds of millions of tons annually) with limited end uses; developing higher-value applications or reduction pathways remains an unsolved practical problem.,One of the problems in the world is we produce a couple hundred million tons a year of slag which goes into landfills by and large.,CAS_Su2011_04,§3.p5,https://r-h-taylor.github.io/lectures/pq7RLDw6ijk.html?q=One%20of%20the%20problems%20in%20the%20world%20is%20we%20produce%20a%20couple%20hund#l3-s3-p5
,3,open_problem,steel,"Rimmed steels produce superior surface quality due to carbon boil mechanisms, but the metallurgical reason for this advantage and how to replicate it in modern continuous casting is unclear.","Rim steel gave excellent surface quality, whereas plate steels you end up with inclusions and other things on the surface.",CAS_Su2011_04,§5.p2,https://r-h-taylor.github.io/lectures/pq7RLDw6ijk.html?q=Rim%20steel%20gave%20excellent%20surface%20quality%2C%20whereas%20plate%20stee#l3-s5-p2
,3,open_problem,steel,The mechanism by which thermal stress gradients during furnace heating cause brittle cracking in large steel ingots with internal defects remains incompletely understood and poorly documented across the metallurgical community.,"I will tell you that in the last twenty-five years, when I've met other metallurgists — not that I talk about this every day, but it could be a couple dozen metallurgists I've talked to and asked them if they know what a clink is — I've only found one metallurgist who knew what a clink was.",CAS_Su2011_04,§19.p2,https://r-h-taylor.github.io/lectures/pq7RLDw6ijk.html?q=I%20will%20tell%20you%20that%20in%20the%20last%20twenty-five%20years%2C%20when%20I%27v#l3-s19-p2
,3,open_problem,welding,The practical limits and qualification procedures for welding very thick stainless steel pieces (20+ inches) for high-reliability applications like fusion reactor components.,"About twenty years ago, the guys over here at the MIT Plasma Fusion Center came to me and they wanted to weld twenty-inch-thick by about four-foot-long stainless steel together... So every now and then someone wants to weld a piece of something that's twenty inches thick. Can it be done? Yes. But you can't make a lot of test welds and have them screw up.",CAS_Su2011_04,§20.p5,https://r-h-taylor.github.io/lectures/pq7RLDw6ijk.html?q=About%20twenty%20years%20ago%2C%20the%20guys%20over%20here%20at%20the%20MIT%20Plasma#l3-s20-p5
,3,open_problem,processing,Undercooling and rapid solidification have been demonstrated for only one element (phosphorus); extending this to other materials remains unresolved.,"The more you undercool, you'd like to get to the point where if the heat of fusion is less than the heat capacity times delta T, you could undercool, nucleate, and solidify the whole thing all at once, instantaneously. They've done that, but only for one element in the periodic table: phosphorus.",CAS_Su2011_05,§2.p2,https://r-h-taylor.github.io/lectures/QPArN_Q34s8.html?q=The%20more%20you%20undercool%2C%20you%27d%20like%20to%20get%20to%20the%20point%20where#l3-s2-p2
,3,open_problem,processing,Steel band degradation mechanism in the Hazelett continuous casting process remains poorly characterized despite decades of industrial use.,Every couple of days. They know approximately how long they last. It's actually a titanium-bearing steel. They've done a lot of work on these.,CAS_Su2011_05,§7.p17,https://r-h-taylor.github.io/lectures/QPArN_Q34s8.html?q=Every%20couple%20of%20days.%20They%20know%20approximately%20how%20long%20they%20#l3-s7-p17
,3,open_problem,processing,The threshold thickness at which rapid-solidified iron-boron alloys transition from amorphous to semi-crystalline structure is known empirically but not well characterized.,"If you made it ten-thousandths of an inch thick — a quarter of a millimeter — that's too thick to get rapid solidification, and you wouldn't get an amorphous metal, you would get a semi-crystalline metal.",CAS_Su2011_06,§9.p4,https://r-h-taylor.github.io/lectures/TOum2TQZu_M.html?q=If%20you%20made%20it%20ten-thousandths%20of%20an%20inch%20thick%20%E2%80%94%20a%20quarter%20#l3-s9-p4
,3,open_problem,processing,"Amorphous metal powders crystallize and lose their metastable structure when heated to modest temperatures, preventing the creation of ultra-fine stable structures despite decades of effort.","The problem is these amorphous materials — even if it's an iron-based alloy, you heat them up to 400° centigrade and they crystallize, they transform. It's a non-stable structure, it's a metallic glass. People have been trying this for years to make ultra-fine structures.",CAS_Su2011_06,§11.p2,https://r-h-taylor.github.io/lectures/TOum2TQZu_M.html?q=The%20problem%20is%20these%20amorphous%20materials%20%E2%80%94%20even%20if%20it%27s%20an%20i#l3-s11-p2
,3,open_problem,joining,No established method exists for consolidating small rods produced by the Conform extrusion process into load-bearing plate geometry suitable for armor applications.,"The problem is, you can make it into rods because you're extruding it out, but how do you consolidate those rods into a plate? Usually you like your armor to be plate-shaped rather than rod-shaped.",CAS_Su2011_06,§12.p2,https://r-h-taylor.github.io/lectures/TOum2TQZu_M.html?q=The%20problem%20is%2C%20you%20can%20make%20it%20into%20rods%20because%20you%27re%20ext#l3-s12-p2
,3,open_problem,aluminum,Understand why hydrogen solubility in aluminum alloys increases dramatically with magnesium content and how this affects degassing strategy.,"This is hydrogen solubility in different aluminum alloys as a function of temperature, and if you have lots of magnesium it's a lot worse. Magnesium will dissolve more hydrogen than aluminum.",CAS_Su2011_06,§19.p7,https://r-h-taylor.github.io/lectures/TOum2TQZu_M.html?q=This%20is%20hydrogen%20solubility%20in%20different%20aluminum%20alloys%20as%20#l3-s19-p7
,3,open_problem,aluminum,Develop practical degassing techniques for aluminum casting that match the effectiveness of chlorine gas but without environmental and safety hazards.,How do you degas your aluminum now? [after chlorine gas was prohibited],CAS_Su2011_06,§19.p3,https://r-h-taylor.github.io/lectures/TOum2TQZu_M.html?q=How%20do%20you%20degas%20your%20aluminum%20now%3F%20%5Bafter%20chlorine%20gas%20was%20#l3-s19-p3
,3,open_problem,welding,"The mechanism by which laser superheating vaporizes inclusions in weld metal remains incompletely characterized, despite Metzbower's empirical observations.","He figured out that the superheating from the laser beam in the weld metal was vaporizing all the inclusions, and he got better properties in the weld metal than in the base plate because he was getting rid of those inclusion particles.",CAS_Su2011_06,§24.p1,https://r-h-taylor.github.io/lectures/TOum2TQZu_M.html?q=He%20figured%20out%20that%20the%20superheating%20from%20the%20laser%20beam%20in%20#l3-s24-p1
,3,open_problem,fatigue,The transient thermal stress failure mechanism in Navy heat exchangers that caused catastrophic failure in two minutes is not fully explained.,"They built it, and they found that it lasted not 100,000 hours but about two minutes, before it tore itself apart due to the transient thermal stresses. They fixed it, and I'm told now you actually do have ICRs in your ships. I remember I ended up being on what they call a Blue Ribbon panel, and we had to go out and look at it and say what was wrong.",CAS_Su2011_07,§1.p4,https://r-h-taylor.github.io/lectures/Ie6u7DMawBo.html?q=They%20built%20it%2C%20and%20they%20found%20that%20it%20lasted%20not%20100%2C000%20hou#l3-s1-p4
,3,open_problem,processing,The assumption of perfect diffusion in the liquid during solidification does not match reality and needs investigation.,"They're assuming perfect diffusion in the liquid here, which is not really true — but in any case, you will actually sweep the concentration of the B component to the end of this thing if you solidify in one direction.",CAS_Su2011_07,§2.p3,https://r-h-taylor.github.io/lectures/Ie6u7DMawBo.html?q=They%27re%20assuming%20perfect%20diffusion%20in%20the%20liquid%20here%2C%20which#l3-s2-p3
,3,open_problem,processing,Understand why HIP cannot eliminate segregation in bulk castings despite being effective for rapidly solidified powders.,"No, HIP will not do it, unless you start with something that's rapidly solidified powder, which has very small dendrites as a powder... HIP is used for a lot of powder processing. We get rid of the segregation by doing rapid solidification of powders, but then we have to weld the powders together.",CAS_Su2011_07,§3.p8,https://r-h-taylor.github.io/lectures/Ie6u7DMawBo.html?q=No%2C%20HIP%20will%20not%20do%20it%2C%20unless%20you%20start%20with%20something%20that#l3-s3-p8
,3,open_problem,processing,"Eagar notes that metals have a strain-rate sensitivity exponent m around 0.2, compared to 1.0 for Newtonian fluids and 0.9 for glass, but doesn't explain the physical origin of this value or how to predict it for different alloys.","A Newtonian fluid is when m equals one. For a typical metal, m equals 0.2. So if you have any instability in a metal where it starts to thin down a little bit, that instability will grow. It will neck down and break at the thin spot. A Newtonian metal — you can have a little neck in there and you can pull it out a hundred miles, if it really is an m of one. The only Newtonian fluid that we might work with typically is glass — may have 0.9. Metals typically have 0.2.",CAS_Su2011_07,§5.p3,https://r-h-taylor.github.io/lectures/Ie6u7DMawBo.html?q=A%20Newtonian%20fluid%20is%20when%20m%20equals%20one.%20For%20a%20typical%20metal%2C#l3-s5-p3
,3,open_problem,processing,"The strain-rate sensitivity parameter m varies strongly with grain size in superplastic metals, but the quantitative relationship and underlying mechanisms remain incompletely characterized.","Turns out m's a very strong function of grain size. If you get superfine grains, you can get extremely high abilities to stretch a material.",CAS_Su2011_07,§6.p7,https://r-h-taylor.github.io/lectures/Ie6u7DMawBo.html?q=Turns%20out%20m%27s%20a%20very%20strong%20function%20of%20grain%20size.%20If%20you%20g#l3-s6-p7
,3,open_problem,joining,Map the critical cold-welding threshold and surface strain limit that triggers surface crack initiation in multi-pass deformation.,"If you don't have enough lubricant, you start cold welding the material to the surface. If you get more than thirty percent local strain, it breaks. But if you deform it, don't break it, take it out, put it in another tool that's lubricated again, then you can start deforming again.",CAS_Su2011_07,§7.p10,https://r-h-taylor.github.io/lectures/Ie6u7DMawBo.html?q=If%20you%20don%27t%20have%20enough%20lubricant%2C%20you%20start%20cold%20welding%20t#l3-s7-p10
,3,open_problem,aluminum,The mechanism causing non-uniform plate thickness distribution (wavy edges vs. center) during hot rolling of thick aluminum plates with water cooling is not fully explained.,"So this hot aluminum plate is going through a little waterfall of water. It's not a heavy waterfall, but it's raining on the plate. [Context: This causes off-gauge conditions where thickness varies by twenty thousandths across a 3/4-inch plate depending on location.]",CAS_Su2011_07,§8.p10,https://r-h-taylor.github.io/lectures/Ie6u7DMawBo.html?q=So%20this%20hot%20aluminum%20plate%20is%20going%20through%20a%20little%20waterfa#l3-s8-p10
,3,open_problem,aluminum,"A student explained 80% of plate thickness variation via cooling estimates, but the remaining 20% of unexplained variance in end-of-plate defects is unaccounted for.","We could explain eighty percent of the variation they were seeing by our estimates of the cooling and how much increase in strength of the colder aluminum on the ends of the plates, depending on whether the water was on there.",CAS_Su2011_07,§8.p13,https://r-h-taylor.github.io/lectures/Ie6u7DMawBo.html?q=We%20could%20explain%20eighty%20percent%20of%20the%20variation%20they%20were%20s#l3-s8-p13
,3,open_problem,corrosion,Under-deposit corrosion of cast iron in seawater remains a practical failure mode despite cast iron's normally excellent corrosion resistance due to its silica-rich passive film.,Ordinarily the cast iron will last for a hundred years or more if you maintain it... But chlorides will eat through that when you start getting under-deposit attack.,COR_Su2016_02,§3.p3,https://r-h-taylor.github.io/lectures/q9rwgUdOynw.html?q=Ordinarily%20the%20cast%20iron%20will%20last%20for%20a%20hundred%20years%20or%20mo#l3-s3-p3
,3,open_problem,corrosion,Why does 90/10 cupro-nickel perform well in erosion-corrosion service when 70/30 was theoretically expected to be necessary?,"I was being a little conservative when they said how do we solve this problem, I said you need to go to 70/30, because I knew from the velocity data that 70/30 would have had enough safety factor. Couldn't get it, used 90/10, and it's worked.",COR_Su2016_02,§6.p2,https://r-h-taylor.github.io/lectures/q9rwgUdOynw.html?q=I%20was%20being%20a%20little%20conservative%20when%20they%20said%20how%20do%20we%20s#l3-s6-p2
,3,open_problem,joining,"Duplex stainless steel becomes problematic when welded, yet its suitability for critical structural applications with unavoidable welds remains poorly characterized.","They said, well, can we use the duplex stainless steel? I said, sure, as long as you don't have any weld details. Can't weld this without real problems.",COR_Su2016_02,§8.p7,https://r-h-taylor.github.io/lectures/q9rwgUdOynw.html?q=They%20said%2C%20well%2C%20can%20we%20use%20the%20duplex%20stainless%20steel%3F%20I%20sa#l3-s8-p7
,3,open_problem,corrosion,"The long-term durability of 2205 duplex stainless in a near-saltwater, hurricane-prone environment with stress-corrosion-cracking risk is unvalidated beyond the initial project outcome.","I said, well, I don't know if you're going to make ten years on 316. Just shooting from the hip... there's something called stress corrosion cracking.",COR_Su2016_02,§8.p4,https://r-h-taylor.github.io/lectures/q9rwgUdOynw.html?q=I%20said%2C%20well%2C%20I%20don%27t%20know%20if%20you%27re%20going%20to%20make%20ten%20years#l3-s8-p4
,3,open_problem,corrosion,The mechanism and kinetics of pitting corrosion in stainless steel under chloride attack vary sharply across alloy grades but lack a unified predictive framework.,"This is pitting of stainless steel... It's 304 stainless steel. That's a hundred and four millimeters per year... This is chloride pitting resistance versus chloride. This is 304, 316, 2205, and pitting... significantly better than 316 or 304.",COR_Su2016_02,§9.p1–p2,https://r-h-taylor.github.io/lectures/q9rwgUdOynw.html?q=This%20is%20pitting%20of%20stainless%20steel...%20It%27s%20304%20stainless%20ste#l3-s9-p1
,3,open_problem,corrosion,Seawater degradation mechanisms for syntactic foam resin systems remain inadequately characterized beyond empirical 10–20 year aging windows.,It's basically little micro glass spheres — they can be lots of different sizes — encapsulated in a resin that will not be degraded by seawater over 10 or 20 years. All plastics get degraded by seawater over 10 years — that's the story of your rubber again.,COR_Su2016_05,§3.p4,https://r-h-taylor.github.io/lectures/ZqjHbnqjOQY.html?q=It%27s%20basically%20little%20micro%20glass%20spheres%20%E2%80%94%20they%20can%20be%20lots#l3-s3-p4
,3,open_problem,welding,"Why gas metal arc welding failed during the Sea Cliff hull fabrication at Mare Island despite prior development at David Taylor, while gas tungsten arc succeeded.","They tried to prove out the welding technology that had been developed at David Taylor in Annapolis, gas metal arc welding, and they couldn't do it. They tried for six months and it just didn't work.",COR_Su2016_05,§6.p5,https://r-h-taylor.github.io/lectures/ZqjHbnqjOQY.html?q=They%20tried%20to%20prove%20out%20the%20welding%20technology%20that%20had%20been#l3-s6-p5
,3,open_problem,joining,CSST lightning perforation mechanism remains unexplained despite hundreds of documented failures.,"It's only happened about four or five hundred times... By 2001 they knew it was lightning — that there was perforating, holes in the pipe. And the bottom line story is it's just too thin...",CS_F2012_01,§1.p1-p2,https://r-h-taylor.github.io/lectures/YDg-vgIdgGs.html?q=It%27s%20only%20happened%20about%20four%20or%20five%20hundred%20times...%20By%2020#l3-s1-p1
,3,open_problem,other,Why black iron pipe resists lightning perforation while CSST fails is poorly understood from a materials science perspective.,"No one had ever had a fire with black iron pipe because lightning had never perforated black iron pipe, so they didn't worry about it.",CS_F2012_01,§1.p2,https://r-h-taylor.github.io/lectures/YDg-vgIdgGs.html?q=No%20one%20had%20ever%20had%20a%20fire%20with%20black%20iron%20pipe%20because%20ligh#l3-s1-p2
,3,open_problem,measurement,Isotopic concentration errors in water standards limit temperature calibration precision; understanding and reducing these errors could improve accuracy beyond current millidegree limits.,"The errors in isotopic concentration are essentially what limits you to this thousandth of a degree accuracy. However, the calibration cell is good to 7 microKelvin.",CS_F2012_01,§8.p3,https://r-h-taylor.github.io/lectures/YDg-vgIdgGs.html?q=The%20errors%20in%20isotopic%20concentration%20are%20essentially%20what%20li#l3-s8-p3
,3,open_problem,steel,Understanding why different steel compositions produce distinctly different spark patterns during grinding remains empirically known but mechanistically unexplained.,"This is all a question of how the steel oxidizes. I can't tell the difference if you put two of these in front of me. But if you'd been doing it for thirty years, you could.",CS_F2012_02,§2.p5,https://r-h-taylor.github.io/lectures/U8oDDDozYqs.html?q=This%20is%20all%20a%20question%20of%20how%20the%20steel%20oxidizes.%20I%20can%27t%20te#l3-s2-p5
,3,open_problem,measurement,"The physics of spark formation during grinding—how oxidation state, carbon content, and alloying elements drive spark intensity and morphology—lacks a rigorous quantitative model.",Stainless doesn't spark much because it doesn't oxidize well. This is all a question of how the steel oxidizes.,CS_F2012_02,§2.p5,https://r-h-taylor.github.io/lectures/U8oDDDozYqs.html?q=Stainless%20doesn%27t%20spark%20much%20because%20it%20doesn%27t%20oxidize%20well#l3-s2-p5
,3,open_problem,joining,How shipbuilders actually achieve millimeter alignment on 300-meter vessels when thermal expansion from cloud cover causes half-inch deflections remains poorly explained.,"If the sun goes behind a cloud, the ship changes shape by half an inch — and you have to align them within a millimeter... I said, 'Great big 100-ton jacks. They just squeeze them together.'",CS_F2012_02,§5.p8,https://r-h-taylor.github.io/lectures/U8oDDDozYqs.html?q=If%20the%20sun%20goes%20behind%20a%20cloud%2C%20the%20ship%20changes%20shape%20by%20ha#l3-s5-p8
,3,open_problem,joining,The fundamental limits and practical strategies for controlling thermal distortion in large-scale ship assembly under real environmental conditions are underexplored.,"Shipbuilding ten years ago was the most precise — in parts per million or billion — manufacturing we did... If the sun goes behind a cloud, the ship changes shape by half an inch — and you have to align them within a millimeter.",CS_F2012_02,§5.p7–p8,https://r-h-taylor.github.io/lectures/U8oDDDozYqs.html?q=Shipbuilding%20ten%20years%20ago%20was%20the%20most%20precise%20%E2%80%94%20in%20parts%20p#l3-s5-p7
,3,open_problem,measurement,Inductively coupled plasma (ICP) gold assay remains ~2.5× less accurate than fire assay; closing this gap could displace a millennia-old standard.,"Twenty-five or thirty years ago I was given the job of coming up with a better process than fire assay. We couldn't do it then. We're getting close now with inductively coupled plasma — probably one part in 2,000.",CS_F2012_02,§6.p7,https://r-h-taylor.github.io/lectures/U8oDDDozYqs.html?q=Twenty-five%20or%20thirty%20years%20ago%20I%20was%20given%20the%20job%20of%20comin#l3-s6-p7
,3,open_problem,measurement,The root cause of closed conformity in the 40-inch Reali-Slim bearing remains unexplained despite evidence of its occurrence.,"Why was there a closed conformity? When you've got something as flexible as a 40-inch diameter ring that's only one inch high and even less in thickness, that's pretty flexible... The helicopter manufacturer manufactured that big aluminum housing themselves, and they just never bothered to look into the shape of that housing — and in fact they destroyed it.",CS_F2012_03,§5.p5-p6,https://r-h-taylor.github.io/lectures/2-PLy8soKXo.html?q=Why%20was%20there%20a%20closed%20conformity%3F%20When%20you%27ve%20got%20something#l3-s5-p5
,3,open_problem,processing,"The practical limit of manufacturability for thin, large-diameter bearings with respect to runout and conformity control is not well characterized.","You're heading in the wrong direction, which is one of the limitations on the ability to even manufacture bearings this thin and this small.",CS_F2012_03,§6.p3,https://r-h-taylor.github.io/lectures/2-PLy8soKXo.html?q=You%27re%20heading%20in%20the%20wrong%20direction%2C%20which%20is%20one%20of%20the%20l#l3-s6-p3
,3,open_problem,fatigue,Why do perfectly spec'd bearings fail in service after 30 years of reliable operation—a mystery case where government-inspected parts still seized in the field.,"They put some of these new ones in the field. These bearings were better bearings — none of the manufacturing defects — and they put them into the helicopters. They had to manufacture a thousand of these. All these things go out there, and guess what? Within two months one of them fails. One of the good bearings fails. But it was perfectly within spec, and these things have been flying for thirty years. What had happened?",CS_F2012_03,§8.p4,https://r-h-taylor.github.io/lectures/2-PLy8soKXo.html?q=They%20put%20some%20of%20these%20new%20ones%20in%20the%20field.%20These%20bearings#l3-s8-p4
,3,open_problem,measurement,The fundamental mechanism by which lightning penetrates thin-walled CSST tubing while being stopped by thicker black iron pipe remains poorly characterized.,"The CSST, if it gets hit by lightning, creates a hole. It's just too thin. They didn't bother to read the NFPA 780 twenty years ago when they were developing the standards for that product.",CS_F2012_05,§4.p1,https://r-h-taylor.github.io/lectures/KynrfNqtHaU.html?q=The%20CSST%2C%20if%20it%20gets%20hit%20by%20lightning%2C%20creates%20a%20hole.%20It%27s%20#l3-s4-p1
,3,open_problem,joining,"Understand why hydrostatic testing at 50% pressure (1,250 PSI vs. 2,500 PSI breaking strength) reliably detects defects that would cause in-service failure despite allowing flaws halfway through wall thickness.","If you do the hydrostatic test, this pipe might take 2,500 PSI to break it, but you may only test it at 1,250. What does that mean? You probably could pass the pipe if it had a flaw about halfway through... That's why people have learned a hydrostatic test on every single piece of pipe is good enough.",CS_F2012_05,§8.p7–p8,https://r-h-taylor.github.io/lectures/KynrfNqtHaU.html?q=If%20you%20do%20the%20hydrostatic%20test%2C%20this%20pipe%20might%20take%202%2C500%20P#l3-s8-p7
,3,open_problem,welding,Statistical modeling of defect detection under partial inspection sampling has never been validated against real field failure data in structural welding.,"If you're only going to test ten percent, you're going to have to accept that if five percent of welds have defects, and you only test ten percent, you're going to still have four and a half percent defective welds out there... But the safety factors — which someone else will talk about — will hopefully take care of that four and a half percent. We've learned historically what to do.",CS_F2012_08,§6.p6,https://r-h-taylor.github.io/lectures/xuSw3flQyMg.html?q=If%20you%27re%20only%20going%20to%20test%20ten%20percent%2C%20you%27re%20going%20to%20ha#l3-s6-p6
,3,open_problem,joining,Understand why proper torque on a two-stage bolt assembly initiates cracks in the smaller-diameter section.,"It turns out the proper torque for this is just enough to start a crack in this... if your load path ignores this little shoulder and you don't grab it and keep it restrained, now your load path goes all the way through to the other nut, and all of a sudden you over-torque this thing.",CS_F2012_11,§4.p2–p3,https://r-h-taylor.github.io/lectures/kF4wXqPHw-o.html?q=It%20turns%20out%20the%20proper%20torque%20for%20this%20is%20just%20enough%20to%20st#l3-s4-p2
,3,open_problem,fatigue,"The safety factor used (1.67) for a dynamically loaded, fatigued connection was inadequate, but standards and practice for fatigue-loaded building connections remain unclear.","It should have been a factor of 2 because it's dynamically loaded. This is not just a static building, this is something that could be swinging out there in the atrium, so it's fatigue loaded.",CS_F2012_11,§7.p3,https://r-h-taylor.github.io/lectures/kF4wXqPHw-o.html?q=It%20should%20have%20been%20a%20factor%20of%202%20because%20it%27s%20dynamically%20l#l3-s7-p3
,3,open_problem,processing,"Understand why mandrel fatigue cracks form and detach during seamless pipe piercing, creating rolling defects.","The steel mandrel that pushed to make the tube probably had a fatigue crack on the end, and a piece broke off inside as it was piercing it, and just rolled that piece of cold steel into the hot steel.",CS_F2012_12,§1.p11,https://r-h-taylor.github.io/lectures/kEqabZ7bO0Y.html?q=The%20steel%20mandrel%20that%20pushed%20to%20make%20the%20tube%20probably%20had%20#l3-s1-p11
,3,open_problem,fatigue,Thermal effects during high-speed fatigue testing (100 Hz) may confound results by converting room-temperature tests into heated tests; unclear how much this artifact affects measured fatigue strength.,"The problem with doing a fatigue test at 100 Hertz: you're putting enough elastic energy in there that you have to be careful you don't overheat your sample, and now you're doing a hot test rather than a room temperature test.",CS_F2012_12,§2.p8,https://r-h-taylor.github.io/lectures/kEqabZ7bO0Y.html?q=The%20problem%20with%20doing%20a%20fatigue%20test%20at%20100%20Hertz%3A%20you%27re%20p#l3-s2-p8
,3,open_problem,fracture,"No systematic study exists of why safety factors for Charpy toughness have escalated from 10 foot-pounds (critical threshold found in Liberty ships) to 20+ foot-pounds, or whether this creep is evidence-based or conservative.",They found that all the ones with major failures had Charpy energy less than 10 foot-pounds. So what do you do? Put a safety factor on it. From then on they wouldn't build Navy ships and most other structures unless they had 15 foot-pounds. By 1960 the Coast Guard decided that wasn't enough — they made it 20 foot-pounds.,CS_F2012_13,"§2.p5, §2.p6",https://r-h-taylor.github.io/lectures/7-ceZkCjx5w.html?q=They%20found%20that%20all%20the%20ones%20with%20major%20failures%20had%20Charpy%20#l3-s2-p5
,3,open_problem,steel,The natural variability in steel toughness (15–30 foot-pounds across heats) remains unexplained despite known factors like sulfur content and grain size.,"There's natural variability — toughness going from 15 to 30 foot-pounds, you can still have that range of variability... When your mean was only half a foot-pound above your minimum, that's not good.",CS_F2012_13,§3.p7,https://r-h-taylor.github.io/lectures/7-ceZkCjx5w.html?q=There%27s%20natural%20variability%20%E2%80%94%20toughness%20going%20from%2015%20to%2030%20#l3-s3-p7
,3,open_problem,composites,"Carbon fiber composite drive shafts fail catastrophically in engine fires, unlike metallic alternatives—the fire dynamics and failure mechanism remain poorly characterized.","In the engine fire, the drive shaft burned up within seconds — it did try to transfer torque, but it tore itself in two. Afterwards they redesigned it and switched the drive shafts to titanium, increasing the safety factor against fire. It's not that they hadn't thought about fire — they just didn't particularly think of the engine becoming a fire-breathing dragon, which is essentially what happened.",CS_F2012_13,§5.p10,https://r-h-taylor.github.io/lectures/7-ceZkCjx5w.html?q=In%20the%20engine%20fire%2C%20the%20drive%20shaft%20burned%20up%20within%20seconds#l3-s5-p10
,3,open_problem,other,"Sprinkler heads with Wood's metal sensors degrade prematurely when stored above 100°F, but the mechanism and creep kinetics of this failure mode are not well understood.","It cannot be stored above 100 degrees Fahrenheit, because some of them use Wood's metal as the melting sensor at 160 degrees. If it stays above 100 degrees for longer than a certain time, it'll creep, and these things can fail at less than their rated temperature.",CS_F2012_13,§8.p1,https://r-h-taylor.github.io/lectures/7-ceZkCjx5w.html?q=It%20cannot%20be%20stored%20above%20100%20degrees%20Fahrenheit%2C%20because%20so#l3-s8-p1
,3,open_problem,measurement,Finding physical phenomena with oscillation frequencies higher than 10 gigahertz to improve the fundamental precision limit of atomic timekeeping.,"If you can find something that reproducibly and reliably gives you a higher frequency than 10 gigahertz, we can get one better than one part in 10 to the 10th. But that's our limit on time.",CS_Su2012_01,§5.p3,https://r-h-taylor.github.io/lectures/8b4n8diQ_6U.html?q=If%20you%20can%20find%20something%20that%20reproducibly%20and%20reliably%20giv#l3-s5-p3
,3,open_problem,steel,"Understanding why deformation transforms 302 stainless steel from austenitic to ferromagnetic, changing its crystal structure and magnetic properties.","The reason I have 302 balls in there is because the more they're deformed, the more ferromagnetic they become. They transform on deformation to become magnetic.",CS_Su2012_01,§8.p8,https://r-h-taylor.github.io/lectures/8b4n8diQ_6U.html?q=The%20reason%20I%20have%20302%20balls%20in%20there%20is%20because%20the%20more%20the#l3-s8-p8
,3,open_problem,steel,Why 302 and 316 stainless steels show different magnetism levels despite similar nominal composition—the mechanism behind partial ferromagnetism in 302 versus non-magnetic 316.,You could actually have distinguished the 316 from the 302 by the level of magnetism.,CS_Su2012_01,§8.p9,https://r-h-taylor.github.io/lectures/8b4n8diQ_6U.html?q=You%20could%20actually%20have%20distinguished%20the%20316%20from%20the%20302%20b#l3-s8-p9
,3,open_problem,fatigue,The root cause of bearing seizure in the MH-53 helicopter swash plate bearing under hover conditions remains unexplained despite multiple in-service failures.,"All of a sudden the bearing started to seize, the helicopter crashed, and the two pilots died... Over the next few months they did have more incidents — the Japanese Navy had one go down... they had a couple go down at other places.",CS_Su2012_02,,
,3,open_problem,joining,"Understand why bearing wear patterns vary systematically by quadrant in a large flexible bearing, indicating non-circular deformation of the housing.","They weren't all equal barrels. Some were skinny barrels and some were fat barrels. And they went in quadrants. First and third quadrant you had fat barrels, second and fourth you had skinny barrels. Why?",CS_Su2012_02,§4.p19,https://r-h-taylor.github.io/lectures/cys2q7xFrbQ.html?q=They%20weren%27t%20all%20equal%20barrels.%20Some%20were%20skinny%20barrels%20and#l3-s4-p19
,3,open_problem,joining,Understand why bearing failures occur at steel-aluminum housing interfaces despite both components meeting individual specifications.,"A lot of times failures occur at the interfaces. We have the interface between the steel bearing made by company A and the helicopter swash plate made by company B. And if they don't fit together, whose fault is it?",CS_Su2012_02,§7.p6,https://r-h-taylor.github.io/lectures/cys2q7xFrbQ.html?q=A%20lot%20of%20times%20failures%20occur%20at%20the%20interfaces.%20We%20have%20the#l3-s7-p6
,3,open_problem,processing,"Design-to-manufacturing feedback loop is missing: we can now simulate geometry, stresses, and performance, but cannot yet predict how real manufacturing tolerances and QC programs will affect the final design.","Now we have to get back, as Simone says, to manufacturability, and we're not there yet. You can't simulate everything... what's our manufacturing capability, what tolerances can we really control, what QC programs will we put in.",CS_Su2012_02,§7.p14,https://r-h-taylor.github.io/lectures/cys2q7xFrbQ.html?q=Now%20we%20have%20to%20get%20back%2C%20as%20Simone%20says%2C%20to%20manufacturabilit#l3-s7-p14
,3,open_problem,measurement,Terahertz band generation and control remains underdeveloped for practical applications.,"There are little bands in here, like the terahertz band between infrared and radar, that really isn't used much. Some guys over in electrical engineering are trying to figure out how to do it. The hard thing is to control things — now we're talking about electrons moving several millimeters. In the terahertz regime you're talking about submillimeter wavelengths, and it's hard to figure out what to do. If you could develop devices that generate those rays efficiently — anyway, we use almost everything in that electromagnetic spectrum to observe materials in one way or another.",CS_Su2012_03,§5.p3,https://r-h-taylor.github.io/lectures/o2XfliUT_jA.html?q=There%20are%20little%20bands%20in%20here%2C%20like%20the%20terahertz%20band%20betw#l3-s5-p3
,3,open_problem,corrosion,How internal corrosion of aluminum tanks interacts with fatigue and weld defects to reduce service life and failure pressure.,"We go in and start looking at the tank. It was corroding on the inside, there was fatigue, lots of things wrong, bad welds in some of the originals.",CS_Su2012_03,§12.p13,https://r-h-taylor.github.io/lectures/o2XfliUT_jA.html?q=We%20go%20in%20and%20start%20looking%20at%20the%20tank.%20It%20was%20corroding%20on%20#l3-s12-p13
,3,open_problem,other,"When multiple codes written by different committees conflict, there is no systematic method to resolve which code governs—currently handled ad hoc by consultants.",But since they weren't all written by the same person — in fact they're all written by different committees — the codes have problems of conflicts. That's what keeps me in business to a certain extent. There's not a simple answer to what you do when there's conflict in the code.,CS_Su2012_04,§3.p3,https://r-h-taylor.github.io/lectures/M7jStS1Pxss.html?q=But%20since%20they%20weren%27t%20all%20written%20by%20the%20same%20person%20%E2%80%94%20in%20f#l3-s3-p3
,3,open_problem,welding,"Understand why grinding swarf patterns indicate subsurface microcracking in submarine welds, and whether these submicroscopic defects pose actual structural risk.","This grinder grinding the weld notices that the swarf — the little particles from grinding, called swarf, good Scrabble word, S-W-A-R-F — the swarf is lining up in little lines, less than a sixteenth of an inch in length. He says, I've never seen that before... They start investigating it, and the welds had a whole family, a cluster — they were full of these little micro-cracks.",CS_Su2012_04,§6.p9,https://r-h-taylor.github.io/lectures/M7jStS1Pxss.html?q=This%20grinder%20grinding%20the%20weld%20notices%20that%20the%20swarf%20%E2%80%94%20the%20#l3-s6-p9
,3,open_problem,joining,Determine the actual structural consequence of fillet weld measurement definitions (leg length vs. throat thickness) on joint strength and establish which metric truly predicts load-bearing capacity.,"The size of that fillet weld is defined in the United States as the leg length. The problem is there are two leg lengths... In Europe they use a more scientific definition, the throat thickness... The two should be related if it was a perfect triangle, which it's not... you have to say, what do I really want to measure? What you really want is some surrogate for the strength.",CS_Su2012_04,§6.p2,https://r-h-taylor.github.io/lectures/M7jStS1Pxss.html?q=The%20size%20of%20that%20fillet%20weld%20is%20defined%20in%20the%20United%20States#l3-s6-p2
,3,open_problem,measurement,"Understand why a tool fragment wedged in pipe wall passed two successive hydrostatic tests but failed a third at lower pressure, possibly due to plastic deformation.","I don't know if the plug came loose because of the previous hydro tests starting to give a little plastic deformation, opening it up so the wedge could fall out. When the wedge was no longer there, it wouldn't pass the hydro — it leaked.",CS_Su2012_04,§7.p14,https://r-h-taylor.github.io/lectures/M7jStS1Pxss.html?q=I%20don%27t%20know%20if%20the%20plug%20came%20loose%20because%20of%20the%20previous%20#l3-s7-p14
,3,open_problem,measurement,Investigate why the hydrostatic test failed to detect a 3–4 inch flaw at 80% wall thickness despite passing twice earlier.,"It passed the first hydro test because it had a plug in it — a V-shaped plug. It passed the hydro test at the mill, it passed the inspection because it was in a critical area that was not very well inspected.",CS_Su2012_04,§7.p14,https://r-h-taylor.github.io/lectures/M7jStS1Pxss.html?q=It%20passed%20the%20first%20hydro%20test%20because%20it%20had%20a%20plug%20in%20it%20%E2%80%94#l3-s7-p14
,3,open_problem,fracture,"How to establish practical acceptance criteria for internal weld flaws that account for actual stress, environment, and corrosion allowance rather than relying on arbitrary code thresholds.","You really need someone with engineering training to determine whether the flaw is acceptable or rejectable. That depends on the stress level, the environment, the wear allowance, the corrosion allowance.",CS_Su2012_05,§4.p3,https://r-h-taylor.github.io/lectures/7KFTHxDcJwY.html?q=You%20really%20need%20someone%20with%20engineering%20training%20to%20determi#l3-s4-p3
,3,open_problem,corrosion,Bleach-induced stress corrosion cracking in stainless steel food processing tanks remains undetected until catastrophic failure occurs.,"What does bleach do to stainless steel? It corrodes it. And what happens underneath the insulation — if some of that bleach gets under the insulation, you've got corrosion going on that no one can see, and no one takes the insulation off.",CS_Su2012_05,§5.p11,https://r-h-taylor.github.io/lectures/7KFTHxDcJwY.html?q=What%20does%20bleach%20do%20to%20stainless%20steel%3F%20It%20corrodes%20it.%20And%20#l3-s5-p11
,3,open_problem,fatigue,Long-term tension retention in cable-stay bridge cables under fatigue loading is not systematically monitored or understood.,"It's a fatigue-loaded situation, but the tension should stay fairly constant. Plus there's a big safety factor — safety factors are tomorrow's lecture with Dr. Belmar, and safety factors take care of a lot of mistakes. I don't think so. They may go back and check from time to time, but there's not a continuous adjustment every year. I don't know enough to say they don't check after five or ten years.",CS_Su2012_05,§6.p5,https://r-h-taylor.github.io/lectures/7KFTHxDcJwY.html?q=It%27s%20a%20fatigue-loaded%20situation%2C%20but%20the%20tension%20should%20stay#l3-s6-p5
,3,open_problem,corrosion,Why don't buried steel gas pipes from the 1930s fail faster despite predicted 5–25 year perforation times?,"The pipe running down my street, water pipe and gas pipe, have been there more than 70 years. Why aren't they full of holes? Well, it is full of holes. Science is science. But it's surrounded by mud, and the mud seals it.",CS_Su2012_07,§4.p3–p4,https://r-h-taylor.github.io/lectures/nLWgIwqPozE.html?q=The%20pipe%20running%20down%20my%20street%2C%20water%20pipe%20and%20gas%20pipe%2C%20ha#l3-s4-p3
,3,open_problem,measurement,Resolve discrepancy between calculated voltage (40 kV/m) and literature claims (2.5 MV) for arc initiation in plastic piping.,"I can show you a book on lightning that claims you can develop two and a half million volts, not just forty thousand. Same calculation, a little more sophisticated; they use two microhenrys rather than one.",CS_Su2012_07,§8.p7,https://r-h-taylor.github.io/lectures/nLWgIwqPozE.html?q=I%20can%20show%20you%20a%20book%20on%20lightning%20that%20claims%20you%20can%20devel#l3-s8-p7
,3,open_problem,other,Lightning attachment and failure mechanism in flexible gas tubing remains incompletely characterized despite field failures.,Part of it is people didn't think about the physics of a lightning strike. They didn't consider lightning... There's no engineering capability within these firms.,CS_Su2012_07,§9.p5,https://r-h-taylor.github.io/lectures/nLWgIwqPozE.html?q=Part%20of%20it%20is%20people%20didn%27t%20think%20about%20the%20physics%20of%20a%20lig#l3-s9-p5
,3,open_problem,other,Single-point versus multi-point grounding effectiveness for lightning protection in residential gas piping systems lacks rigorous validation.,"I pointed out that single-point grounding — one point in your house — is not good enough. The lightning, in the time of the lightning flash, can only see a distance of about ten feet in any direction. You'd have to ground it every ten feet.",CS_Su2012_07,§9.p2,https://r-h-taylor.github.io/lectures/nLWgIwqPozE.html?q=I%20pointed%20out%20that%20single-point%20grounding%20%E2%80%94%20one%20point%20in%20you#l3-s9-p2
,3,open_problem,steel,Why do iron whiskers achieve 2 million PSI strength while modern steels don't reach this theoretical limit despite decades of materials science.,"We grew iron whiskers in the 1950s that were a single crystal, all but a screw dislocation up the axis. They pulled those and got 2 million PSI strength experimentally, because if you don't have any mobile dislocations, you pull on a screw dislocation parallel with the axis of the screw dislocation, it won't move. It was like pulling a perfect crystal, and they got 2 million PSI strength for steel. We don't have steels at 2 million PSI.",DP_S2012_01,§9.p3,https://r-h-taylor.github.io/lectures/WdHzBSOyinU.html?q=We%20grew%20iron%20whiskers%20in%20the%201950s%20that%20were%20a%20single%20crysta#l3-s9-p3
,3,open_problem,fracture,Understand why hydrostatic stress suppresses fracture in brittle materials during deformation processing.,"You can process by deformation some brittle materials, but under very special conditions. Anybody know what those conditions are? Those conditions are when you apply a lot of hydrostatic stress. You can suppress fracture if you have a lot of hydrostatic stress.",DP_S2012_02,§3.p4,https://r-h-taylor.github.io/lectures/xODVo-2X-yQ.html?q=You%20can%20process%20by%20deformation%20some%20brittle%20materials%2C%20but%20u#l3-s3-p4
,3,open_problem,aluminum,Poisson's ratio and volume change behavior in foamed or porous materials under plastic deformation remains incompletely characterized.,"If I deformed this piece of foamed aluminum, it's going to have different Poisson ratios. It's not going to have a zero volume change if I deform it, because I'm going to break up the pores.",DP_S2012_02,§4.p9,https://r-h-taylor.github.io/lectures/xODVo-2X-yQ.html?q=If%20I%20deformed%20this%20piece%20of%20foamed%20aluminum%2C%20it%27s%20going%20to%20h#l3-s4-p9
,3,open_problem,fracture,The transition from brittle to plastic deformation in rocks under deep confining pressure is not well characterized as a function of depth.,"So if you want to go study the fracture of rocks for earthquakes and stuff — it's a lot more complex than the simple fracture we have of rocks on Earth on the surface, because they're brittle and we can set brittle behavior. But the brittleness of rocks is a function of the depth in the earth.",DP_S2012_02,§5.p5,https://r-h-taylor.github.io/lectures/xODVo-2X-yQ.html?q=So%20if%20you%20want%20to%20go%20study%20the%20fracture%20of%20rocks%20for%20earthqu#l3-s5-p5
,3,open_problem,processing,"The yield criterion (Tresca vs von Mises) that governs deformation varies with crystallographic orientation and material class, but the boundaries are not systematically mapped.","It's not always correct in crystalline materials. For a BCC metal or an FCC metal in the 110 plane in the 011 direction, the Tresca condition is correct, and I'll show you that later in the course.",DP_S2012_02,§5.p6,https://r-h-taylor.github.io/lectures/xODVo-2X-yQ.html?q=It%27s%20not%20always%20correct%20in%20crystalline%20materials.%20For%20a%20BCC%20#l3-s5-p6
,3,open_problem,measurement,"The relationship between hardness test pressure and uniaxial compressive strength appears consistent across materials, but the physical mechanisms underlying this 3× correlation remain underexplored.","With work hardening, does anybody know what the rule is for a hardness test in terms of the pressure of the hardness test compared to the uniaxial compressive strength of the material, whether it's steel or aluminum or anything else? There's actually a correlation.",DP_S2012_02,§7.p6,https://r-h-taylor.github.io/lectures/xODVo-2X-yQ.html?q=With%20work%20hardening%2C%20does%20anybody%20know%20what%20the%20rule%20is%20for%20#l3-s7-p6
,3,open_problem,processing,Why multi-directional forging (three directions) suppresses internal centerline defects better than two-directional forging remains incompletely understood.,"If you actually forge from three directions, you can help suppress some of that. Or if you forge on an anvil die, which is what he's got here with three directions, you can suppress the tendency. Just forging from two directions is not as good as forging from three directions, in terms of suppressing the internal defects, depending on the delta operation.",DP_S2012_02,§9.p9,https://r-h-taylor.github.io/lectures/xODVo-2X-yQ.html?q=If%20you%20actually%20forge%20from%20three%20directions%2C%20you%20can%20help%20su#l3-s9-p9
,3,open_problem,processing,"Grain size may control surface roughness and tolerance limits during deformation, analogous to orange peel formation.",large grains don't deform uniformly at the surface and you will get a surface roughness that can be a lot more than that. It's called orange peel because it has the texture of an orange,DP_S2012_03,§1.p4,https://r-h-taylor.github.io/lectures/cjom37YsqTM.html?q=large%20grains%20don%27t%20deform%20uniformly%20at%20the%20surface%20and%20you%20w#l3-s1-p4
,3,open_problem,joining,Characterize lubricant depletion and stearate retention under extreme sliding conditions in rapid cold-heading extrusion.,"If you just try to do oil all those extrusion operations, you have so much sliding against the workpiece, the oil would be gone. You have to have some peanut butter that has sticking power through long stretching of that.",DP_S2012_03,§4.p3,https://r-h-taylor.github.io/lectures/cjom37YsqTM.html?q=If%20you%20just%20try%20to%20do%20oil%20all%20those%20extrusion%20operations%2C%20yo#l3-s4-p3
,3,open_problem,joining,How lubricant films behave under the extreme pressures (3× yield strength) encountered in cold forming remains incompletely understood.,"I have some contact area K. From this I might be able to estimate some deformation zone geometry. The plastic deformation — this is a Delta equal to 10 type operation, high Delta operation, like a hardness test. But you will have a lubricant film which might get pushed aside under these very high pressures. I'm talking about pressures that can be three times the yield strength of the material. So the lubricant films don't always stay in place.",DP_S2012_03,§6.p2,https://r-h-taylor.github.io/lectures/cjom37YsqTM.html?q=I%20have%20some%20contact%20area%20K.%20From%20this%20I%20might%20be%20able%20to%20est#l3-s6-p2
,3,open_problem,processing,The role of friction in determining deformation zone geometry during rolling and forming operations needs characterization beyond the frictionless-processing approximations in standard texts.,"What we want to talk about is the effect of friction. This is figure 8.1 of Backofen. Some of the science is: I've got some compressive pressure P that might be the yield strength, the local yield strength, I have some contact area K. From this I might be able to estimate some deformation zone geometry.",DP_S2012_03,§6.p2,https://r-h-taylor.github.io/lectures/cjom37YsqTM.html?q=What%20we%20want%20to%20talk%20about%20is%20the%20effect%20of%20friction.%20This%20i#l3-s6-p2
,3,open_problem,processing,The mechanism by which axisymmetric wire deformation reduces the inhomogeneity factor compared to plain-strain strip deformation—specifically why the 'plug' of undeformed material in the center creates less redundant deformation—deserves explicit analysis.,Because I'm forcing the material to squeeze. The stuff in the center is hardly deforming at all. There's a big plug of material that doesn't get work-hardened very much. That plug of material that's not deforming — the redundant deformation is not as big.,DP_S2012_03,§7.p8,https://r-h-taylor.github.io/lectures/cjom37YsqTM.html?q=Because%20I%27m%20forcing%20the%20material%20to%20squeeze.%20The%20stuff%20in%20th#l3-s7-p8
,3,open_problem,processing,"Understand why centerline cracks form in wire drawing and extrusion despite low strain (Delta ~1.5), when compressive forces fail to penetrate to the axial center.","If I call this the axisymmetric line going down the center — this is a Delta operation of like 1.5. Not very high Delta. But look at that little arrow point right there. That's in tension. It actually started to slip and shear. All this stuff is in heavy compression, but as I get towards the center I actually get to tension. Because of the inhomogeneous deformation, the compressive forces don't reach all the way to the center.",DP_S2012_03,§8.p3,https://r-h-taylor.github.io/lectures/cjom37YsqTM.html?q=If%20I%20call%20this%20the%20axisymmetric%20line%20going%20down%20the%20center%20%E2%80%94#l3-s8-p3
,3,open_problem,corrosion,Characterize the stress state and failure mechanism in the Blackhawk helicopter washer to understand how residual stress and stress-corrosion cracking interact in aluminum alloys used for critical components.,"An Army helicopter in Arkansas was doing a night vision goggles training exercise, and it crashed and killed six Army soldiers and two pilots. It was because this aluminum washer was supposed to have been stress-relieved and was not. It had residual stresses in it, and it got stress corrosion cracking.",DP_S2012_03,§8.p5,https://r-h-taylor.github.io/lectures/cjom37YsqTM.html?q=An%20Army%20helicopter%20in%20Arkansas%20was%20doing%20a%20night%20vision%20gogg#l3-s8-p5
,3,open_problem,processing,Understand the physical mechanism by which orange peel surface texture forms in large-grain sheet materials during stamping.,"One of you asked me about orange peel. Here's a picture of orange peel — this is from Hosford's book too, probably chapter 16. I don't know what it is — looks like it might have been the bottom of a gas tank in the automotive industry — but it's a drawing from a stamping from sheet metal, and the surface looks like an orange. It's caused by large grain size.",DP_S2012_04,§3.p1,https://r-h-taylor.github.io/lectures/YErlfj2xGQo.html?q=One%20of%20you%20asked%20me%20about%20orange%20peel.%20Here%27s%20a%20picture%20of%20o#l3-s3-p1
,3,open_problem,joining,Why stearate molecules are such effective lubricants in metal forming remains unexplained.,"remember, soaps are stearates, and later we'll talk about why stearates are such good lubricants.",DP_S2012_04,§3.p4,https://r-h-taylor.github.io/lectures/YErlfj2xGQo.html?q=remember%2C%20soaps%20are%20stearates%2C%20and%20later%20we%27ll%20talk%20about%20wh#l3-s3-p4
,3,open_problem,processing,The mechanism by which hydrostatic pressure allows metals to reach higher elongation without causing shape change needs clarification.,"It might allow it to go to higher elongation, but it doesn't cause the shape change. The shape change is due to shear.",DP_S2012_04,§3.p3,https://r-h-taylor.github.io/lectures/YErlfj2xGQo.html?q=It%20might%20allow%20it%20to%20go%20to%20higher%20elongation%2C%20but%20it%20doesn%27t#l3-s3-p3
,3,open_problem,titanium,"Understanding why superplasticity enables 400% stretch in nickel-base superalloys at 2200°F, and what physical mechanisms enable clay-like deformation.","in superplastic forming you get material that, instead of taking a 30% stretch, will take a 400% stretch... You take the nickel-base superalloy up to 2200°F and it will deform like clay.",DP_S2012_04,§5.p5,https://r-h-taylor.github.io/lectures/YErlfj2xGQo.html?q=in%20superplastic%20forming%20you%20get%20material%20that%2C%20instead%20of%20ta#l3-s5-p5
,3,open_problem,other,Determine the physical basis for why Amtrak's trolley wire specification imposed an upper limit on elongation (8–14%) rather than just a minimum.,"Amtrak for some reason had a spec of between 8 and 14% elongation, and this stuff had 18% elongation. It had too much elongation. It was too ductile. It was too good. Ordinarily you have to meet a minimum, but they had given an upper limit. Why someone said the elongation should be between 8 and 14, I don't know.",DP_S2012_04,§8.p5,https://r-h-taylor.github.io/lectures/YErlfj2xGQo.html?q=Amtrak%20for%20some%20reason%20had%20a%20spec%20of%20between%208%20and%2014%25%20elong#l3-s8-p5
,3,open_problem,processing,Understand why large grain size in drawn copper wire causes catastrophic surface degradation and sparking against pantograph brushes at operational speed.,"There really was nothing in the literature that said you couldn't do this, that the grain size should be a big problem. But it turned out it was essentially an orange peel effect, a large grain size effect.",DP_S2012_04,§8.p8,https://r-h-taylor.github.io/lectures/YErlfj2xGQo.html?q=There%20really%20was%20nothing%20in%20the%20literature%20that%20said%20you%20cou#l3-s8-p8
,3,open_problem,processing,The mechanism by which non-uniform work hardening from inhomogeneous flow creates residual stress distributions remains underdeveloped.,"The last thing I listed was residual stresses. If I have non-uniform flow and some of it's shearing once, twice, three times, and other material is just shearing once to get the same shape change, in different parts of the part I've got different amounts of work hardening.",DP_S2012_05,§2.p5,https://r-h-taylor.github.io/lectures/2-eiyScKx6A.html?q=The%20last%20thing%20I%20listed%20was%20residual%20stresses.%20If%20I%20have%20non#l3-s2-p5
,3,open_problem,aluminum,"Whether mechanical stretch or compression actually equalizes the residual stress distribution across a part, or merely smooths peaks and valleys.","You compress it 3% — you pancake it 3% — rather than stretch it. Still mechanical stress relief. The parts that are high compression you will yield, and the places that are low compression, when you do that compression you will not yield, so when you're all done you've smoothed out all the peaks and valleys of residual stress going across the part.",DP_S2012_05,§5.p7,https://r-h-taylor.github.io/lectures/2-eiyScKx6A.html?q=You%20compress%20it%203%25%20%E2%80%94%20you%20pancake%20it%203%25%20%E2%80%94%20rather%20than%20stretch#l3-s5-p7
,3,open_problem,processing,"Dead zones form under specific friction and die-angle conditions, but the precise criteria for predicting when they occur remain unclear.","If your die angle is not right, then nature will say that the easiest shearing plane may not be the frictional plane of the workpiece. There may be a lower-energy shear at some other angle, in which case you'll just shear the material — full frictional shear of the material.",DP_S2012_05,§7.p1,https://r-h-taylor.github.io/lectures/2-eiyScKx6A.html?q=If%20your%20die%20angle%20is%20not%20right%2C%20then%20nature%20will%20say%20that%20th#l3-s7-p1
,3,open_problem,processing,"The recrystallization behavior of intermediate cold-work material (10–50% strain) is unpredictable and produces inhomogeneous grain sizes, unlike fully deformed or undeformed material.","This stuff may or may not recrystallize, but if it does you're going to end up with a bunch of different grain sizes... The worst possible situation is some sort of intermediate or low level of work. You have to put a lot of work into the material to get a uniform product.",DP_S2012_05,§7.p8–p10,https://r-h-taylor.github.io/lectures/2-eiyScKx6A.html?q=This%20stuff%20may%20or%20may%20not%20recrystallize%2C%20but%20if%20it%20does%20you%27#l3-s7-p8
,3,open_problem,processing,The Conform process has material limits—steels crack the dies—but the fundamental mechanical reason for the strength ceiling across different alloys is not explained.,"The loads are so high that if you try to put steel through, all you're going to do is crack your steel dies. The steel is not strong enough to deform steel that much. You can deform aluminum because it's soft, you can sort of do copper, you can't do brass very easily — you'll crack your dies, almost no die life.",DP_S2012_05,§7.p11,https://r-h-taylor.github.io/lectures/2-eiyScKx6A.html?q=The%20loads%20are%20so%20high%20that%20if%20you%20try%20to%20put%20steel%20through%2C%20#l3-s7-p11
,3,open_problem,processing,How friction coefficient in ring tests varies with contact time and deformation rate at high temperatures remains unclear for nickel-based superalloys.,"The contact time — someone was asking how long — is a fraction of a second, measured in tens of milliseconds... The frictional shear factor as measured in a ring test was anywhere from 0.18 to 0.53.",DP_S2012_05,§9.p6,https://r-h-taylor.github.io/lectures/2-eiyScKx6A.html?q=The%20contact%20time%20%E2%80%94%20someone%20was%20asking%20how%20long%20%E2%80%94%20is%20a%20fracti#l3-s9-p6
,3,open_problem,processing,Understand what causes overlapping defects (forging laps) when material fills closed-die cavities during forging.,"In a closed die forging, when you're trying to fill some cavity, as you're trying to fill this mold, you will get situations where you actually get overlaps.",DP_S2012_06,§3.p3,https://r-h-taylor.github.io/lectures/K4LxKVNarnM.html?q=In%20a%20closed%20die%20forging%2C%20when%20you%27re%20trying%20to%20fill%20some%20cav#l3-s3-p3
,3,open_problem,processing,Characterize the frequency and detectability of end-effect defects in forgings caused by metal flow stagnation near die exits.,"At the end you basically get a dead zone... it doesn't want to go too far in that direction and turn a 90-degree turn... in some cases that type of defect shows up in forgings, because people weren't careful about the end of the forging.",DP_S2012_06,§3.p9,https://r-h-taylor.github.io/lectures/K4LxKVNarnM.html?q=At%20the%20end%20you%20basically%20get%20a%20dead%20zone...%20it%20doesn%27t%20want%20#l3-s3-p9
,3,open_problem,corrosion,"Investigate the wear resistance mechanisms of indium tin oxide coatings under repeated mechanical contact, such as in touchscreen buttons.","The problem is, it doesn't have great wear resistance. You ever go into an automatic teller, and down where they have the button in the same corner, and people hit it with their fingernail, and it wears out? So wear is a problem.",DP_S2012_07,§2.p2,https://r-h-taylor.github.io/lectures/6TFtOotD1Dk.html?q=The%20problem%20is%2C%20it%20doesn%27t%20have%20great%20wear%20resistance.%20You%20e#l3-s2-p2
,3,open_problem,processing,"Quantify how anisotropic texture in rolled sheet metal affects strength in the through-thickness versus in-plane directions, analogous to grain anisotropy in wood.","Who says that the strength in the through-thickness direction of a thin sheet is the same as it is in the sheet, pulling in the direction of the sheet? And who says that pulling in the one direction is the same as pulling in the two direction, if one is the rolling direction of a piece of sheet, two is the transverse direction, and three is the through-thickness direction?",DP_S2012_07,§5.p1,https://r-h-taylor.github.io/lectures/6TFtOotD1Dk.html?q=Who%20says%20that%20the%20strength%20in%20the%20through-thickness%20directio#l3-s5-p1
,3,open_problem,processing,"Eagar notes that most metals have very low strain-rate sensitivity (m ≈ 0.01–0.02), causing necking, whereas superplastic materials achieve m ≥ 0.3; the mechanism underlying this wide range remains unclear.","If you can get m up to 0.3, it will start to behave superplastically. Superplastic materials have large m values like 0.3. Most metals have m values on the order of 0.01 or 0.02.",DP_S2012_07,§6.p4,https://r-h-taylor.github.io/lectures/6TFtOotD1Dk.html?q=If%20you%20can%20get%20m%20up%20to%200.3%2C%20it%20will%20start%20to%20behave%20superpla#l3-s6-p4
,3,open_problem,processing,Understand why work-hardening rates differ between principal stress directions in anisotropic materials.,"But who says that the ellipse is going to grow with the same amount of work hardening in the one direction as the two direction? The ellipse doesn't have to be just a larger version of the smaller ellipse. You can have a change in your major and minor axis, if the material is not perfectly isotropic in the way it deforms.",DP_S2012_07,§9.p1,https://r-h-taylor.github.io/lectures/6TFtOotD1Dk.html?q=But%20who%20says%20that%20the%20ellipse%20is%20going%20to%20grow%20with%20the%20same#l3-s9-p1
,3,open_problem,titanium,"Why do hexagonal close-packed metals like alpha titanium achieve R values of 4–5 through twinning, while cubic metals max out at 2–3?",And how can you get all the way up to five just because you're hexagonal close packed?,DP_S2012_08,§4.p3,https://r-h-taylor.github.io/lectures/Xp4riNsidS8.html?q=And%20how%20can%20you%20get%20all%20the%20way%20up%20to%20five%20just%20because%20you%27#l3-s4-p3
,3,open_problem,steel,"Hydrogen embrittlement in high-strength steels may not always produce the characteristic intergranular fracture, making diagnosis difficult in ~2% of cases.","Ninety-eight percent of the time you do, so these people are thinking, well, I don't see intergranular, it can't be hydrogen. You need to know about the other 2% sometimes.",DP_S2012_08,§7.p6,https://r-h-taylor.github.io/lectures/Xp4riNsidS8.html?q=Ninety-eight%20percent%20of%20the%20time%20you%20do%2C%20so%20these%20people%20are#l3-s7-p6
,3,open_problem,fracture,"Brittle failures in high-strength steel elevator cables and aircraft-grade steels lack the expected intergranular fracture pattern even when hydrogen embrittlement is suspected, complicating failure diagnosis.","One of the things you always suspect when you have brittle failures in steel is hydrogen embrittlement. He says, but we didn't see intergranular fracture... It's not characteristic in piano wire because you don't have grains that are well enough shaped to give you intergranular fracture.",DP_S2012_08,§7.p6,https://r-h-taylor.github.io/lectures/Xp4riNsidS8.html?q=One%20of%20the%20things%20you%20always%20suspect%20when%20you%20have%20brittle%20f#l3-s7-p6
,3,open_problem,processing,Eagar notes that plane strain conditions in cup drawing occur at two distinct locations but behave equivalently only in isotropic materials—the mechanisms differ fundamentally when anisotropy is present.,"A couple days ago I told you that this is plane strain and this is plane strain, and the two are equivalent. They are equivalent except when you're anisotropic. Here the strengthening is minor, here the strengthening is major.",DP_S2012_08,§8.p3,https://r-h-taylor.github.io/lectures/Xp4riNsidS8.html?q=A%20couple%20days%20ago%20I%20told%20you%20that%20this%20is%20plane%20strain%20and%20t#l3-s8-p3
,3,open_problem,other,"High-temperature superconductors show a critical-current anisotropy of seven orders of magnitude depending on field orientation, but published measurements typically only report the favorable parallel-field case.","The people who are measuring it and telling you that they're getting 10-to-the-eighth amps per square cm are doing it with the field parallel, not perpendicular. If they measure it the other way, the critical current is not 10 to the eighth, it's 10 to the first. Seven orders of magnitude difference.",DP_S2012_10,§5.p3,https://r-h-taylor.github.io/lectures/ESLkKhUE7jA.html?q=The%20people%20who%20are%20measuring%20it%20and%20telling%20you%20that%20they%27re#l3-s5-p3
,3,open_problem,processing,Quantify the strain-rate sensitivity and recrystallization mechanisms in Conform processing across different powder alloys and temperatures.,"For these alloys, I determined, you end up getting what's called dynamic recrystallization. It comes out hot — you don't want to touch this piece of copper, because all the work that's gone into it brings it out at 400 or 500°. But at that 400 or 500° for this particular alloy, which has a little bit of silver in it, you get to the recrystallization range.",DP_S2012_11,§4.p2,https://r-h-taylor.github.io/lectures/7ghihjZEZvk.html?q=For%20these%20alloys%2C%20I%20determined%2C%20you%20end%20up%20getting%20what%27s%20ca#l3-s4-p2
,3,open_problem,titanium,Understanding why the 70% composition peak disappears in titanium superplastic alloys despite geometric predictions.,"In theory there should be. In this case, in titanium, it has to do with the diffusion of the different elements in one phase versus the other phase. If it were just simple geometry, yes, there would be one at 70. If you include the coarsening phenomena and the diffusivity in the different phases, that's probably why we get rid of the 70% peak.",DP_S2012_11,§5.p5,https://r-h-taylor.github.io/lectures/7ghihjZEZvk.html?q=In%20theory%20there%20should%20be.%20In%20this%20case%2C%20in%20titanium%2C%20it%20has#l3-s5-p5
,3,open_problem,other,"Why single-phase alloys cannot achieve superplasticity while two-phase alloys can, despite both having grain boundary sliding mechanisms.","It's harder to get superplasticity in a single-phase alloy. It's easiest to get superplasticity when you have about 30% of one phase inside another, because that 30% phase is completely encapsulated.",DP_S2012_11,§5.p4,https://r-h-taylor.github.io/lectures/7ghihjZEZvk.html?q=It%27s%20harder%20to%20get%20superplasticity%20in%20a%20single-phase%20alloy.%20#l3-s5-p4
,3,open_problem,steel,"Why 304 stainless steel cannot be made superplastic while duplex stainless steels can, despite both being austenitic/ferritic systems.","If we could make 304 stainless superplastic, believe me we would — it's the workhorse alloy. But you can't do it. You have to use a duplex stainless, because it's best to have that 30% concentration.",DP_S2012_11,§6.p3,https://r-h-taylor.github.io/lectures/7ghihjZEZvk.html?q=If%20we%20could%20make%20304%20stainless%20superplastic%2C%20believe%20me%20we%20w#l3-s6-p3
,3,open_problem,corrosion,The kinetics of delayed hydrogen cracking in drawn stainless steel—why cracks appear days later during shipping rather than immediately after forming—is not well explained.,"It's delayed cracking — it didn't exist when they put it on the boat; by the time it got off the boat in Japan, the hydrogen had done its dirty work.",DP_S2012_11,§10.p5,https://r-h-taylor.github.io/lectures/7ghihjZEZvk.html?q=It%27s%20delayed%20cracking%20%E2%80%94%20it%20didn%27t%20exist%20when%20they%20put%20it%20on%20#l3-s10-p5
,3,open_problem,steel,Why martensitic stainless steel exhibits transformation-induced plasticity with dramatically higher necking strains than conventional steels remains incompletely characterized.,"For martensitic stainless steel, it can be 0.5 rather than 0.2, because this is a transformation-induced plasticity — remember I passed around the ferrite pot and the magnetism — it changes crystal structure, so you get increased plasticity.",DP_S2012_12,§2.p5,https://r-h-taylor.github.io/lectures/MXXmgVe2ryw.html?q=For%20martensitic%20stainless%20steel%2C%20it%20can%20be%200.5%20rather%20than%200#l3-s2-p5
,3,open_problem,fracture,The microscopic mechanism by which stress state (triaxial vs. uniaxial) controls fracture mode in the same steel is not fully explained.,"The steel will change the fracture mode just by the stress state, whether it's triaxial or uniaxial... The material will change the microscopic fracture mode depending on the stress state.",DP_S2012_12,§4.p5,https://r-h-taylor.github.io/lectures/MXXmgVe2ryw.html?q=The%20steel%20will%20change%20the%20fracture%20mode%20just%20by%20the%20stress%20s#l3-s4-p5
,3,open_problem,processing,Understanding why grain growth during superplastic metal drawing would destroy superplasticity remains unclear and untested.,"You could probably do it, but it works really well with glass. And it's kept Corning a profitable company over the last 20 years... if you tried to do this very long time with super plastic metals, the grains would probably start growing, and then you lose your super plasticity.",DP_S2012_12,§6.p6,https://r-h-taylor.github.io/lectures/MXXmgVe2ryw.html?q=You%20could%20probably%20do%20it%2C%20but%20it%20works%20really%20well%20with%20glas#l3-s6-p6
,3,open_problem,glass,Whether non-uniform glass thickness in blow-molded black light bulbs leaves unrelieved residual stresses that cause catastrophic failure under thermal shock.,"When you have different thicknesses and you do the annealing process — you form at one temperature and at an intermediate temperature you anneal to soften the glass and relieve residual stresses, and then you cool it down — when you don't have uniform thickness, you may not get uniform cooling and therefore you may not have eliminated your residual stresses.",DP_S2012_12,§8.p8,https://r-h-taylor.github.io/lectures/MXXmgVe2ryw.html?q=When%20you%20have%20different%20thicknesses%20and%20you%20do%20the%20annealing#l3-s8-p8
,3,open_problem,glass,"The kinetics and mechanism of surface corrosion of freshly drawn glass fibers exposed to atmospheric moisture, and how it depletes the exceptional strength of virgin glass.","Glass actually corrodes in the moisture in the air — it's a silicate, and it forms silicate hydroxides. The strength of glass will change dramatically within a few days after its manufacture.",DP_S2012_12,§9.p1,https://r-h-taylor.github.io/lectures/MXXmgVe2ryw.html?q=Glass%20actually%20corrodes%20in%20the%20moisture%20in%20the%20air%20%E2%80%94%20it%27s%20a%20#l3-s9-p1
,3,open_problem,welding,"The heat affected zone in laser and electron beam welds is often claimed to shrink to zero, but Eagar suggests this contradicts handbooks and may be incompletely understood.","A lot of people will say the size of the heat affected zone in a laser or electron beam weld goes down to zero, but that's not true. It says that in the welding handbook, but I've sort of made a career out of going to welding conferences and knocking what the welding handbook says is wrong.",FW_Su2013_01,§6.p1,https://r-h-taylor.github.io/lectures/v7P1NjmHnYQ.html?q=A%20lot%20of%20people%20will%20say%20the%20size%20of%20the%20heat%20affected%20zone%20#l3-s6-p1
,3,open_problem,titanium,GE's electron beam welds of titanium compressor cases were plagued by porosity with unclear root cause despite extensive troubleshooting.,They want to weld them together with an electron beam circumferential weld about a half an inch thick... they were getting porosity in their titanium welds. You're supposed to take two of these thirty-thousand-dollar units and weld them together; now it's a seventy- or eighty-thousand-dollar unit.,FW_Su2013_01,§8.p5,https://r-h-taylor.github.io/lectures/v7P1NjmHnYQ.html?q=They%20want%20to%20weld%20them%20together%20with%20an%20electron%20beam%20circum#l3-s8-p5
,3,open_problem,fatigue,"Bimetallic bandsaw blades created by electron beam welding use high-speed steel tips on spring steel backing, but the tips have worse fracture and fatigue strength than the backing—the mechanics of this composite design gap are not explored.","The steel on the tips has very good high-temperature strength, but it doesn't have the same fracture and fatigue strength as the spring steel. You end up with a composite.",FW_Su2013_01,§9.p6,https://r-h-taylor.github.io/lectures/v7P1NjmHnYQ.html?q=The%20steel%20on%20the%20tips%20has%20very%20good%20high-temperature%20strengt#l3-s9-p6
,3,open_problem,other,Understand why halogenated fire suppressants (like Halon) so effectively interrupt combustion by poisoning intermediate radical species.,The chlorine or bromine or whatever the halide is poisons these intermediate reactions and stops the combustion process. It's very effective — it's just not good for global warming.,FW_Su2013_02,§1.p4,https://r-h-taylor.github.io/lectures/EvpwSXoRHZk.html?q=The%20chlorine%20or%20bromine%20or%20whatever%20the%20halide%20is%20poisons%20th#l3-s1-p4
,3,open_problem,measurement,"Determine the quantitative relationship between torch orifice design, gas velocity, and flashback risk to optimize flame stability across different fuel-oxygen ratios.","If you had too big a torch and not a big enough orifice, not enough gas, you could actually get flashback — once it ignites, the gas could burn faster going into the torch than coming out. So you have to balance the speed out with the burning velocity.",FW_Su2013_02,§2.p2,https://r-h-taylor.github.io/lectures/EvpwSXoRHZk.html?q=If%20you%20had%20too%20big%20a%20torch%20and%20not%20a%20big%20enough%20orifice%2C%20not#l3-s2-p2
,3,open_problem,other,"Eagar notes that solid rocket motors cannot be turned off once ignited, and mentions that people are developing stoppable versions but provides no details on the technical barrier.","There's a problem with solid rocket motors though. Once you turn them on, how do you turn them off? Basically you don't. You burn out until the fuel's used up. People are developing solid rocket boosters that can be turned off, but basically a solid rocket motor is just a mixture of oxidant and fuel and you have a controlled explosion going off.",FW_Su2013_02,§2.p9,https://r-h-taylor.github.io/lectures/EvpwSXoRHZk.html?q=There%27s%20a%20problem%20with%20solid%20rocket%20motors%20though.%20Once%20you%20#l3-s2-p9
,3,open_problem,titanium,Titanium flame-cuts despite theory predicting it shouldn't; the mechanism of oxide dissolution into titanium metal at ~900°C needs systematic investigation.,"Titanium in theory should not be able to be flame cut, but in fact it can be... The reason it works is titanium will start dissolving its own oxide at about 900 degrees centigrade. As you get up to higher temperatures, this protective titanium oxide coating dissolves away into the titanium, and you expose fresh metal to pure oxygen — you get a very rapid reaction, like a flare.",FW_Su2013_02,"§5.p2, §5.p4",https://r-h-taylor.github.io/lectures/EvpwSXoRHZk.html?q=Titanium%20in%20theory%20should%20not%20be%20able%20to%20be%20flame%20cut%2C%20but%20i#l3-s5-p2
,3,open_problem,joining,"Plasma cutting produces rounded corners instead of sharp square corners when cutting at turns, an inherent problem whose root cause in heat-flow dynamics deserves investigation.","When you get to corners and turn the corner, we have problems — we don't get nice square corners. That has to do with your turning and changing your heat flow direction. So that's an inherent problem.",FW_Su2013_02,§6.p1,https://r-h-taylor.github.io/lectures/EvpwSXoRHZk.html?q=When%20you%20get%20to%20corners%20and%20turn%20the%20corner%2C%20we%20have%20problem#l3-s6-p1
,3,open_problem,cutting,Molten copper jet cutting technology failed due to inability to maintain stable laminar flow and poor ceramic nozzle lifetime—fundamental engineering challenges remain unsolved.,"They could cut through steel with a liquid copper jet at 10 times the speed of plasma cutting or oxyacetylene. The problem was, how do you generate a nice stable laminar flow jet of molten copper?...their lifetime wasn't very good.",FW_Su2013_02,§7.p6,https://r-h-taylor.github.io/lectures/EvpwSXoRHZk.html?q=They%20could%20cut%20through%20steel%20with%20a%20liquid%20copper%20jet%20at%2010%20#l3-s7-p6
,3,open_problem,processing,Quantitative understanding of flame-straightening mechanics and optimal heating parameters for different material types remains poorly developed.,"This book has the potential to save the metalworking industry millions of dollars, which is in fact true. The difference between that book and the Maritime Administration books is, this one's quantitative. There's actually some science behind it. There's a lot of practical art behind the other one — the guy worked in the foundry and had to straighten things all the time.",FW_Su2013_03,§1.p7,https://r-h-taylor.github.io/lectures/Fx3xPdMmlac.html?q=This%20book%20has%20the%20potential%20to%20save%20the%20metalworking%20industr#l3-s1-p7
,3,open_problem,other,Unresolved debate over whether shape-charge penetration is driven by liquid-jet metallurgy or pure kinetic deformation mechanics.,"There have been debates on whether it is liquid copper, or whether it's just the kinetic energy of all that copper being mechanically deformed. That's what they do at Aberdeen Proving Ground — try to design these things and make better, more efficient ones. I saw some work — and I'm not telling you anything — where they believe they proved it actually is a liquid jet.",FW_Su2013_03,§3.p6,https://r-h-taylor.github.io/lectures/Fx3xPdMmlac.html?q=There%20have%20been%20debates%20on%20whether%20it%20is%20liquid%20copper%2C%20or%20w#l3-s3-p6
,3,open_problem,arc physics,The mechanism by which electrons penetrate the cold boundary layer in a plasma arc using voltage and kinetic energy remains incompletely characterized.,"If I have electrons — if this is a plasma arc — and I have enough voltage across the cold boundary layer — the cold boundary layer may be on the order between 1500 Centigrade (the melting temperature of steel) and the free-stream temperature of three thousand or ten thousand. Out here let's just call it three thousand Centigrade. This is a non-ionized gas, too low a temperature to give off ions. So the electrons have to punch their way through with pure voltage and kinetic energy.",FW_Su2013_03,§5.p4,https://r-h-taylor.github.io/lectures/Fx3xPdMmlac.html?q=If%20I%20have%20electrons%20%E2%80%94%20if%20this%20is%20a%20plasma%20arc%20%E2%80%94%20and%20I%20have%20e#l3-s5-p4
,3,open_problem,welding,The precise mechanism behind thoriated tungsten's electron-emission advantage and work-function reduction remains experimentally documented but theoretically unexplained.,"I don't know exactly why they started using thoriated tungsten, but thorium oxide is a very easy electron emitter. It gives up its electrons very easily, and it cools down the surface of the tip of the cathode by lowering the phi voltage — the work-function voltage.",FW_Su2013_03,§6.p10,https://r-h-taylor.github.io/lectures/Fx3xPdMmlac.html?q=I%20don%27t%20know%20exactly%20why%20they%20started%20using%20thoriated%20tungst#l3-s6-p10
,3,open_problem,welding,Arc plasma behavior under cooling remains counterintuitive and poorly mechanistically understood despite empirical observation.,"our electric arcs are very strange beasts in the sense that if you cool the outside, it gets hotter on the inside. If you cool the outside, you're condensing some of those electrons, turning them back into neutrals.",FW_Su2013_03,§7.p4,https://r-h-taylor.github.io/lectures/Fx3xPdMmlac.html?q=our%20electric%20arcs%20are%20very%20strange%20beasts%20in%20the%20sense%20that%20#l3-s7-p4
,3,open_problem,welding,Understand the mechanism by which electric fields pull liquid metal into peaks and overcome surface tension during arc initiation on liquid surfaces.,"It's most difficult to get Paschen breakdown or field emission on a liquid surface. Liquid mercury is harder because liquids don't have any peaks. But when you start getting to these voltages, even on a liquid surface, the electric field can actually create little peaks of liquid.",FW_Su2013_04,§3.p6,https://r-h-taylor.github.io/lectures/Aq3Q1CyX8uU.html?q=It%27s%20most%20difficult%20to%20get%20Paschen%20breakdown%20or%20field%20emissi#l3-s3-p6
,3,open_problem,joining,The mechanism by which cadmium oxide dramatically increases current capacity in silver contacts remains poorly understood despite practical importance.,"Cadmium, for reasons that are still not completely understood, will double the amount of current. It's not the same thing as thoriated tungsten — thoriated tungsten will double the amount of current too — but the physics are a little different.",FW_Su2013_04,§4.p1,https://r-h-taylor.github.io/lectures/Aq3Q1CyX8uU.html?q=Cadmium%2C%20for%20reasons%20that%20are%20still%20not%20completely%20understoo#l3-s4-p1
,3,open_problem,aluminum,The detailed plasma physics of how argon ions break up surface oxides during variable-polarity AC plasma welding of aluminum is incompletely understood.,"One of the theories is that the argon ions, when you're on the negative half cycle, will be thrown against the surface and break up the surface oxide. There may be some truth to that, but it's probably more complex. We don't have to get into all the details of the plasma physics and cathode spots.",FW_Su2013_04,§4.p10,https://r-h-taylor.github.io/lectures/Aq3Q1CyX8uU.html?q=One%20of%20the%20theories%20is%20that%20the%20argon%20ions%2C%20when%20you%27re%20on%20t#l3-s4-p10
,3,open_problem,plasma,Plasma arc welding electrode tips degrade rapidly (lasting ~30 minutes); the mechanism and material science behind this wear is not well characterized.,"One of the problems with plasma arc welding is those little tips — the replaceable tips — last about a half an hour. When they first started coming out, they lasted about five minutes. That's one of the reasons plasma didn't just get picked up immediately. They've improved the cooling and the design, so now they get about a half an hour.",FW_Su2013_04,§4.p15,https://r-h-taylor.github.io/lectures/Aq3Q1CyX8uU.html?q=One%20of%20the%20problems%20with%20plasma%20arc%20welding%20is%20those%20little%20#l3-s4-p15
,3,open_problem,welding,Quantifying the current threshold above which plasma jet pressure causes weld pool gouging and humped bead defects in gas tungsten arc welding.,"once I get up to about 200 amperes, the arc force coming off this thing will actually start to gouge the weld pool. Above 200 amperes on a gas tungsten arc, I will start creating defects.",FW_Su2013_04,§6.p2,https://r-h-taylor.github.io/lectures/Aq3Q1CyX8uU.html?q=once%20I%20get%20up%20to%20about%20200%20amperes%2C%20the%20arc%20force%20coming%20off#l3-s6-p2
,3,open_problem,titanium,"Understand why the cathode spot remains stationary on flat titanium surfaces unlike other metals, causing upward plasma jets that disrupt droplet transfer.","In titanium, that spot is stationary. It doesn't like to wander around. From the flat surface you'll get a jet shooting up from the surface that interferes with the metal transfer.",FW_Su2013_04,§6.p13,https://r-h-taylor.github.io/lectures/Aq3Q1CyX8uU.html?q=In%20titanium%2C%20that%20spot%20is%20stationary.%20It%20doesn%27t%20like%20to%20wan#l3-s6-p13
,3,open_problem,welding,Arc blow phenomenon lacks fundamental documentation and understanding despite being a common welding problem.,"There's almost nothing in the literature, even the welding handbook, about arc blow, other than that it exists. You have to do something to stabilize it, but there's very little in the open literature that really talks about it.",FW_Su2013_04,"§7.p9, §7.p16",https://r-h-taylor.github.io/lectures/Aq3Q1CyX8uU.html?q=There%27s%20almost%20nothing%20in%20the%20literature%2C%20even%20the%20welding%20h#l3-s7-p9
,3,open_problem,welding,Electromagnetic magnetic field effects on arc stability in dissimilar metal electron beam welding remain unsolved.,"We'll get to that also when we do high-power electron beam, because there are some problems that cannot be solved because of magnetic arc blow on dissimilar metals in electron beam.",FW_Su2013_04,§7.p16,https://r-h-taylor.github.io/lectures/Aq3Q1CyX8uU.html?q=We%27ll%20get%20to%20that%20also%20when%20we%20do%20high-power%20electron%20beam%2C%20#l3-s7-p16
,3,open_problem,welding,"Experimentally determine which specific temperature threshold (melting point, critical transformation temperature, etc.) best defines the heat-affected zone width across different alloys and travel speeds.","If you say a thousand degrees is my heat affected zone, you can find where a thousand degrees would be on that line. That will give you the width of the heat affected zone right there.",FW_Su2013_04,§8.p17,https://r-h-taylor.github.io/lectures/Aq3Q1CyX8uU.html?q=If%20you%20say%20a%20thousand%20degrees%20is%20my%20heat%20affected%20zone%2C%20you%20#l3-s8-p17
,3,open_problem,joining,Investigate zinc-copper alloying and high-resistance interface formation at galvanized steel spot-weld interfaces.,"They had problems because the zinc was alloying with the copper, creating a high-resistance interface.",FW_Su2013_05,§3.p6,https://r-h-taylor.github.io/lectures/zKu_AK_57lM.html?q=They%20had%20problems%20because%20the%20zinc%20was%20alloying%20with%20the%20cop#l3-s3-p6
,3,open_problem,welding,The effect of electrode tip geometry (angle and corner radius) on current concentration and weld quality in spot welding remains incompletely characterized.,"They were using an angle here of about 15 degrees on the electrode tip. If your current is coming down through here, it has to come down like that, and if you think of flow lines, the current bunches up right at the corner. That's the same thing as a stress concentration. Mathematically, it's solving Laplace's equation.",FW_Su2013_05,§4.p5,https://r-h-taylor.github.io/lectures/zKu_AK_57lM.html?q=They%20were%20using%20an%20angle%20here%20of%20about%2015%20degrees%20on%20the%20ele#l3-s4-p5
,3,open_problem,welding,The discrepancy between electrode geometry (45° in qualification tests vs. 15° in production plants) causing premature electrode wear in automotive spot welding has not been systematically investigated or corrected across the industry.,"What were they using in the plant? A 15-degree angle. What were they using to run the test? Part of the Ford spec — 45 degrees. 45 gave you better electrode life, but then you go in the plant and use the angle that gives you lousy electrode life.",FW_Su2013_05,§4.p7,https://r-h-taylor.github.io/lectures/zKu_AK_57lM.html?q=What%20were%20they%20using%20in%20the%20plant%3F%20A%2015-degree%20angle.%20What%20w#l3-s4-p7
,3,open_problem,welding,The mechanism and design constraints limiting electron beam welding to ~0.1 ampere for proper focus—and whether higher-voltage machines (600 kV) achieved adequate penetration in thick steel—remain incompletely explained.,"The Japanese built one at 600 kilovolts and got 60 kilowatts, and were doing electron beam welds in four, five, six, eight inch thick steel. We'll talk about why that didn't work all that well.",FW_Su2013_05,§6.p5,https://r-h-taylor.github.io/lectures/zKu_AK_57lM.html?q=The%20Japanese%20built%20one%20at%20600%20kilovolts%20and%20got%2060%20kilowatts#l3-s6-p5
,3,open_problem,processing,Competing constraints between heat efficiency (slow = wasted heat) and penetration depth (fast = shallow) make wire-feed additive deposition with thermal sources fundamentally inefficient.,"Because of the heat flow equation — distance goes as the square root of time — if you go slow, you're wasting a lot of heat, you're not getting efficiency. If you go fast, the faster you go the less depth you get of penetration, so you end up putting down less and less metal because you're just doing surface heating.",FW_Su2013_06,§2.p3,https://r-h-taylor.github.io/lectures/JcmlZrsUCTw.html?q=Because%20of%20the%20heat%20flow%20equation%20%E2%80%94%20distance%20goes%20as%20the%20squ#l3-s2-p3
,3,open_problem,measurement,"Eagar flags the unresolved challenge of controlling laser beam shape: practical high-power laser cavities produce multiple diffraction modes that degrade beam uniformity, and achieving a true Gaussian beam costs over half the efficiency.","Lasers have diffraction spots. If you want a nice Gaussian beam you lose a lot of your efficiency — over half your efficiency is gone. The laser mode cavity prefers to have all these multiple modes that degrade the beam, at least in terms of welding where you'd like a nice uniform peak Gaussian heat source.",FW_Su2013_06,§4.p4,https://r-h-taylor.github.io/lectures/JcmlZrsUCTw.html?q=Lasers%20have%20diffraction%20spots.%20If%20you%20want%20a%20nice%20Gaussian%20b#l3-s4-p4
,3,open_problem,joining,Non-uniform penetration in deep electron-beam welds oscillates at the bottom of thick sections; horizontal-position workaround exists but is not universally applicable.,"Non-uniform penetration — I talked about, in the vertical position, how the metal would slump down. In a big deep cavity, it's like you're almost drilling a hole and the metal's back-filling it. Every now and then it back-fills and you'll get a spike in your penetration. So the penetration depth is oscillating at the bottom. They never found a solution to that other than welding in the horizontal position, which worked for certain things.",FW_Su2013_06,§7.p2,https://r-h-taylor.github.io/lectures/JcmlZrsUCTw.html?q=Non-uniform%20penetration%20%E2%80%94%20I%20talked%20about%2C%20in%20the%20vertical%20po#l3-s7-p2
,3,open_problem,steel,"Electron beam welding demands prohibitively clean steel (doubling cost) because beam vaporization reintroduces oxides and nitrogen, causing porosity and embrittlement.","Any oxides or nitrogen would come back into the steel and create porosity or poor fracture toughness. They had to get steel from the steel mills which was exceedingly clean. We could make it, but it was doubling the cost of the steel in order to get sound welds that weren't full of porosity.",FW_Su2013_06,§7.p3,https://r-h-taylor.github.io/lectures/JcmlZrsUCTw.html?q=Any%20oxides%20or%20nitrogen%20would%20come%20back%20into%20the%20steel%20and%20cr#l3-s7-p3
,3,open_problem,welding,Understand why laser/electron beam welding in thick sections (>0.5 inch) encounters fundamental unsolved problems despite theoretical capability.,"Welding with lasers and electron beam — the theme is they're actually very different processes. You can get very thick sections in theory, but you have all kinds of big problems that people haven't really solved.",FW_Su2013_06,§7.p8,https://r-h-taylor.github.io/lectures/JcmlZrsUCTw.html?q=Welding%20with%20lasers%20and%20electron%20beam%20%E2%80%94%20the%20theme%20is%20they%27re#l3-s7-p8
,3,open_problem,titanium,Understand why rhenium became critical for turbine alloys and whether substitutes exist or can be developed.,"A lot of the alloys have six percent rhenium. It's one of the platinum group metals. It only goes for about forty dollars an ounce, and you can afford that in an aircraft engine. It's a little pricey, we don't like it, but it gives properties we can't get other ways.",MSE_F2016_01,§5.p8,https://r-h-taylor.github.io/lectures/njIMQR4hBOU.html?q=A%20lot%20of%20the%20alloys%20have%20six%20percent%20rhenium.%20It%27s%20one%20of%20th#l3-s5-p8
,3,open_problem,processing,Scale and feasibility of carbon-free metal production when accounting for electricity source and total energy requirements.,"A number of faculty in this department have ways to do it with electricity. Except where do you get the electricity? You're going to burn coal to get your electricity. You can use hydroelectric or solar, but if you start doing some of these calculations, you find you've got a problem with scale.",MSE_F2016_01,§6.p10,https://r-h-taylor.github.io/lectures/njIMQR4hBOU.html?q=A%20number%20of%20faculty%20in%20this%20department%20have%20ways%20to%20do%20it%20wi#l3-s6-p10
,3,open_problem,other,Ring vortex formation from large wind turbine blades and its hazard to aircraft remains poorly characterized.,"There's something called a ring vortex from these wind turbines, and planes will get caught in these. Some of these things have 100-foot, 150-foot blades, and they're not very fast, but they create a ring vortex. Some small planes have gotten caught in the turbine and can't get out.",MSE_F2016_01,§7.p10,https://r-h-taylor.github.io/lectures/njIMQR4hBOU.html?q=There%27s%20something%20called%20a%20ring%20vortex%20from%20these%20wind%20turbi#l3-s7-p10
,3,open_problem,nickel,"The mechanisms by which microstructure coarsening degrades GTD-111 superalloy properties after 30,000 hours of service remain incompletely understood.","once it's served about ten years of service, 30,000 hours, it's no longer good for continued service because the microstructure coarsens and it no longer has the good properties",MSE_F2016_02,§2.p5,https://r-h-taylor.github.io/lectures/HbMbUcuroDY.html?q=once%20it%27s%20served%20about%20ten%20years%20of%20service%2C%2030%2C000%20hours%2C%20i#l3-s2-p5
,3,open_problem,processing,Understand the mechanisms and economics of dewatering sub-bituminous coal from Wyoming mines to reduce transport losses.,"When I was there in the mid '80s, you could get it for $5 a ton. But you had to take it out of there by train, and you might be taking thirty percent of your weight as water. So there's a big deal about how to dewater that coal.",MSE_F2016_02,§11.p3,https://r-h-taylor.github.io/lectures/HbMbUcuroDY.html?q=When%20I%20was%20there%20in%20the%20mid%20%2780s%2C%20you%20could%20get%20it%20for%20%245%20a%20#l3-s11-p3
,3,open_problem,joining,Understand why thermal barrier coatings flake off and what controls the rate and extent of blade loss in turbine engines.,"If it starts flaking off very badly, you're going to lose your blade. But you can lose one or two blades and usually you don't lose the engine.",MSE_F2016_03,§1.p1,https://r-h-taylor.github.io/lectures/fje2ixY8cT0.html?q=If%20it%20starts%20flaking%20off%20very%20badly%2C%20you%27re%20going%20to%20lose%20yo#l3-s1-p1
,3,open_problem,steel,"Bismuth contamination in recycled steel scrap makes it brittle and unrecyclable, yet there is no known purification method short of returning to ore extraction.","If you get 10 parts per million bismuth in a steel ingot, it's just a big paperweight. You cannot roll it — it's just brittle. The bismuth goes to the grain boundaries and there's no way to get it out. You can't oxidize it out. You have to go back to the ore.",MSE_F2016_03,§5.p1,https://r-h-taylor.github.io/lectures/fje2ixY8cT0.html?q=If%20you%20get%2010%20parts%20per%20million%20bismuth%20in%20a%20steel%20ingot%2C%20it#l3-s5-p1
,3,open_problem,other,The mechanism by which ceramic armor defeats shaped charge copper jets remains poorly characterized.,"If you put ceramic in there, the copper doesn't react with the ceramic, and so it doesn't destroy it.",MSE_F2016_05,§1.p3,https://r-h-taylor.github.io/lectures/iRC51hrIYdQ.html?q=If%20you%20put%20ceramic%20in%20there%2C%20the%20copper%20doesn%27t%20react%20with%20t#l3-s1-p3
,3,open_problem,measurement,"Why tungsten carbide tips wear out unpredictably during eight-hour shifts in asphalt reclamation, despite being one of the hardest known materials.","The problem is the tips get a lot of abrasive wear, and the tungsten carbide, which is one of the hardest materials we have, basically wears out. You'd like it to last for an eight-hour shift, but they don't always.",MSE_F2016_05,§1.p5,https://r-h-taylor.github.io/lectures/iRC51hrIYdQ.html?q=The%20problem%20is%20the%20tips%20get%20a%20lot%20of%20abrasive%20wear%2C%20and%20the%20#l3-s1-p5
,3,open_problem,steel,"Sodium in waste streams destroys steel refractory materials, but the interaction mechanism and mitigation strategies remain unexplored.","There's an element that will destroy steel refractories called sodium. Do you think there's any sodium in most of the waste streams? If you want to throw garbage, there's sodium all over.",MSE_F2016_05,§8.p4,https://r-h-taylor.github.io/lectures/iRC51hrIYdQ.html?q=There%27s%20an%20element%20that%20will%20destroy%20steel%20refractories%20call#l3-s8-p4
,3,open_problem,steel,"Chlorine gas in a steel furnace produces phosgene (a WWI chemical weapon), but the kinetics, conditions, and control of this reaction are not discussed as understood.","There's another element called chlorine. You know what happens when you put chlorine into a steel furnace? You get phosgene gas, COCl₂.",MSE_F2016_05,§8.p5,https://r-h-taylor.github.io/lectures/iRC51hrIYdQ.html?q=There%27s%20another%20element%20called%20chlorine.%20You%20know%20what%20happe#l3-s8-p5
,3,open_problem,other,"High-temperature superconductors have failed to achieve high critical current density perpendicular to magnetic field after 25 years, despite improvements in temperature and field strength.","They had improved one property, temperature, and they got high magnetic field along with that, but they hadn't improved critical current density, and they still haven't today, twenty-five years later.",MSE_F2016_06,§3.p4,https://r-h-taylor.github.io/lectures/rsSzSB0Kkwg.html?q=They%20had%20improved%20one%20property%2C%20temperature%2C%20and%20they%20got%20hi#l3-s3-p4
,3,open_problem,composites,The mechanism by which liquid hydrogen penetrates composite matrix pores and causes pressure-driven failure during warm-up remains uncharacterized.,"It turns out the liquid hydrogen got inside the pores, and as it warmed up and built up pressure, it blew up.",MSE_F2016_06,§5.p7,https://r-h-taylor.github.io/lectures/rsSzSB0Kkwg.html?q=It%20turns%20out%20the%20liquid%20hydrogen%20got%20inside%20the%20pores%2C%20and%20a#l3-s5-p7
,3,open_problem,processing,"Eagar notes that carbon fiber composites in BMW i3 production are lower quality than aerospace standards, suggesting an unresolved manufacturing or process control problem.","He did his thesis on polymers, and his comment was the carbon fiber composites are junk. Maybe they're not made well. They're fine for just a shell on the outside of the vehicle, and it's lightweight, but the quality of the resin transfer molding would never pass the aerospace industry.",MSE_F2016_06,§6.p6,https://r-h-taylor.github.io/lectures/rsSzSB0Kkwg.html?q=He%20did%20his%20thesis%20on%20polymers%2C%20and%20his%20comment%20was%20the%20carbo#l3-s6-p6
,3,open_problem,processing,"The fundamental challenge of designing active cooling systems for hypersonic aircraft with extreme thermal gradients (thousands of Kelvin on one side, cryogenic on the other) remains unresolved, with inherent safety risks.","On one side you'd have four or five thousand degrees Kelvin, and on the other side you'd have liquid hydrogen at 20 degrees Kelvin. As long as you didn't have a leak, everything was fine. If you ever had a leak, you have a big bomb.",MSE_F2016_06,§7.p2,https://r-h-taylor.github.io/lectures/rsSzSB0Kkwg.html?q=On%20one%20side%20you%27d%20have%20four%20or%20five%20thousand%20degrees%20Kelvin%2C#l3-s7-p2
,3,open_problem,other,Quantify the mechanical coupling between primary bonds along polymer fiber axes and secondary van der Waals bonds between fibers to predict temperature limits and failure modes.,"Polymers are low-temperature materials, because they're not held together in a three-dimensional structure with covalent bonds, or primary bonds. They're held together with van der Waals bonds. Along the length, where the primary bonds are, tremendous strength... but you've got secondary bonds *between* the fibers.",MSE_F2016_06,§8.p4,https://r-h-taylor.github.io/lectures/rsSzSB0Kkwg.html?q=Polymers%20are%20low-temperature%20materials%2C%20because%20they%27re%20not%20#l3-s8-p4
,3,open_problem,corrosion,Embrittlement mechanisms in century-old cast iron pipes lack systematic characterization and prediction models.,"One of the things that happens with cast iron over time is it can become embrittled, and you can get stress cracking and issues just by it being so old.",MSE_F2016_07,§2.p7,https://r-h-taylor.github.io/lectures/jkM0ewcY5SY.html?q=One%20of%20the%20things%20that%20happens%20with%20cast%20iron%20over%20time%20is%20i#l3-s2-p7
,3,open_problem,joining,"Quantitative prediction of stress concentrations and crack initiation in dissimilar-material assemblies (e.g., plastic-metal refrigerator shelves) under cyclic thermal loading remains unresolved.","What was overlooked in this case was that when you have dissimilar materials joined together, you're going to create stress concentrations. The plastic is joined to the metal, and these things are expanding and contracting at different rates in service, and you get cracks over time.",MSE_F2016_07,§1.p6,https://r-h-taylor.github.io/lectures/jkM0ewcY5SY.html?q=What%20was%20overlooked%20in%20this%20case%20was%20that%20when%20you%20have%20diss#l3-s1-p6
,3,open_problem,other,Thermal runaway initiation and propagation in high-energy-density batteries during charge and thermal stress lacks detailed mechanistic understanding and predictive design rules.,"With your battery, you want the energy density as high as possible... So you want to get the energy density up. Do you want to talk about some things you've seen in terms of fire protection or charging-discharging—",MSE_F2016_07,§4.p6,https://r-h-taylor.github.io/lectures/jkM0ewcY5SY.html?q=With%20your%20battery%2C%20you%20want%20the%20energy%20density%20as%20high%20as%20po#l3-s4-p6
,3,open_problem,fracture,The thickness threshold where materials transition from plane stress (high toughness) to plane strain (lower toughness) varies by material but lacks a predictive framework.,"The toughness is also a function of the thickness of the material. We haven't put the thickness on here, because where it goes from plane stress of high toughness to plane strain of lower toughness is a function of the toughness of the material.",MSE_F2016_08,§5.p1,https://r-h-taylor.github.io/lectures/SsJ-6a4VHh4.html?q=The%20toughness%20is%20also%20a%20function%20of%20the%20thickness%20of%20the%20mat#l3-s5-p1
,3,open_problem,steel,"Rail steel lacks fracture toughness specifications despite known benefits, creating a measurement and design gap that persists because industry hasn't been forced to modernize century-old standards.","Rail steel has very little fracture toughness in the specs. They don't put it in the spec, so they don't manufacture for it... A lot of the rail steel specs were developed in 1900 or 1920, and they don't want to modernize them.",MSE_F2016_08,§8.p2,https://r-h-taylor.github.io/lectures/SsJ-6a4VHh4.html?q=Rail%20steel%20has%20very%20little%20fracture%20toughness%20in%20the%20specs.%20#l3-s8-p2
,3,open_problem,aluminum,The Brazilian helicopter rotor failure initially attributed to surface grinding was actually caused by stress corrosion cracking in high-strength aluminum—a failure mechanism that was misidentified because typical flaw-size reasoning didn't apply.,"Fracture mechanics could not explain the failure with the typical flaw size you get from a grinding operation... they would have had to have an eighth-inch flaw. When you're sanding the surface of something, you don't get eighth-inch deep scratches... metallurgically, on the surface, it was stress corrosion cracking.",MSE_F2016_08,§9.p3–p4,https://r-h-taylor.github.io/lectures/SsJ-6a4VHh4.html?q=Fracture%20mechanics%20could%20not%20explain%20the%20failure%20with%20the%20ty#l3-s9-p3
,3,open_problem,fracture,"Glass can match steel in strength if surface defects are reduced to nanometer scale with favorable compressive stresses, but the mechanisms controlling this transformation remain unclear.","Glass in principle has very high strength; it just has very little toughness. If we can get rid of those defects, those little small flaws, and get them down to the nanometer size on the surface, and have favorable compressive stresses — we actually use ceramics in higher volumes than we do metals.",MSE_F2016_08,§10.p7,https://r-h-taylor.github.io/lectures/SsJ-6a4VHh4.html?q=Glass%20in%20principle%20has%20very%20high%20strength%3B%20it%20just%20has%20very%20#l3-s10-p7
,3,open_problem,processing,"Net-shape casting of structural beams succeeded at Chaparral, but the underlying mechanisms driving the one-third cost reduction and metallurgical limits of the hourglass-mold approach remain uncharacterized.","Net-shape casting drove the cost down by one-third. Where people were building parking garages out of reinforced concrete, now using steel-frame buildings for parking garages became the cheaper alternative.",MSE_F2016_11,§3.p3,https://r-h-taylor.github.io/lectures/kaKkRC6Yu_c.html?q=Net-shape%20casting%20drove%20the%20cost%20down%20by%20one-third.%20Where%20pe#l3-s3-p3
,3,open_problem,processing,"Why do hot steel bars experience instabilities at high speeds (70–80 mph), and what is the physical mechanism?","They tried for several months to run their mill faster, and it turns out there are lots of instabilities when you have hot steel bar at seventy, eighty miles an hour — it doesn't work very well.",MSE_F2016_11,§4.p1,https://r-h-taylor.github.io/lectures/kaKkRC6Yu_c.html?q=They%20tried%20for%20several%20months%20to%20run%20their%20mill%20faster%2C%20and%20#l3-s4-p1
,3,open_problem,processing,Characterize the actual pollutant emissions from cement kilns firing recycled foam to understand whether atmospheric discharge poses a genuine hazard.,"When they were firing the cement operations with the foam, some people found out about this and wanted to know what pollutants are you putting into the atmosphere from your cement kiln? They had all the data — they knew what was going up the stack in terms of CO and other impurities. They were trying to figure out how to explain this to the people in Midlothian, to the City Council, who wanted to regulate them.",MSE_F2016_11,§6.p4,https://r-h-taylor.github.io/lectures/kaKkRC6Yu_c.html?q=When%20they%20were%20firing%20the%20cement%20operations%20with%20the%20foam%2C%20s#l3-s6-p4
,3,open_problem,corrosion,"The mechanism by which sodium and potassium oxides in glass are attacked by atmospheric humidity, causing strength loss over time, remains incompletely characterized.",It turns out the problem is that the sodium and potassium oxides in the glass are attacked by the humidity in the air.,MSE_F2016_11,§9.p4,https://r-h-taylor.github.io/lectures/kaKkRC6Yu_c.html?q=It%20turns%20out%20the%20problem%20is%20that%20the%20sodium%20and%20potassium%20ox#l3-s9-p4
,3,open_problem,joining,"Composite repairability and joinability remain fundamentally limited, with no established fusion-welding path for common structural composites like carbon-fiber laminates.",Composites are not really very repairable. That's one of the things you give up. They're not very joinable.,MSE_F2016_12,§5.p1,https://r-h-taylor.github.io/lectures/Y7Uvlrhy9Nc.html?q=Composites%20are%20not%20really%20very%20repairable.%20That%27s%20one%20of%20the#l3-s5-p1
,3,open_problem,composites,Composite tanks for cryogenic liquid oxygen storage remain problematic and poorly understood.,there are real problems with holding liquid oxygen in a composite. There are problems with holding it in aluminum too.,MSE_F2016_12,§7.p1,https://r-h-taylor.github.io/lectures/Y7Uvlrhy9Nc.html?q=there%20are%20real%20problems%20with%20holding%20liquid%20oxygen%20in%20a%20comp#l3-s7-p1
,3,open_problem,processing,"Why does ultrafine-grain copper develop excessive elongation, making it difficult to use for structural applications despite superior strength?","That was the big fight, it had too much elongation. How can you have too much elongation for a structural material?",MSE_F2017_01,§3.p5,https://r-h-taylor.github.io/lectures/1lzA2zvky9E.html?q=That%20was%20the%20big%20fight%2C%20it%20had%20too%20much%20elongation.%20How%20can%20#l3-s3-p5
,3,open_problem,processing,Clean manufacturing methods for rare-earth extraction remain undeveloped after initial post-2010 research surge.,"there were all kinds of academics who started trying to think of a clean way to make rare earths. After about a year or so the Chinese, under pressure but also having achieved their objectives, started selling rare earths again to the Japanese.",MSE_F2017_01,§6.p4,https://r-h-taylor.github.io/lectures/1lzA2zvky9E.html?q=there%20were%20all%20kinds%20of%20academics%20who%20started%20trying%20to%20thin#l3-s6-p4
,3,open_problem,joining,Nickel electroplating underlayers work well but pose toxicity and allergenicity risks; alternative base metals for gold plating need investigation to replace nickel.,"The reason is that nickel electroplates better than any other metal in the world. If you want to get a good gold plate, you put a nickel flash underneath it... Now, nickel is a little bit of a problem because it can be toxic. It is toxic in the human body, and some people are actually allergic to it.",MSE_F2017_02,§5.p4,https://r-h-taylor.github.io/lectures/HuLV8P6ouwA.html?q=The%20reason%20is%20that%20nickel%20electroplates%20better%20than%20any%20othe#l3-s5-p4
,3,open_problem,aluminum,Why aluminum brake calipers fail thermally in automotive braking applications despite weight-saving potential.,"People have tried for years to replace cast-iron brake calipers with aluminum, but they had problems because brakes get hot, and if aluminum gets that hot it can distort and deform and your brakes don't work.",MSE_F2017_03,§2.p5,https://r-h-taylor.github.io/lectures/Hwwodo_KbtM.html?q=People%20have%20tried%20for%20years%20to%20replace%20cast-iron%20brake%20calip#l3-s2-p5
,3,open_problem,fracture,"Building codes ignored fracture toughness (energy absorption) criteria for 40 years after Irwin's work, until the 1990s Northridge earthquake—investigate why this institutional lag occurred and whether similar gaps exist in other industries.","We never really worried about that a whole lot after the 1950s, when Irwin explained how important the energy of fracture was. We didn't change the building codes. So when the Northridge earthquake hit Southern California in the 1990s, buildings snapped in the earthquake and caused billions of dollars worth of damage.",MSE_F2017_03,§10.p3,https://r-h-taylor.github.io/lectures/Hwwodo_KbtM.html?q=We%20never%20really%20worried%20about%20that%20a%20whole%20lot%20after%20the%20195#l3-s10-p3
,3,open_problem,joining,"Why tin-silver solders leak more frequently than lead-tin solders, and whether this failure mode can be prevented.","Then in 1978 you couldn't use lead-tin solder. You had to get the lead out, and you had to start using tin-silver solders, tin-silver-antimony solders. They're okay, but they tend to leak a little bit more.",MSE_F2017_04,§5.p1,https://r-h-taylor.github.io/lectures/d9ZqDMG93LQ.html?q=Then%20in%201978%20you%20couldn%27t%20use%20lead-tin%20solder.%20You%20had%20to%20ge#l3-s5-p1
,3,open_problem,fracture,Characterize the brittle failure behavior of century-old cast-iron water mains and why mechanical disturbance accelerates failure in adjacent sections.,"One of the biggest problems in cities like Boston and New York is we've got hundred-year-old cast iron water mains, and every now and then one breaks. They're so brittle that when you work on it in this block, you know about five or ten years down the road the next block is going to have a leak.",MSE_F2017_04,§10.p2,https://r-h-taylor.github.io/lectures/d9ZqDMG93LQ.html?q=One%20of%20the%20biggest%20problems%20in%20cities%20like%20Boston%20and%20New%20Yo#l3-s10-p2
,3,open_problem,corrosion,The exact mechanism by which biocide-treated steel pipe releases polymers that crack plastic sprinkler system components needs investigation.,"They put a biocide on the inside, they sprayed the inside of the steel pipe with something to keep the bugs and the corrosion down. It turns out that polymer they put on the inside of the steel pipe gets in the water, and it's stagnant water — it's not flowing through like in a potable water system, it just sits there — and it cracks the plastic.",MSE_F2017_05,§2.p2,https://r-h-taylor.github.io/lectures/wpBHc0zsiNo.html?q=They%20put%20a%20biocide%20on%20the%20inside%2C%20they%20sprayed%20the%20inside%20of#l3-s2-p2
,3,open_problem,processing,Manufacturing tolerance control for thin-walled turbine blades remains poorly understood despite billions in spending.,"If that core is off by two or three thousandths of an inch from its perfect position — and its perfect position is not just a center axis, it's the center axis in a twist — you're off by two or three thousandths over a couple of inches on something that's going to heat up to 1,300 degrees centigrade. It'll melt, and it's a piece of junk. All of a sudden, your manufacturability goes like that.",MSE_F2017_05,§4.p6,https://r-h-taylor.github.io/lectures/wpBHc0zsiNo.html?q=If%20that%20core%20is%20off%20by%20two%20or%20three%20thousandths%20of%20an%20inch%20f#l3-s4-p6
,3,open_problem,other,Active cooling design for hypersonic vehicle skins using liquid hydrogen raises unresolved questions about thermal stress behavior and leak prevention in copper alloys.,"From minus 270 centigrade and 4,000 centigrade. I thought these were the Air Force's best designers, but they're actually people designing things to get money funding from Congress, so it has nothing to do with anything practical.",MSE_F2017_05,§4.p13,https://r-h-taylor.github.io/lectures/wpBHc0zsiNo.html?q=From%20minus%20270%20centigrade%20and%204%2C000%20centigrade.%20I%20thought%20th#l3-s4-p13
,3,open_problem,processing,Roman concrete remains durable for millennia while modern concrete fails in 1–2 centuries; the chemistry behind volcanic ash in Roman formulations is poorly understood.,"There's a lot of science behind Roman concrete and why it lasts for 2,000 years, when modern concrete typically doesn't last for more than 100 or 200 years. It has to do with a volcanic ash they used to make the concrete, and you get a certain chemistry. I don't know that much about it.",MSE_F2017_05,§6.p7,https://r-h-taylor.github.io/lectures/wpBHc0zsiNo.html?q=There%27s%20a%20lot%20of%20science%20behind%20Roman%20concrete%20and%20why%20it%20la#l3-s6-p7
,3,open_problem,corrosion,"The mechanism by which carbon diffusion distance differs from chromium diffusion during sensitization remains incompletely characterized, particularly the quantitative chromium depletion profiles across grain boundaries.","the carbon diffuses from a larger distance, and it's a small atom and it does diffuse from a larger distance, and that denudes — makes the grain boundaries lower-chromium and therefore not as corrosion-resistant.",MSE_F2017_06,§5.p6,https://r-h-taylor.github.io/lectures/gQmNBzQ1La4.html?q=the%20carbon%20diffuses%20from%20a%20larger%20distance%2C%20and%20it%27s%20a%20small#l3-s5-p6
,3,open_problem,corrosion,"Ceramics suffer environmental degradation in service, but the specific mechanisms and rates remain inadequately characterized compared to corrosion in metals.","They were going to make high-temperature engines out of ceramics because they could go to higher temperatures and don't corrode. Well, maybe they don't corrode, but they do suffer degradation in different environments.",MSE_F2017_07,§10.p4,https://r-h-taylor.github.io/lectures/MrHfe8l0600.html?q=They%20were%20going%20to%20make%20high-temperature%20engines%20out%20of%20cera#l3-s10-p4
,3,open_problem,fatigue,Why aluminum lacks a fatigue limit while steel exhibits one—a fundamental materials difference that remains incompletely explained.,"Aluminum doesn't have a fatigue limit; aluminum keeps on going down, and they've gone out to ten to the eight cycles... You have a factor of safety and you're good. You shouldn't have a fatigue problem unless you have stress concentrations.",REC_F2018_01,§2.p4,https://r-h-taylor.github.io/lectures/aLn70m1IMnc.html?q=Aluminum%20doesn%27t%20have%20a%20fatigue%20limit%3B%20aluminum%20keeps%20on%20goi#l3-s2-p4
,3,open_problem,joining,The X-33 composite hydrogen tank failure mechanism during warm-up was not fully understood despite post-test investigation.,They didn't want to cancel the program — it was a rush program in the early 90s to demonstrate rapid prototyping. So they just recalculated their safety factor and found out a 5 percent safety factor's good enough... They went back and found they didn't really have their 5 percent safety factor. This thing was a disaster from the initial fabrication.,REC_F2018_01,§4.p2,https://r-h-taylor.github.io/lectures/aLn70m1IMnc.html?q=They%20didn%27t%20want%20to%20cancel%20the%20program%20%E2%80%94%20it%20was%20a%20rush%20progr#l3-s4-p2
,3,open_problem,joining,The mechanism by which lubricant on bolt threads reduces torque scatter and improves consistency is known empirically but lacks rigorous characterization.,"If it's lubricated, you'll get the same normal distribution, but the torque will be much less than if it's not lubricated and you've got dry friction. There's your plus or minus 30%.",REC_F2018_01,§7.p7,https://r-h-taylor.github.io/lectures/aLn70m1IMnc.html?q=If%20it%27s%20lubricated%2C%20you%27ll%20get%20the%20same%20normal%20distribution%2C#l3-s7-p7
,3,open_problem,processing,The production pathways and equilibrium conditions for phosgene and dioxin/furan formation when chlorine-bearing waste and plastics are processed in molten iron furnaces remain incompletely characterized.,"in the presence of chlorine you form this compound COCl2. That's known as phosgene... You also had dioxins and furans, which are fairly toxic themselves, that were produced in the bath from putting plastics in there.",REC_S2020_03,§5.p3,https://r-h-taylor.github.io/lectures/HgVznvD95QM.html?q=in%20the%20presence%20of%20chlorine%20you%20form%20this%20compound%20COCl2.%20Th#l3-s5-p3
,3,open_problem,measurement,Whether diamond impurity fingerprinting can reliably distinguish blood diamonds from Angola by geological region.,"You look for the impurity content in the diamond. You analyze the impurities, and certain diamonds you can fingerprint to what geological region of the world they came from.",SMS_F2013_01,§6.p3,https://r-h-taylor.github.io/lectures/j-h09h0ZbwI.html?q=You%20look%20for%20the%20impurity%20content%20in%20the%20diamond.%20You%20analyz#l3-s6-p3
,3,open_problem,processing,"Roman concrete outlasts modern concrete, and researchers have identified volcanic rock composition as a key factor—but the full chemistry and replication pathway remain incompletely understood.","There's actually a recent article, in the last two or three weeks, in *Science* magazine about how the Roman concrete is so much better than our concrete even today. It's lasted better. Some people have been researching this and found it's because they used a particular type of volcanic rock with certain properties. Now they're trying to improve concrete today based on what they've learned about the chemistry of Roman concrete.",SMS_F2013_02,§3.p4,https://r-h-taylor.github.io/lectures/KfZ44zfZh6I.html?q=There%27s%20actually%20a%20recent%20article%2C%20in%20the%20last%20two%20or%20three%20#l3-s3-p4
,3,open_problem,corrosion,Dezincification mechanisms in brass fittings under specific water chemistry conditions remain poorly characterized despite massive litigation.,"some material scientists on the West Coast have determined that this type of brass — the leaded brass we've been using for about a hundred years — is defective... they get some dezincification... in certain waters that are pretty corrosive, like Las Vegas, Colorado River water",SMS_F2013_02,§3.p11–p12,https://r-h-taylor.github.io/lectures/KfZ44zfZh6I.html?q=some%20material%20scientists%20on%20the%20West%20Coast%20have%20determined%20t#l3-s3-p11
,3,open_problem,processing,Recycling of concrete and other high-volume man-made materials remains unsolved despite their massive production scale.,"The most used man-made material is something we don't recycle, and we make one and a half or two billion tons a year. It's going to be a bigger and bigger problem. If you can figure out how to recycle it, you'll become a rich person.",SMS_F2013_02,§5.p6,https://r-h-taylor.github.io/lectures/KfZ44zfZh6I.html?q=The%20most%20used%20man-made%20material%20is%20something%20we%20don%27t%20recycl#l3-s5-p6
,3,open_problem,processing,"Whether lightweight metal catalytic converter substrates could reduce emissions during cold-start, when ceramic converters remain inactive.","At one time they were looking at a lightweight catalytic converter substrate, which in this case could have been a rolled metal like that, because most of your emissions occur on startup before the catalytic converter — this big heavy one — gets to temperature.",SMS_F2013_02,§6.p9,https://r-h-taylor.github.io/lectures/KfZ44zfZh6I.html?q=At%20one%20time%20they%20were%20looking%20at%20a%20lightweight%20catalytic%20con#l3-s6-p9
,3,open_problem,other,"The mechanisms by which ceramic knives avoid crushing cell walls and releasing onion juice, unlike metal blades.","Because they don't crush the cells and let out all those juices that make you cry. The ceramic knives stay sharp, slice the cell, and don't release as much of the juice, so you don't cry as much.",SMS_F2013_02,§6.p1,https://r-h-taylor.github.io/lectures/KfZ44zfZh6I.html?q=Because%20they%20don%27t%20crush%20the%20cells%20and%20let%20out%20all%20those%20jui#l3-s6-p1
,3,open_problem,welding,"Friction welding of titanium blades to engine discs failed despite promising weight savings, and the root causes remain unclear.","The Air Force had a big program to do friction welding of blades to discs, great big ones, and it never worked out. You can take my welding course and I'll tell you more about it.",SMS_F2013_03,§6.p8,https://r-h-taylor.github.io/lectures/v-PMrqbjY1A.html?q=The%20Air%20Force%20had%20a%20big%20program%20to%20do%20friction%20welding%20of%20bl#l3-s6-p8
,3,open_problem,fracture,Why brittle materials sometimes exhibit a shear lip on the compression side while showing brittle fracture in the center—the mechanics of mixed-mode fracture geometry.,"If you look carefully, you will see a little what we call a shear lip on the compression side — a positive shear lip on the compression side, and a brittle fracture in between.",SMS_F2013_04,§4.p11,https://r-h-taylor.github.io/lectures/JU7wcLlx-0E.html?q=If%20you%20look%20carefully%2C%20you%20will%20see%20a%20little%20what%20we%20call%20a%20#l3-s4-p11
,3,open_problem,fracture,"Understand why fracture toughness plateaus around 200–300 MPa√m even in optimized material systems, and whether this is a fundamental physical limit.","You'd like to be up in this corner, as far up there as much strength and as much toughness as possible. But you kind of poop out at a toughness of about two or three hundred megapascals per square root of meter.",SMS_F2013_04,§6.p1,https://r-h-taylor.github.io/lectures/JU7wcLlx-0E.html?q=You%27d%20like%20to%20be%20up%20in%20this%20corner%2C%20as%20far%20up%20there%20as%20much%20#l3-s6-p1
,3,open_problem,fracture,Ceramics show an unusual toughness-strength relationship where strength gain correlates with toughness gain due to critical flaw size effects; the mechanism deserves investigation.,Ceramics are sort of interesting. They actually get strong — as they get stronger they actually get tougher. That's because ceramics are full of critical-size flaws.,SMS_F2013_04,§10.p3,https://r-h-taylor.github.io/lectures/JU7wcLlx-0E.html?q=Ceramics%20are%20sort%20of%20interesting.%20They%20actually%20get%20strong%20%E2%80%94#l3-s10-p3
,3,open_problem,processing,"Edge-defined film growth for silicon solar cells is too slow to be economically viable, but nobody has systematically characterized the growth rate limits or explored whether faster pulling speeds are possible.","One of the problems with this edge-defined film growth — I was out there at that lab, and they have nice machines and it works, but it's really slow. When you're pulling something that thin and that light, you don't make very many pounds per hour.",SMS_F2013_06,§2.p3,https://r-h-taylor.github.io/lectures/6B297feoqAw.html?q=One%20of%20the%20problems%20with%20this%20edge-defined%20film%20growth%20%E2%80%94%20I%20w#l3-s2-p3
,3,open_problem,joining,"The stiffness-modulus relationship determines bolt spacing in gasket seals, but the cost trade-offs of tighter bolt spacing in low-modulus materials versus material cost are not well characterized.","The modulus, the stiffness of the material, determines how closely you have to put the bolts in order to get the seal. If there's a rubber gasket in between, the thing's just going to bow and you're going to lose your seal. So I just doubled the cost of my bolts — I don't know if they included that.",SMS_F2013_06,§7.p3,https://r-h-taylor.github.io/lectures/6B297feoqAw.html?q=The%20modulus%2C%20the%20stiffness%20of%20the%20material%2C%20determines%20how%20c#l3-s7-p3
,3,open_problem,joining,Copper contamination and surface 'copper checks' occur during continuous caster startup despite oxidation layer formation; the mechanism and prevention remain incompletely solved.,"Yes, you can sometimes get a little copper contamination before the thing starts oxidizing and forming a little slag layer on the initial startup. That can cause what they call copper checks on the surface.",SMS_F2013_07,§4.p10,https://r-h-taylor.github.io/lectures/CltnNfkDpWQ.html?q=Yes%2C%20you%20can%20sometimes%20get%20a%20little%20copper%20contamination%20bef#l3-s4-p10
,3,open_problem,titanium,"Understanding why titanium alloys spontaneously ignite above 900°C in jet engine compressors, causing catastrophic failure.","Titanium, you get above 900 degrees and it just will go on fire like a flare. They've burned out engines because the compressor blades are made out of titanium.",SMS_F2013_07,§7.p4,https://r-h-taylor.github.io/lectures/CltnNfkDpWQ.html?q=Titanium%2C%20you%20get%20above%20900%20degrees%20and%20it%20just%20will%20go%20on%20f#l3-s7-p4
,3,open_problem,other,Materials capable of surviving sustained Mach 17 flight in atmosphere with frictional heating approaching 3000°C.,"The problem is, when a spacecraft at Mach 17 is coming into reentry, what happens? They have to have these carbon tiles that absorb the heat. The frictional heating will give temperatures of 3000 degrees centigrade.",SMS_F2013_07,§7.p5,https://r-h-taylor.github.io/lectures/CltnNfkDpWQ.html?q=The%20problem%20is%2C%20when%20a%20spacecraft%20at%20Mach%2017%20is%20coming%20into%20#l3-s7-p5
,3,open_problem,joining,The mechanism by which zirconium oxide's thermal expansion coefficient (roughly twice that of other ceramics) prevents spalling in ceramic-metal bonds remains incompletely understood.,"The reason they use the zirconium oxide is because it has a coefficient of thermal expansion about twice that of most other ceramics, which comes closer to matching the metal. One of the problems of trying to make ceramic-metal bonds is the difference in coefficient of thermal expansion. When you heat them up you don't want them spalling off.",SMS_F2013_08,§4.p3,https://r-h-taylor.github.io/lectures/_wa1ULmBMhY.html?q=The%20reason%20they%20use%20the%20zirconium%20oxide%20is%20because%20it%20has%20a%20#l3-s4-p3
,3,open_problem,other,The relationship between bonding potential asymmetry and material properties like Poisson ratio remains incompletely characterized.,"He pointed out that this curve is actually steeper than that curve. If you blow up this region right here, it's actually asymmetric, not a nice symmetric parabola. He talked about how you can explain Poisson ratio because of the energy potential.",SMS_F2013_08,§7.p2,https://r-h-taylor.github.io/lectures/_wa1ULmBMhY.html?q=He%20pointed%20out%20that%20this%20curve%20is%20actually%20steeper%20than%20that#l3-s7-p2
,3,open_problem,composites,Understand why plastic composite truck beds show superior resilience to denting compared to steel in real mine operations.,"The coal companies didn't want to give back the resin mold composite beds, because they didn't crack — they were resilient. The steel dented and you couldn't close the tailgate, if you're dumping things into a pickup truck and abusing it like they do in a coal mine.",SMS_F2013_09,§2.p4,https://r-h-taylor.github.io/lectures/RU6_LtJn3rY.html?q=The%20coal%20companies%20didn%27t%20want%20to%20give%20back%20the%20resin%20mold%20c#l3-s2-p4
,3,open_problem,corrosion,Why rust flakes off steel while magnetite adheres—the physical mechanism behind the volume-change-driven spalling of Fe₂O₃ versus Fe₃O₄.,"Magnetite has a volume ratio and coefficient of thermal expansion such that when it forms on steel, it will adhere. Rust on the other hand, when it forms, can have a four to ten times volume change depending on how many H2Os are in it and how much chlorine might be around, and it will flake off.",SMS_F2013_09,§4.p5,https://r-h-taylor.github.io/lectures/RU6_LtJn3rY.html?q=Magnetite%20has%20a%20volume%20ratio%20and%20coefficient%20of%20thermal%20expa#l3-s4-p5
,3,open_problem,corrosion,Why cast iron with silicon forms a glassy protective layer while plain steel does not—the mechanism by which silicon composition affects oxide adherence and corrosion resistance.,"Some of them are cast iron, and cast iron has a lot of silicon, and it forms a glassy silicon layer, so it grows less. Cast iron grows less.",SMS_F2013_09,§4.p6,https://r-h-taylor.github.io/lectures/RU6_LtJn3rY.html?q=Some%20of%20them%20are%20cast%20iron%2C%20and%20cast%20iron%20has%20a%20lot%20of%20silic#l3-s4-p6
,3,open_problem,steel,"Iron-chrome intermetallic phases in duplex stainless steels cause embrittlement, but the mechanism and prevention conditions are not fully characterized.","If you're not careful with duplex stainless steels — you have higher chromium and lower nickel, and the ferrite can get hydrogen in it. But the real problem is you can get iron-chrome intermetallic phases that embrittle it.",SMS_F2013_10,§8.p2,https://r-h-taylor.github.io/lectures/F9-LE_nM5aQ.html?q=If%20you%27re%20not%20careful%20with%20duplex%20stainless%20steels%20%E2%80%94%20you%20hav#l3-s8-p2
,3,open_problem,fracture,Quantum mechanical understanding of hydrogen embrittlement in body-centered cubic metals remains incomplete despite multiple competing theories.,"Frankly it's still a matter of opinion among metallurgists what causes hydrogen embrittlement. There are four or five theories — strain in the lattice — I suspect when we get really good at quantum mechanics on a larger crystal, rather than just a few atoms, we might be able to figure out what hydrogen does in terms of embrittling the body-centered cubic structure.",SMS_F2013_10,§9.p3,https://r-h-taylor.github.io/lectures/F9-LE_nM5aQ.html?q=Frankly%20it%27s%20still%20a%20matter%20of%20opinion%20among%20metallurgists%20w#l3-s9-p3
,3,open_problem,corrosion,"The mechanisms controlling pitting resistance differences between 304 and 316 stainless in chloride environments warrant systematic investigation, given dramatic real-world failure differences.","They asked me to figure out why... that 2% molybdenum went from something that would look stainless for 15 or 20 years or more in this environment, to something that could only last a couple of weeks. That's the most dramatic example I've seen.",SMS_F2013_10,§10.p2,https://r-h-taylor.github.io/lectures/F9-LE_nM5aQ.html?q=They%20asked%20me%20to%20figure%20out%20why...%20that%202%25%20molybdenum%20went%20f#l3-s10-p2
,3,open_problem,corrosion,The protective oxide layer on stainless steel fails to reform in marine chloride environments even though it reforms readily inland—the mechanism underlying this difference is unclear.,"In a chloride environment, the protective scale did not reform like it would inland. But right there on the coast.",SMS_F2013_10,§11.p9,https://r-h-taylor.github.io/lectures/F9-LE_nM5aQ.html?q=In%20a%20chloride%20environment%2C%20the%20protective%20scale%20did%20not%20refo#l3-s11-p9
,3,open_problem,steel,"Investigate the stability and chromium carbide formation behavior of chrome nitrides (formed by nitrogen) versus chrome carbides in low-carbon, nitrogen-alloyed stainless steels.","Nitrogen doesn't form chrome carbides — it forms chrome nitrides, but they're not as stable.",SMS_F2013_11,§1.p11,https://r-h-taylor.github.io/lectures/mW4QLNrtMho.html?q=Nitrogen%20doesn%27t%20form%20chrome%20carbides%20%E2%80%94%20it%20forms%20chrome%20nitr#l3-s1-p11
,3,open_problem,steel,The Navy abandoned non-magnetic submarine hulls made from super-austenitic stainless steel; the technical barriers and failure modes deserve systematic study.,"The US Navy about 10 years ago was interested in building submarines out of this material. Why? Because they're not magnetic. The problem with magnetic submarines is, if you've got a superconducting quantum interference device up there in a satellite, you can see 100 feet down, and you can see this long magnetic hot dog in the ocean. But they finally gave up.",SMS_F2013_11,§1.p13,https://r-h-taylor.github.io/lectures/mW4QLNrtMho.html?q=The%20US%20Navy%20about%2010%20years%20ago%20was%20interested%20in%20building%20su#l3-s1-p13
,3,open_problem,aluminum,"Aluminum alloys gradually soften at operational temperatures after heat treatment, degrading strength over decades—the mechanism and rate of this coarsening process needs systematic study.","One of the problems with aluminum alloys: they melt at low temperatures, but they will also soften. You can heat-treat them and get 10 to 12 times the strength of pure aluminum, but they can degrade over time at relatively low temperatures.",SMS_F2013_11,§4.p6,https://r-h-taylor.github.io/lectures/mW4QLNrtMho.html?q=One%20of%20the%20problems%20with%20aluminum%20alloys%3A%20they%20melt%20at%20low%20t#l3-s4-p6
,3,open_problem,aluminum,The mechanism by which scandium grain refinement enables higher strength in extruded aluminum bats compared to other grain refiners remains unstudied in detail.,"It's got scandium as a grain refiner, which is better than titanium or zirconium or the other things we typically use on the bigger alloys. You can get extremely fine grain, extremely high strength that will hopefully last long enough that you won't get too upset.",SMS_F2013_11,§7.p4,https://r-h-taylor.github.io/lectures/mW4QLNrtMho.html?q=It%27s%20got%20scandium%20as%20a%20grain%20refiner%2C%20which%20is%20better%20than%20t#l3-s7-p4
,3,open_problem,fatigue,"The relationship between bat wall thickness, dent accumulation, residual stress buildup, and fatigue failure in high-strength aluminum baseball bats has not been systematically characterized.","The product insert that came with this basically said on the warranty card: rotate bat one-quarter turn at each at-bat. You don't have to worry about hitting it with the grain — you've got to worry about distributing the dents, or not building up residual stress. I haven't studied that in detail.",SMS_F2013_11,§7.p4,https://r-h-taylor.github.io/lectures/mW4QLNrtMho.html?q=The%20product%20insert%20that%20came%20with%20this%20basically%20said%20on%20the#l3-s7-p4
,3,open_problem,other,Quantify how hysteresis in ball material affects the stiffness-matching principle for optimal momentum and energy transfer.,"The ball has a lot of hysteresis, which complicates things, but nonetheless. We took one of our bats and pushed on the bat, measured its stiffness, and lo and behold, they were the same within 30 or 40 percent.",SMS_F2013_11,§7.p9,https://r-h-taylor.github.io/lectures/mW4QLNrtMho.html?q=The%20ball%20has%20a%20lot%20of%20hysteresis%2C%20which%20complicates%20things%2C%20#l3-s7-p9
,3,open_problem,aluminum,Understand why stress corrosion cracking initiates from the outside surface of thin-walled 7075-T6 aluminum cylinders under high hydraulic pressure.,"The problem was, these things were exploding when they failed. It was a little stress corrosion fatigue crack starting from the outside. He brought me this thing and wanted to know, what do we do about it?",SMS_F2013_12,§5.p4,https://r-h-taylor.github.io/lectures/6UN5XMqMitk.html?q=The%20problem%20was%2C%20these%20things%20were%20exploding%20when%20they%20faile#l3-s5-p4
,3,open_problem,other,The genetic basis and penetrance of berylliosis susceptibility remains incompletely characterized despite the disease's discovery in the 1940s.,"They showed through contaminating rats — it wasn't until years later that they learned there's a genetic predisposition. I think one of the students in this class did a presentation on berylliosis once, and that may have been where I found out it was only ten percent.",SMS_F2013_12,§7.p7,https://r-h-taylor.github.io/lectures/6UN5XMqMitk.html?q=They%20showed%20through%20contaminating%20rats%20%E2%80%94%20it%20wasn%27t%20until%20yea#l3-s7-p7
,3,open_problem,corrosion,"Understand why aluminum passivates under certain water conditions and loses its sacrificial anode properties, unlike magnesium.","The problem with aluminum: if you have certain ions in your water, the aluminum can form a passive scale on the surface, and all of a sudden the aluminum becomes non-anodic, becomes cathodic.",SMS_F2013_12,§9.p6,https://r-h-taylor.github.io/lectures/6UN5XMqMitk.html?q=The%20problem%20with%20aluminum%3A%20if%20you%20have%20certain%20ions%20in%20your%20#l3-s9-p6
,3,open_problem,magnesium,Stress-corrosion cracking mechanism in fusion-welded magnesium alloys triggered by atmospheric humidity remains poorly characterized.,"when you try to weld it, the humidity in the air will almost crack it right behind the weld. Not quite that fast — you come back two days later after fusion welding magnesium alloys, if you haven't stress-relieved it, just the humidity in the air will cause stress corrosion cracking.",SMS_F2013_12,§9.p11,https://r-h-taylor.github.io/lectures/6UN5XMqMitk.html?q=when%20you%20try%20to%20weld%20it%2C%20the%20humidity%20in%20the%20air%20will%20almost#l3-s9-p11
,3,open_problem,processing,"Why sheet-rolling of magnesium is difficult compared to casting, blocking automotive applications, is unexplained.","You can't roll sheet very easily, and automobiles are made out of sheet. You can make castings, but I have yet to figure out why they do all this.",SMS_F2013_12,§9.p12,https://r-h-taylor.github.io/lectures/6UN5XMqMitk.html?q=You%20can%27t%20roll%20sheet%20very%20easily%2C%20and%20automobiles%20are%20made%20o#l3-s9-p12
,3,open_problem,processing,Understand why magnesium's hexagonal close-packed crystal structure limits its deformability and causes cracking during shape changes.,"One of the problems with magnesium, aside from the fact that it's hexagonal close-packed and you can't roll it very easily because it doesn't have enough deformation systems — when you learn about dislocations, they only work in certain materials like cubic metals, and magnesium is not cubic, it's hexagonal close-packed. It deforms by twinning, and you will crack it if you try to give it a general shape change.",SMS_F2013_14,§3.p1,https://r-h-taylor.github.io/lectures/5N9jIr7LWPc.html?q=One%20of%20the%20problems%20with%20magnesium%2C%20aside%20from%20the%20fact%20that#l3-s3-p1
,3,open_problem,titanium,Titanium engines catastrophically catch fire above 900°C when the metal dissolves its protective oxide—the exact mechanisms and prevention strategies need clarification.,"If you get above 900 degrees centigrade — it's very corrosion resistant, it has reasonably good oxidation resistance up to 900 degrees, but above 900 degrees it will dissolve its own oxide, and all of a sudden it catches fire. It's like a great big magnesium flare.",SMS_F2013_14,§5.p3,https://r-h-taylor.github.io/lectures/5N9jIr7LWPc.html?q=If%20you%20get%20above%20900%20degrees%20centigrade%20%E2%80%94%20it%27s%20very%20corrosio#l3-s5-p3
,3,open_problem,processing,The chemical and physical separation of naturally co-occurring zirconium and hafnium ores presents an unresolved industrial challenge.,"These things right here in these columns of the periodic table tend to be found together in nature. If you have a zirconia ore, it's going to have lots of hafnium, or vice versa.",SMS_F2013_14,§5.p6,https://r-h-taylor.github.io/lectures/5N9jIr7LWPc.html?q=These%20things%20right%20here%20in%20these%20columns%20of%20the%20periodic%20tab#l3-s5-p6
,3,open_problem,corrosion,Delrin's chlorine tolerance threshold is poorly characterized across different water chemistries and chlorine concentrations.,A half a part per million chlorine would cause the stuff to decompose... Cambridge water is like 5 ppm chlorine — ten times what Delrin can support.,SMS_F2013_14,§9.p2,https://r-h-taylor.github.io/lectures/5N9jIr7LWPc.html?q=A%20half%20a%20part%20per%20million%20chlorine%20would%20cause%20the%20stuff%20to%20#l3-s9-p2
,3,open_problem,processing,Roman cement durability mechanisms remain incompletely understood despite 2000-year performance.,"The Romans used Portland cement, and the Roman cement is some of the best cement in the world — two thousand years later it's still there. The aqueducts, the Appian Way, made out of cement. Volcanic ash certainly has certain advantages for making cement, but I don't understand all the reasons.",SMS_F2014_01,§7.p11,https://r-h-taylor.github.io/lectures/CDneFQexLsc.html?q=The%20Romans%20used%20Portland%20cement%2C%20and%20the%20Roman%20cement%20is%20som#l3-s7-p11
,3,open_problem,joining,Develop recyclable composite materials to replace non-recyclable multi-layer juice box construction.,"Composite — what do I mean by composite? Juice boxes — seven layers of material, plastic, aluminum foil. If you try to peel these things apart, you can't, they're bonded together. The Achilles heel is recyclability. You either burn them or you put them in a landfill, that's it.",SMS_F2014_03,§4.p7,https://r-h-taylor.github.io/lectures/S4pgiEDtq_o.html?q=Composite%20%E2%80%94%20what%20do%20I%20mean%20by%20composite%3F%20Juice%20boxes%20%E2%80%94%20seven#l3-s4-p7
,3,open_problem,processing,High-temperature turbine blade alloys have plateaued despite decades of development; fundamental barriers to further temperature increases are not well articulated.,"They're graduates of this department, or assistant professors who went off to [Pratt &] Whitney or General Electric and developed these alloys. But they sort of ran out of steam, literally.",SMS_F2014_03,§9.p2,https://r-h-taylor.github.io/lectures/S4pgiEDtq_o.html?q=They%27re%20graduates%20of%20this%20department%2C%20or%20assistant%20professor#l3-s9-p2
,3,open_problem,measurement,"Understanding why diamond tool performance degrades catastrophically when machining steel due to carbon diffusion, despite diamond's superior hardness.","At 1000°C, the diamond starts diffusing into the steel. So what they use is cubic boron nitride, which is actually between diamond and silicon carbide... if the wear mechanism is chemical — basically dissolving the carbon into the steel — diamond's pretty lousy.",SMS_F2014_04,§4.p8–p9,https://r-h-taylor.github.io/lectures/ATL9_5gvx0k.html?q=At%201000%C2%B0C%2C%20the%20diamond%20starts%20diffusing%20into%20the%20steel.%20So%20w#l3-s4-p8
,3,open_problem,other,Long-term degradation mechanisms and failure modes of PEX plastic pipe under realistic home water supply conditions over decades.,"Most PEX is rated for about 200 psi pressure, which is much more than you need for conveying water in a home. So much of the water in homes is now plastic.",SMS_F2014_05,§8.p5,https://r-h-taylor.github.io/lectures/wwQawDUosU0.html?q=Most%20PEX%20is%20rated%20for%20about%20200%20psi%20pressure%2C%20which%20is%20much%20#l3-s8-p5
,3,open_problem,corrosion,Why nickel precipitates in magnesium anodes preferentially corrode instead of protecting the steel substrate remains incompletely characterized.,"Because if you had a nickel precipitate, it would become cathodic, and the magnesium anode would just eat away itself. It won't protect the steel — it'll protect the nickel, the impurity within it, because there's a shorter electrical circuit path.",SMS_F2014_06,§4.p9,https://r-h-taylor.github.io/lectures/o0dXxWXRxvY.html?q=Because%20if%20you%20had%20a%20nickel%20precipitate%2C%20it%20would%20become%20cat#l3-s4-p9
,3,open_problem,corrosion,Magnesium's fundamental corrosion mechanism in the presence of chlorides remains unsolved despite decades of automotive and naval interest.,"No one's ever solved that problem, except for the people who use it as a corroding material — using it as an anode.",SMS_F2014_06,§5.p11,https://r-h-taylor.github.io/lectures/o0dXxWXRxvY.html?q=No%20one%27s%20ever%20solved%20that%20problem%2C%20except%20for%20the%20people%20who#l3-s5-p11
,3,open_problem,corrosion,The metallographic behavior of magnesium-carbon composites under aqueous polishing—specifically why water-based solutions cause accelerated corrosion—deserves systematic investigation.,"Ron Latanision, a professor here a number of years ago, said that when you tried to polish that metal metallographically, if you used a water-based polishing solution, it would corrode faster than you could polish.",SMS_F2014_06,§5.p11,https://r-h-taylor.github.io/lectures/o0dXxWXRxvY.html?q=Ron%20Latanision%2C%20a%20professor%20here%20a%20number%20of%20years%20ago%2C%20said#l3-s5-p11
,3,open_problem,corrosion,The timing and kinetics of zinc hydroxide formation on hot-dip galvanized steel and its effect on paint adhesion lack quantitative characterization.,"One of the things I've since learned is that if you hot-dip galvanize your steel, you have to paint it within a few hours, before the zinc hydroxide is really formed. Because if you get zinc hydroxide under there, the paint will not adhere.",SMS_F2014_06,§10.p4,https://r-h-taylor.github.io/lectures/o0dXxWXRxvY.html?q=One%20of%20the%20things%20I%27ve%20since%20learned%20is%20that%20if%20you%20hot-dip%20#l3-s10-p4
,3,open_problem,corrosion,"Why pitting corrosion occurs selectively at anodes in high-voltage electrochemical applications remains unresolved, with material options severely limited.","They started with stainless steel, and the tips were pitting — terrible pitting on the anode, because that's where the corrosion occurs. The cathode was cathodically protected, no corrosion. They said, we need a better material.",SMS_F2014_06,§8.p11,https://r-h-taylor.github.io/lectures/o0dXxWXRxvY.html?q=They%20started%20with%20stainless%20steel%2C%20and%20the%20tips%20were%20pitting#l3-s8-p11
,3,open_problem,corrosion,"The mechanism by which UV light degrades PEX in real outdoor conditions deserves systematic study, given that UV energy is theoretically sufficient to break C–C bonds.",Ultraviolet will break down primary bonds. Ultraviolet gives you a sunburn because it breaks down the primary bonds in your skin.,SMS_F2014_06,§11.p11,https://r-h-taylor.github.io/lectures/o0dXxWXRxvY.html?q=Ultraviolet%20will%20break%20down%20primary%20bonds.%20Ultraviolet%20gives#l3-s11-p11
,3,open_problem,corrosion,Why cast iron water pipes degrade after ~100 years despite their silicon oxide protective layer remains poorly characterized.,"But after about a hundred years, depending on the quality of the water, that starts to break down too.",SMS_F2014_07,§3.p4,https://r-h-taylor.github.io/lectures/8oyoyjuDaaA.html?q=But%20after%20about%20a%20hundred%20years%2C%20depending%20on%20the%20quality%20of#l3-s3-p4
,3,open_problem,titanium,"Why titanium oxide cannot be soldered despite flux treatments, unlike stainless steel chromium oxide.",You can't solder to titanium. It's got this protective oxide. There is no flux that will eat away the titanium oxide.,SMS_F2014_07,§4.p1,https://r-h-taylor.github.io/lectures/8oyoyjuDaaA.html?q=You%20can%27t%20solder%20to%20titanium.%20It%27s%20got%20this%20protective%20oxide#l3-s4-p1
,3,open_problem,corrosion,"Steel gas pipes installed in the 1920s–30s are leaking throughout the country, yet the mechanism and rate of corrosion failure remain poorly characterized.","We've got pipes that were put in in the 1920s and '30s, and they are steel pipes leaking gas in the ground… They have to go around once a year and put those cool probes in the ground and go sniffing for gas to find the leaks.",SMS_F2014_07,§6.p8–p9,https://r-h-taylor.github.io/lectures/8oyoyjuDaaA.html?q=We%27ve%20got%20pipes%20that%20were%20put%20in%20in%20the%201920s%20and%20%2730s%2C%20and%20#l3-s6-p8
,3,open_problem,corrosion,The dramatic difference in service life between cast iron (150+ years with minimal pitting) and steel (30–40 years) gas pipes lacks a systematic explanation.,cast iron might last for 150 years and pit some; steel lasts for thirty or forty years.,SMS_F2014_07,§6.p7,https://r-h-taylor.github.io/lectures/8oyoyjuDaaA.html?q=cast%20iron%20might%20last%20for%20150%20years%20and%20pit%20some%3B%20steel%20lasts#l3-s6-p7
,3,open_problem,joining,"Stress concentrations arise from modulus mismatch between implant materials and bone, but the quantitative relationship and design guidelines remain unclear.","If I have a composite material with two very different moduli, I end up with effectively a stress concentration. I get cracking and all kinds of problems... a high modulus material next to a low modulus material in a structure gives you a stress concentration. Not because of a notch, but just because of the differences in the materials.",SMS_F2014_07,§11.p5,https://r-h-taylor.github.io/lectures/8oyoyjuDaaA.html?q=If%20I%20have%20a%20composite%20material%20with%20two%20very%20different%20modul#l3-s11-p5
,3,open_problem,steel,Understand the mechanism by which molybdenum carbide precipitation hardens steel at high temperature (700–800°C) rather than causing the softening typical of most materials.,"They found that if you put molybdenum in the steel you get very good high-temperature properties — at about seven or eight hundred degrees C, the steel would not just soften, it would actually get a little bit harder. You start getting some precipitation of molybdenum carbides that would actually precipitation-harden the steel at high temperatures.",SMS_F2014_08,§2.p3,https://r-h-taylor.github.io/lectures/Y1trpj5Qki8.html?q=They%20found%20that%20if%20you%20put%20molybdenum%20in%20the%20steel%20you%20get%20v#l3-s2-p3
,3,open_problem,fatigue,Fatigue crack initiation and growth in cast iron gas pipes under pressure cycling after mechanical damage remains poorly characterized.,"A backhoe had damaged the pipe about a quarter of an inch deep, and just the pressure cycles had caused a fatigue crack. When it finally got to critical flaw size, the whole thing went, and they had a 600-foot flame in the air at eleven o'clock one night.",SMS_F2014_08,§5.p7,https://r-h-taylor.github.io/lectures/Y1trpj5Qki8.html?q=A%20backhoe%20had%20damaged%20the%20pipe%20about%20a%20quarter%20of%20an%20inch%20de#l3-s5-p7
,3,open_problem,fracture,Understand how granite's three-phase composite structure creates crack-toughening mechanisms at notch tips that boost fracture toughness 2–3× above predictions from single-phase constituents.,"granite's a three-phase material, three different types of rock in there, and you actually form little cracks at the tip of that notch that toughen the material. If you measure the fracture toughness of granite, because it's a composite material, it has about two or three times the toughness you would predict from the toughness of silica, or the toughness of feldspar, or the other one.",SMS_F2014_08,§9.p6,https://r-h-taylor.github.io/lectures/Y1trpj5Qki8.html?q=granite%27s%20a%20three-phase%20material%2C%20three%20different%20types%20of%20r#l3-s9-p6
,3,open_problem,aluminum,Map the minimum elongation threshold below which leak-before-break behavior becomes unreliable in thin-wall aluminum structures.,"You don't have to have twenty percent elongation — two percent elongation is usually enough, as long as you never fall below that.",SMS_F2014_08,§10.p13,https://r-h-taylor.github.io/lectures/Y1trpj5Qki8.html?q=You%20don%27t%20have%20to%20have%20twenty%20percent%20elongation%20%E2%80%94%20two%20perce#l3-s10-p13
,3,open_problem,fracture,"Why composites cannot achieve the fracture toughness-to-strength ratio needed for aircraft landing gear, despite their weight advantages.","Because you can't get the strengths with the critical flaw sizes in anything other than steel. So even though it's exceptionally heavy, you still use steel for a landing gear on an aircraft because it's the only thing.",SMS_F2014_09,§4.p8,https://r-h-taylor.github.io/lectures/oLNdcU9DXsY.html?q=Because%20you%20can%27t%20get%20the%20strengths%20with%20the%20critical%20flaw%20s#l3-s4-p8
,3,open_problem,nickel,"Why cold-worked MP35N achieves exceptional toughness remains unclear, despite its widespread use in critical applications.","Now, one of the things that makes it so tough — there's now a standard specification for it, an ASTM spec, and this goes back to 1978... This stuff really does stretch.",SMS_F2014_09,§6.p4,https://r-h-taylor.github.io/lectures/oLNdcU9DXsY.html?q=Now%2C%20one%20of%20the%20things%20that%20makes%20it%20so%20tough%20%E2%80%94%20there%27s%20now%20#l3-s6-p4
,3,open_problem,processing,"Aluminum recycling streams are contaminated by alloy diversity, making mixed scrap unusable; new separation methods are needed.",The aluminum alloys are so different in their classes that if you try to mix them all together you end up with a mishmash that you can't use for much of anything. People are working on new ways to separate the alloy content out of the aluminum alloys.,SMS_F2014_10,§2.p5,https://r-h-taylor.github.io/lectures/5-Tvwlhq8UI.html?q=The%20aluminum%20alloys%20are%20so%20different%20in%20their%20classes%20that%20i#l3-s2-p5
,3,open_problem,joining,"Composite repair processes are difficult and uneconomical despite the material investment, undermining their practical advantage.","This is one of the Achilles heels of all your fancy composites. How do you repair them? You went to all this trouble and processing and extra expense to make this fancy material, and then you have a hard time.",SMS_F2014_10,§2.p8,https://r-h-taylor.github.io/lectures/5-Tvwlhq8UI.html?q=This%20is%20one%20of%20the%20Achilles%20heels%20of%20all%20your%20fancy%20composit#l3-s2-p8
,3,open_problem,processing,"Continuous caster breakouts, though rare, remain costly and inadequately predicted; control algorithms and casting speed limits lack mechanistic grounding.","If you're not careful about the radius of curvature and the casting speed, you can have a breakout — all that liquid steel falls down through everything else — probably a hundred-million-dollar loss. They've got control algorithms and everything else. A lot of incentive to run it as fast as possible but not too fast.",SMS_F2014_10,§6.p12,https://r-h-taylor.github.io/lectures/5-Tvwlhq8UI.html?q=If%20you%27re%20not%20careful%20about%20the%20radius%20of%20curvature%20and%20the%20#l3-s6-p12
,3,open_problem,steel,The metallurgical mechanisms underlying the quality improvement that occurred when Chaparral Steel slowed rolling speed while splitting rebar remain unexplained.,"The quality actually went up — that was another benefit. They proved that with I-beams in less than a year, and that's the rest of that story.",SMS_F2014_10,§8.p8,https://r-h-taylor.github.io/lectures/5-Tvwlhq8UI.html?q=The%20quality%20actually%20went%20up%20%E2%80%94%20that%20was%20another%20benefit.%20The#l3-s8-p8
,3,open_problem,joining,The fundamental adhesion problem between glass and steel during cooling remains challenging despite workarounds.,"Steel and glass don't like each other. As it cools down, thermal expansion causes them to separate at the interface. It's a problem to try to bond glass to steel — we can do it, but we have to put an inner layer like titanium or something reactive in there.",SMS_F2014_11,§7.p1,https://r-h-taylor.github.io/lectures/-6n9y2szRqo.html?q=Steel%20and%20glass%20don%27t%20like%20each%20other.%20As%20it%20cools%20down%2C%20the#l3-s7-p1
,3,open_problem,glass,"Optical fiber manufacturing requires strict moisture control during drawing, but the threshold moisture content and its effect on optical properties in graded-index fibers is treated as proprietary by Corning rather than published.","The water content — they actually have a drying step before they do everything... The glass can pick up moisture — sodium hydroxide, silicon hydroxide, potassium hydroxide — you can get OH ions in there and it will screw up some of the optical qualities of optical glass.",SMS_F2014_11,§10.p3,https://r-h-taylor.github.io/lectures/-6n9y2szRqo.html?q=The%20water%20content%20%E2%80%94%20they%20actually%20have%20a%20drying%20step%20before%20#l3-s10-p3
,3,open_problem,glass,The depth to which ion exchange penetrates glass during chemical tempering and how it affects long-term durability is not well characterized.,"You take a glass — in this case they took a sodium aluminosilicate glass — and you do an ion exchange with potassium. You put it in a salt bath with potassium, and just because of entropy effects the sodium exchanges with the potassium. Potassium is a larger atom. You're doing this at relatively low temperatures, below any viscous diffusion, for hours.",SMS_F2014_12,§2.p6,https://r-h-taylor.github.io/lectures/B9-65mAeOEE.html?q=You%20take%20a%20glass%20%E2%80%94%20in%20this%20case%20they%20took%20a%20sodium%20aluminosi#l3-s2-p6
,3,open_problem,measurement,"The tin-side surface of float glass is demonstrably less flat than the air-side when measured at atomic resolution, but the root cause and practical implications remain unclear.","if you go in there with an atomic force microscope and measure the flatness, the tin side is nowhere near as flat and as perfect as the air side.",SMS_F2014_12,§6.p2,https://r-h-taylor.github.io/lectures/B9-65mAeOEE.html?q=if%20you%20go%20in%20there%20with%20an%20atomic%20force%20microscope%20and%20measu#l3-s6-p2
,3,open_problem,corrosion,"Humidity attack on soda-lime glass forms subsurface hydroxide pits only tens of nanometers deep, but the kinetics and depth-limiting mechanism are not well characterized.","Some of those sodium atoms will hit the surface, and when sodium sees moisture it might form sodium hydroxide, might form a little pit. It won't keep forming the pit forever, and depending on the composition and network structure, the silica is fairly immune to moisture corrosion, but the sodium and potassium are not.",SMS_F2014_12,§6.p4,https://r-h-taylor.github.io/lectures/B9-65mAeOEE.html?q=Some%20of%20those%20sodium%20atoms%20will%20hit%20the%20surface%2C%20and%20when%20so#l3-s6-p4
,3,open_problem,fatigue,Why do thin-walled scandium-aluminum baseball bats crack after just one or two hits despite achieving 100+ ksi strength?,they're getting so thin in the wall that some of these things you can take about one good hit before you start getting cracks in your bat. Who wants to pay 150 dollars for a bat and use it once?,SMS_F2014_13,§10.p3,https://r-h-taylor.github.io/lectures/9_aVMP1AtS4.html?q=they%27re%20getting%20so%20thin%20in%20the%20wall%20that%20some%20of%20these%20thing#l3-s10-p3
,3,open_problem,other,The geological process by which manganese-rich nodules nucleate and grow on the deep ocean floor remains poorly understood.,"They were formed by some geological process — these vents in the middle of the North Atlantic Ridge. They're just sitting there on the bottom. You have spewing up of minerals into the water from the vents, and somehow they're nucleating and growing, sort of like hail falling onto the surface of the ocean.",SMS_F2014_13,§11.p6,https://r-h-taylor.github.io/lectures/9_aVMP1AtS4.html?q=They%20were%20formed%20by%20some%20geological%20process%20%E2%80%94%20these%20vents%20in#l3-s11-p6
,3,open_problem,processing,Custom one-of-a-kind printed circuit boards have never been successfully 3D-printed despite industry interest from Cisco and Motorola.,"They wanted to be able to customize one-of-a-kind printed circuit boards. I was also working with Motorola — they had a little operation down south, and another here on Route 128 — and they were trying to do the same thing. It never worked. People would still love to do this.",SMS_S2016_02,§4.p2,https://r-h-taylor.github.io/lectures/2bPgU1dNqBg.html?q=They%20wanted%20to%20be%20able%20to%20customize%20one-of-a-kind%20printed%20ci#l3-s4-p2
,3,open_problem,measurement,"Understand why thermal conductivity limits productivity in laser-based metal 3D printing, and whether the Langmuir effect truly prevents scaling to higher power.","If you try to go to higher power, the Langmuir kicks in and you start evaporating, you start forming welding fume in the atmosphere. So you have a thermal-conductivity limitation on your productivity.",SMS_S2016_02,§10.p1,https://r-h-taylor.github.io/lectures/2bPgU1dNqBg.html?q=If%20you%20try%20to%20go%20to%20higher%20power%2C%20the%20Langmuir%20kicks%20in%20and%20#l3-s10-p1
,3,open_problem,other,The actual strength degradation mechanism in carbon nanotubes from thermodynamic defects remains poorly quantified experimentally.,"In that perfect little carbon nanotube there's going to be a missing carbon atom. At any temperature above absolute zero, thermodynamics — the entropy — tells us we're going to have a vacancy. That's a defect, and it will create a stress concentration and be much weaker, maybe ten times weaker.",SMS_S2016_03,§2.p4,https://r-h-taylor.github.io/lectures/Uwaz8-_9GOE.html?q=In%20that%20perfect%20little%20carbon%20nanotube%20there%27s%20going%20to%20be%20a#l3-s2-p4
,3,open_problem,joining,"Understanding why manganese-aluminum-bronze wetting and surface-tension balance works better than other alloys for 3D printing, while most metals suffer surface-tension defects.","Manganese-aluminum-bronze has a better wetting and surface-tension balance than some other things. You can see we were reasonably successful with that, although we're still going to end up with tremendous residual stresses.",SMS_S2016_03,§3.p4,https://r-h-taylor.github.io/lectures/Uwaz8-_9GOE.html?q=Manganese-aluminum-bronze%20has%20a%20better%20wetting%20and%20surface-t#l3-s3-p4
,3,open_problem,processing,"Carbon-free metal reduction methods are being developed to eliminate CO2 from metal production, but a major challenge is identifying reliable large-scale renewable electricity sources beyond hydroelectric power.","Professor Sadoway said, well then we should be the ones to figure out how to clean it up, and get away from carbon-free metal reduction. So Professor Allanore and Professor Sadoway and a number of other people in the department have various schemes to generate metals without using carbon. In general they're going to do that by using electrons, and today where do most electrons come from? The utility, which burns coal.",SMS_S2016_04,§2.p7,https://r-h-taylor.github.io/lectures/gVNm5XKccBw.html?q=Professor%20Sadoway%20said%2C%20well%20then%20we%20should%20be%20the%20ones%20to%20f#l3-s2-p7
,3,open_problem,processing,"Concrete recycling is virtually nonexistent despite 2.2 billion tons annual production, creating an urgent waste-disposal problem.",What's concrete recycling? Almost nothing. And it's 2.2 billion tons. You want to solve a world problem that's coming up? What are we going to do with 2.2 billion tons when it comes back after useful life?,SMS_S2016_05,§7.p6,https://r-h-taylor.github.io/lectures/Ga5UGrLc7H4.html?q=What%27s%20concrete%20recycling%3F%20Almost%20nothing.%20And%20it%27s%202.2%20bill#l3-s7-p6
,3,open_problem,titanium,Titanium combustor fires in jet engines remain inadequately understood and prevented despite documented incidents a decade ago.,There have been a number of combustor fires in jet engines where the titanium ignited. It's exactly like a sparkler going off; it's exactly the same thing as a flare... There were a number of fires about ten years ago in aircraft engines.,SMS_S2016_06,§2.p3,https://r-h-taylor.github.io/lectures/q4aHXOwAP0Y.html?q=There%20have%20been%20a%20number%20of%20combustor%20fires%20in%20jet%20engines%20w#l3-s2-p3
,3,open_problem,titanium,"A lightweight replacement material for jet turbine disc roots could enable major collateral weight savings in engine design, but no viable candidate exists for high-temperature combustor service.","People have been trying for years to make a jet turbine disc that does not have to have the big heavy flange and the mechanical attachment... If we had a material that was lighter weight, we'd love to use it.",SMS_S2016_06,§2.p3,https://r-h-taylor.github.io/lectures/q4aHXOwAP0Y.html?q=People%20have%20been%20trying%20for%20years%20to%20make%20a%20jet%20turbine%20disc#l3-s2-p3
,3,open_problem,processing,Ceramic core positioning tolerance in single-crystal blade casting is a hard limit preventing thinner cooling channels.,"The problem is the ceramic core inside that you grow the single crystal around, very slowly. If it shifts by one or two thousandths of an inch, you've got junk, because you can't afford two thousandths out of seven. So you really can't get them any thinner than they're already making them.",SMS_S2016_07,§3.p3,https://r-h-taylor.github.io/lectures/9yU362dFVWM.html?q=The%20problem%20is%20the%20ceramic%20core%20inside%20that%20you%20grow%20the%20sin#l3-s3-p3
,3,open_problem,processing,"Identifying failure modes and design solutions for organic fiber reinforcement in concrete, given that natural fibers decompose over time.",Natural fibers tend to decompose — organic fibers rot. But we've been using them to make bricks since the days of Moses and before. Can't make bricks without straw. But what are the issues if we want to use it for concrete?,SMS_S2016_07,§6.p3,https://r-h-taylor.github.io/lectures/9yU362dFVWM.html?q=Natural%20fibers%20tend%20to%20decompose%20%E2%80%94%20organic%20fibers%20rot.%20But%20w#l3-s6-p3
,3,open_problem,titanium,Why does titanium welding porosity mysteriously recur even after successful cleaning protocols are established and followed?,"Then they called me up two weeks later and said, we're failing twenty-five percent again. I said, have you changed your cleaning? No, we're doing the same thing.",SMS_S2016_07,§8.p7,https://r-h-taylor.github.io/lectures/9yU362dFVWM.html?q=Then%20they%20called%20me%20up%20two%20weeks%20later%20and%20said%2C%20we%27re%20faili#l3-s8-p7
,3,open_problem,joining,Lightning-induced perforation of corrugated stainless steel gas tubing coatings lacks systematic characterization and mitigation strategies.,"In a lightning storm, you'll have an arc, and the arc can perforate the polyethylene coating, which is good for 30,000 volts — not a problem for household current, because it's insulated. But 30,000 volts is nothing compared to the millions of volts of a lightning bolt. To the lightning, the yellow tubing is not there.",SMS_S2016_07,§9.p5,https://r-h-taylor.github.io/lectures/9yU362dFVWM.html?q=In%20a%20lightning%20storm%2C%20you%27ll%20have%20an%20arc%2C%20and%20the%20arc%20can%20pe#l3-s9-p5
,3,open_problem,measurement,How paint on aluminum aircraft wings changes lightning strike behavior and damage patterns compared to bare aluminum remains poorly characterized.,"I know a lot about what happens when you hit an aluminum wing that's bare, or a painted aluminum wing — the two things are different. Just putting a coat of paint on it makes a big difference in how the lightning attacks it.",SMS_S2016_08,§2.p4,https://r-h-taylor.github.io/lectures/Wg6ZWqT_Q9M.html?q=I%20know%20a%20lot%20about%20what%20happens%20when%20you%20hit%20an%20aluminum%20win#l3-s2-p4
,3,open_problem,other,"Root cause and prevention mechanisms for rapid wear failure of asphalt reclamation tool bits, and optimization of sintered diamond tip geometry for extended service life.","You ever been driving on the interstate late at night and they're reclaiming the asphalt? They have a great big machine. This is the tool that's on the wheel that's beating up the asphalt and throwing it back into a trailer to be recycled. And you can wear out these tools in three or four hours, in which case you have to stop the machine.",SMS_S2016_08,§4.p2,https://r-h-taylor.github.io/lectures/Wg6ZWqT_Q9M.html?q=You%20ever%20been%20driving%20on%20the%20interstate%20late%20at%20night%20and%20th#l3-s4-p2
,3,open_problem,processing,Understand why pad conditioners become clogged during electrochemical polishing of semiconductor wafers and how to optimize their design.,"They get clogged up just like any sponge with all the grinding swarf. So they come in with pad conditioners, which are basically diamonds, and they eat the junk out of the holes in the polishing pad. It's a complex process...",SMS_S2016_09,§2.p5,https://r-h-taylor.github.io/lectures/65LCaH3Sgdw.html?q=They%20get%20clogged%20up%20just%20like%20any%20sponge%20with%20all%20the%20grindi#l3-s2-p5
,3,open_problem,fracture,The mechanism by which microcracks at crack tips absorb energy in brittle materials remains incompletely quantified across different loading conditions.,"At the tip of the crack you actually get little microcracks, and those microcracks absorb more energy than anyone ever thought they would in terms of fracture behavior... but the dynamic fracture toughness was greater than they had assumed.",SMS_S2016_09,§4.p6,https://r-h-taylor.github.io/lectures/65LCaH3Sgdw.html?q=At%20the%20tip%20of%20the%20crack%20you%20actually%20get%20little%20microcracks%2C#l3-s4-p6
,3,open_problem,steel,"Investigate why duplex stainless steel centrifuge discs experienced brittle fracture when improperly heat-treated, and establish robust heat-treatment protocols to ensure consistent toughness.","They had one of them let go in France, almost killed somebody but didn't, and then they killed someone in China... they didn't heat treat the steel properly.",SMS_S2016_09,§6.p2,https://r-h-taylor.github.io/lectures/65LCaH3Sgdw.html?q=They%20had%20one%20of%20them%20let%20go%20in%20France%2C%20almost%20killed%20somebod#l3-s6-p2
,3,open_problem,other,Understand the mechanism by which Silly Putty transitions from superplastic (slow strain) to brittle (fast strain) behavior.,"Silly Putty is almost a Newtonian material — it stretches hundreds of percent strain if you pull it slow. But the interesting thing about Silly Putty, because as a polymer it has some very interesting mechanical properties — I can pull on Silly Putty slowly and it stretches. What happens if I pull it quickly? Nothing — if I pull it quickly and it's small enough in diameter for me to break it, I get a brittle fracture. No deformation. That's a brittle fracture. So Silly Putty is very strain-rate dependent.",SMS_S2016_10,§4.p4,https://r-h-taylor.github.io/lectures/BvoRq2U4FWg.html?q=Silly%20Putty%20is%20almost%20a%20Newtonian%20material%20%E2%80%94%20it%20stretches%20hu#l3-s4-p4
,3,open_problem,fracture,The relationship between shear lip width (plane stress fracture area) and material toughness lacks a quantitative model despite observable correlation.,"The size of that 45 degree fracture, the plane stress area, is another measure of the ductility — an indirect measure of the toughness of the steel. I have seen big fractures and explosions where I have shear lips that are three or four inches wide. That's some of the best material that's up here, with a four-inch wide shear lip in plane stress, is going to be really tough material. It's not a measure of fracture toughness, but there is a correlation.",SMS_S2016_10,§6.p2,https://r-h-taylor.github.io/lectures/BvoRq2U4FWg.html?q=The%20size%20of%20that%2045%20degree%20fracture%2C%20the%20plane%20stress%20area%2C%20#l3-s6-p2
,3,open_problem,measurement,"Necking geometry in tensile specimens varies with specimen geometry (flat vs. round, gauge length, size), but the predictive rules for how these factors control necking angle and morphology are incompletely characterized.","Necking or distortion — I just passed around some samples to show necking, and the necking is different in a flat specimen than in a round specimen. It's geometry dependent. The way you measure it depends on the length of the specimen and the size of the specimen.",SMS_S2016_10,§7.p1,https://r-h-taylor.github.io/lectures/BvoRq2U4FWg.html?q=Necking%20or%20distortion%20%E2%80%94%20I%20just%20passed%20around%20some%20samples%20to#l3-s7-p1
,3,open_problem,other,The mechanism by which nickel sulfide inclusions in glass create defects and compromise integrity remains poorly characterized.,"Little pieces of nickel sulfide — you shouldn't have a lot of nickel sulfide floating around, but nickel sulfide inclusions are bad for glass and create defects.",SMS_S2016_12,§4.p7,https://r-h-taylor.github.io/lectures/7D_eu9LVGqo.html?q=Little%20pieces%20of%20nickel%20sulfide%20%E2%80%94%20you%20shouldn%27t%20have%20a%20lot%20o#l3-s4-p7
,3,open_problem,corrosion,The long-term strength degradation of glass fibers in humid environments is incompletely understood—whether corrosion continues slowly under protective coatings or halts.,"That doesn't mean the glass continues to corrode — maybe it does, but it slows down so much that glass has been there for a hundred years now, some of it, and it's weaker than when it was first put in, but it's not that much weaker.",SMS_S2016_12,§6.p4,https://r-h-taylor.github.io/lectures/7D_eu9LVGqo.html?q=That%20doesn%27t%20mean%20the%20glass%20continues%20to%20corrode%20%E2%80%94%20maybe%20it%20#l3-s6-p4
,3,open_problem,measurement,"The tin-side imperfections in float glass (nanometer scale) degrade strength, but the mechanism and optimization remain unclear.","The tin side has some imperfections — we're talking about imperfections on the order of many nanometers, but it affects the strength.",SMS_S2016_12,§9.p2,https://r-h-taylor.github.io/lectures/7D_eu9LVGqo.html?q=The%20tin%20side%20has%20some%20imperfections%20%E2%80%94%20we%27re%20talking%20about%20im#l3-s9-p2
,3,open_problem,fracture,"Why do continuous welds allow cracks to propagate all the way around a structure, whereas riveted joints arrest crack propagation before circumferential failure?","Cracks tend to run all the way to the end of the plate, and if you have a weld that's continuous, the crack goes all the way around. There's nothing to stop the crack once it starts to run. Most of these cracks started at welding defects.",SSW_S2013_01,§3.p6–p7,https://r-h-taylor.github.io/lectures/JIAYtxFVZ3Y.html?q=Cracks%20tend%20to%20run%20all%20the%20way%20to%20the%20end%20of%20the%20plate%2C%20and%20#l3-s3-p6
,3,open_problem,welding,Welding two large forgings (3–4 foot square welds) for generator rotors to bypass the capacity constraints of specialized heat-treatment facilities is an unsolved manufacturing challenge.,"They wanted to know, could we take some of our smaller plants and weld two forgings together? Now you're talking about welding two pieces that are like three or four foot square weld. It's not an easy problem.",SSW_S2013_01,§4.p3,https://r-h-taylor.github.io/lectures/JIAYtxFVZ3Y.html?q=They%20wanted%20to%20know%2C%20could%20we%20take%20some%20of%20our%20smaller%20plant#l3-s4-p3
,3,open_problem,titanium,"The creep-fatigue interaction mechanism in titanium welds under combined stress remains unsolved, as evidenced by Soviet submarine failures.","Titanium has this problem: if you put it under continuous compressive stress, even at room temperature or seawater temperature, it will start to slowly creep. Then if you flex it, there's an interaction, and the cracks grow ultra-fast... The US Navy asked me, 'How did the Soviets solve the creep-fatigue interaction of the titanium?' I said, 'I don't know.' It turns out they didn't.",SSW_S2013_02,§4.p6,https://r-h-taylor.github.io/lectures/rF3eZtxWR4I.html?q=Titanium%20has%20this%20problem%3A%20if%20you%20put%20it%20under%20continuous%20co#l3-s4-p6
,3,open_problem,joining,The mechanism by which fretting in ultrasonic welding breaks aluminum oxide and achieves metal-to-metal contact remains incompletely understood.,That microscopic motion — there's something we call fretting corrosion or fretting wear that can break up those surface oxides and get rid of my surface contamination locally and cause true metal-to-metal contact.,SSW_S2013_03,§5.p1,https://r-h-taylor.github.io/lectures/cQyB28XAsDA.html?q=That%20microscopic%20motion%20%E2%80%94%20there%27s%20something%20we%20call%20fretting#l3-s5-p1
,3,open_problem,joining,"Understand the fundamental physics of how ultrasonic vibration sweeps surface contaminants (oxides, oils) away during cold welding to enable full contact.","ultrasonic welding is a cold welding process that tends to leave behind little gobs of surface contamination all over the surface, but if you're clever you might be able to sweep it away, which is what they did.",SSW_S2013_03,§6.p6,https://r-h-taylor.github.io/lectures/cQyB28XAsDA.html?q=ultrasonic%20welding%20is%20a%20cold%20welding%20process%20that%20tends%20to%20l#l3-s6-p6
,3,open_problem,other,"Understand why graphite transitions from lubricant to abrasive in space environments, a phenomenon discovered during early Mercury missions.","I will tell you about how graphite is a lubricant on Earth and an abrasive in space. That was a big surprise at the beginning of the Mercury program. Some of the first space shots, things quit turning.",SSW_S2013_03,§10.p6,https://r-h-taylor.github.io/lectures/cQyB28XAsDA.html?q=I%20will%20tell%20you%20about%20how%20graphite%20is%20a%20lubricant%20on%20Earth%20a#l3-s10-p6
,3,open_problem,joining,"Wire bonding speed is fundamentally limited by mechanical inertia and stiffness of the bonding head, preventing faster than ~7–10 bonds per second despite economic pressure.","You run into the same stiffness and vibration problems limiting how fast you can go. You can try to run it faster, but the mechanical inertia of all these parts moving up and down — you have to make the sewing-machine heads lightweight because of the inertia.",SSW_S2013_04,§7.p3,https://r-h-taylor.github.io/lectures/ezlblvG-CmI.html?q=You%20run%20into%20the%20same%20stiffness%20and%20vibration%20problems%20limit#l3-s7-p3
,3,open_problem,joining,"Ultrasonic wire bonding sacrifices throughput (1–2 bonds/second vs. 7) to improve quality, suggesting an unresolved trade-off between speed and bond reliability.","You can improve this problem if you do it with ultrasonics. You can't make seven a second if you're doing ultrasonics at the same time. You might make one a second, or two a second.",SSW_S2013_04,§7.p4,https://r-h-taylor.github.io/lectures/ezlblvG-CmI.html?q=You%20can%20improve%20this%20problem%20if%20you%20do%20it%20with%20ultrasonics.%20#l3-s7-p4
,3,open_problem,corrosion,Understand the mechanism and control of crevice corrosion at the interface between tube sheets and inserted pipes in large heat exchangers.,"For each of those 10,000 pipes going through the tube sheet, you need a joint between the tube sheet and the pipe so you don't get water leaking out. If you don't get a good seal, you get crevice corrosion over time.",SSW_S2013_05,§5.p2,https://r-h-taylor.github.io/lectures/AD8vT3yI7Co.html?q=For%20each%20of%20those%2010%2C000%20pipes%20going%20through%20the%20tube%20sheet%2C#l3-s5-p2
,3,open_problem,joining,The surface energy differences between liquid metals and how strongly impurities bond to them in vacuum merit detailed investigation.,Surface energy becomes important in all this cold welding. How strongly bonded are the impurities to the surfaces?,SSW_S2013_05,§8.p1,https://r-h-taylor.github.io/lectures/AD8vT3yI7Co.html?q=Surface%20energy%20becomes%20important%20in%20all%20this%20cold%20welding.%20H#l3-s8-p1
,3,open_problem,other,Why metallic surface energies are 2–3× higher than ionic/covalent materials remains incompletely explained despite the electron-range hypothesis.,"Why are metallic surface energies so much higher? For ionic and covalent, the surface energy comes from just the top two layers — more than two atomic distances away, that curve drops off. For metallic, these free non-localized electrons give us bond contributions from greater distances. The number of electrons involved in the surface energy is greater by a factor of two or three, and therefore metals have surface energies two or three times higher.",SSW_S2013_05,§9.p3,https://r-h-taylor.github.io/lectures/AD8vT3yI7Co.html?q=Why%20are%20metallic%20surface%20energies%20so%20much%20higher%3F%20For%20ionic%20#l3-s9-p3
,3,open_problem,joining,"Polymer chain diffusion across plastic interfaces remains fundamentally limited, causing persistent weak demarcation lines even after successful surface extrusion during welding.",That's the problem in joining plastics in general: you can't get polymer chains going across the interface. They don't diffuse — they're too big to diffuse — and so you always end up with a strong demarcation which is just van der Waals bonding.,SSW_S2013_06,§1.p6,https://r-h-taylor.github.io/lectures/W6odPf1FnBs.html?q=That%27s%20the%20problem%20in%20joining%20plastics%20in%20general%3A%20you%20can%27t#l3-s1-p6
,3,open_problem,fatigue,Impact resistance of polyethylene gas pipe welds remains poorly characterized despite decades of field deployment; creep behavior under sustained tension also needs investigation.,"If you do a tensile test you can set parameters such that you'll probably fail in the base material, or you'll fail at a substantial fraction of the yield stress. But impacts are still a problem. Creep too, if you put this under tension.",SSW_S2013_06,§1.p6,https://r-h-taylor.github.io/lectures/W6odPf1FnBs.html?q=If%20you%20do%20a%20tensile%20test%20you%20can%20set%20parameters%20such%20that%20yo#l3-s1-p6
,3,open_problem,joining,The interplay between surface roughness and joint thickness in type-one adhesive bonding needs systematic investigation to understand when roughness enhances versus degrades bond strength.,"There are times when having a little bit of surface roughness even in type one, as long as you don't destroy the thinness of the joint, increases the surface area and can enhance the effective surface energy of the joint.",SSW_S2013_06,§4.p1,https://r-h-taylor.github.io/lectures/W6odPf1FnBs.html?q=There%20are%20times%20when%20having%20a%20little%20bit%20of%20surface%20roughnes#l3-s4-p1
,3,open_problem,joining,The competing requirements of anodized aluminum surface preparation: porosity needed for adhesive bonding versus sealing needed for corrosion resistance.,"But if you're going to use it for an adhesive-bonded prep surface, you don't want to seal it. You want to leave it nice and porous. So it's mechanical interlocking.",SSW_S2013_06,§4.p4,https://r-h-taylor.github.io/lectures/W6odPf1FnBs.html?q=But%20if%20you%27re%20going%20to%20use%20it%20for%20an%20adhesive-bonded%20prep%20su#l3-s4-p4
,3,open_problem,joining,"Understand why cyanoacrylates bond strength degrades dramatically when switching from thin films to thick, high-viscosity formulations used in structural anchoring.","I just gave up two or three orders of magnitude on bonding strength, because I started out with something I'm not going to get this thin — I'm not going to use the thinness of the Stefan equation there.",SSW_S2013_06,§7.p3,https://r-h-taylor.github.io/lectures/W6odPf1FnBs.html?q=I%20just%20gave%20up%20two%20or%20three%20orders%20of%20magnitude%20on%20bonding%20s#l3-s7-p3
,3,open_problem,joining,Investigate the specific hydroxy radical chemistry that explains why cyanoacrylates bond preferentially to basic vs. acidic substrates (paper vs. wood).,"Crazy Glue sticks better to paper than it does to wood, because paper is slightly basic... Crazy Glue doesn't work as well on most woods because woods are slightly acidic.",SSW_S2013_06,§7.p4,https://r-h-taylor.github.io/lectures/W6odPf1FnBs.html?q=Crazy%20Glue%20sticks%20better%20to%20paper%20than%20it%20does%20to%20wood%2C%20beca#l3-s7-p4
,3,open_problem,welding,The exact source of hydrogen contamination in plasma-sprayed stainless steel coatings and its role in delayed cracking remains unclear.,"I said, well, that could be the source of hydrogen. And it turns out it was. They were trying to get a rough surface... [but] I just don't know where the hydrogen came from.",SSW_S2013_07,§2.p4–p5,https://r-h-taylor.github.io/lectures/lq2o9aQyxMo.html?q=I%20said%2C%20well%2C%20that%20could%20be%20the%20source%20of%20hydrogen.%20And%20it%20t#l3-s2-p4
,3,open_problem,corrosion,"Moisture and road salts attack adhesive bonds in automotive door panel assemblies after 5 years, causing structural failure, yet the precise degradation mechanism remains unexplained.","After about five years the adhesives were attacked by moisture — road salts, rainwater splashing up in there — and these door panels were just rattling.",SSW_S2013_07,§4.p3,https://r-h-taylor.github.io/lectures/lq2o9aQyxMo.html?q=After%20about%20five%20years%20the%20adhesives%20were%20attacked%20by%20moistu#l3-s4-p3
,3,open_problem,adhesion,"Understanding why adhesive bonds degrade over decades in service, particularly corrosion migration at the interface.","Over time you get some corrosion at the interface as things migrate in. [Boeing] were using adhesive bonding — but then they were putting rivets in. He says, well, why are you doing that? They said, oh, just to be sure, because in thirty years adhesive bonds are going to get weaker.",SSW_S2013_07,§6.p4,https://r-h-taylor.github.io/lectures/lq2o9aQyxMo.html?q=Over%20time%20you%20get%20some%20corrosion%20at%20the%20interface%20as%20things%20#l3-s6-p4
,3,open_problem,adhesion,"The mechanism by which water vapor deposits inside surface asperities on Teflon under thermal gradients, enabling wet adhesion.","If you could deposit the water on the inside like this — and you can, if you vapor-deposit in a temperature gradient. So if I had steam up here and I cooled my surface and I vapor-deposited, I would end up depositing water inside these asperities.",SSW_S2013_07,§7.p2,https://r-h-taylor.github.io/lectures/lq2o9aQyxMo.html?q=If%20you%20could%20deposit%20the%20water%20on%20the%20inside%20like%20this%20%E2%80%94%20and#l3-s7-p2
,3,open_problem,other,"Understand whether Teflon coating prevents ice buildup in carburetors, conditional on the icing mechanism (rain droplets vs. frost from humidity).","Then the question is, should you put Teflon on your carburetor or not? The answer is, it depends on what's causing icing... If it's water droplets because you're flying in rain... Teflon would be great. But what if it's just the humidity in the air, and that's cooling and depositing on the walls of the carburetor, and you're getting frost buildup that you can't get off with a sledgehammer?",SSW_S2013_07,§7.p7,https://r-h-taylor.github.io/lectures/lq2o9aQyxMo.html?q=Then%20the%20question%20is%2C%20should%20you%20put%20Teflon%20on%20your%20carburet#l3-s7-p7
,3,open_problem,aluminum,Why aluminum and magnesium cannot be diffusion bonded despite being common metals remains unexplained beyond the oxide stability issue.,"Among the common metals: iron, titanium, and nickel, and in particular titanium. But the things that can't be bonded very easily are aluminum and magnesium. Why? Because they form very stable oxides that won't dissolve into the base material.",SSW_S2013_07,§9.p4,https://r-h-taylor.github.io/lectures/lq2o9aQyxMo.html?q=Among%20the%20common%20metals%3A%20iron%2C%20titanium%2C%20and%20nickel%2C%20and%20in%20#l3-s9-p4
,3,open_problem,titanium,The mechanism by which titanium oxide is consumed by titanium above 900°C and the conditions that trigger spontaneous combustion in engines needs deeper investigation.,In titanium — our poster child for diffusion bonding — above 900° centigrade titanium will consume its own oxide. In fact that's been a problem in the titanium jet engine business. They've actually had titanium fires in the engine if they run the engine improperly and they get above 900° centigrade.,SSW_S2013_07,§9.p5,https://r-h-taylor.github.io/lectures/lq2o9aQyxMo.html?q=In%20titanium%20%E2%80%94%20our%20poster%20child%20for%20diffusion%20bonding%20%E2%80%94%20above#l3-s9-p5
,3,open_problem,processing,"Why exactly does grain growth and stage-three porosity occur above 0.8 of absolute melting temperature, and what is the precise relationship between grain boundary motion rate and interface porosity?","Above eight-tenths of the absolute melting point... you have to stay far enough below — or close enough to — the recrystallization temperature of the metal, so that you don't start getting lots of grain growth... if they do and the grains get too big you get to stage three too early and you're full of porosity at the interface.",SSW_S2013_08,§2.p6,https://r-h-taylor.github.io/lectures/MVljACLzPIk.html?q=Above%20eight-tenths%20of%20the%20absolute%20melting%20point...%20you%20have#l3-s2-p6
,3,open_problem,joining,The physical mechanism by which tin diffusion into copper during transient liquid phase soldering leaves behind lead-rich material with dramatically improved high-temperature strength needs investigation.,"The tin diffused into the copper, leaving behind a very rich lead, which is what they had intended to get anyway.",SSW_S2013_08,§8.p7,https://r-h-taylor.github.io/lectures/MVljACLzPIk.html?q=The%20tin%20diffused%20into%20the%20copper%2C%20leaving%20behind%20a%20very%20rich#l3-s8-p7
,3,open_problem,joining,Whether industrial solder joints in circuit boards actually operate via transient liquid phase diffusion bonding rather than conventional solder mechanics remains unclear.,"I started thinking about it and realized that a lot of the joints they were making — they might have been making solder joints with the same old lead-tin solders with copper or gold, but in fact what they're really doing is transient liquid phase diffusion soldering.",SSW_S2013_08,§9.p3,https://r-h-taylor.github.io/lectures/MVljACLzPIk.html?q=I%20started%20thinking%20about%20it%20and%20realized%20that%20a%20lot%20of%20the%20j#l3-s9-p3
,3,open_problem,joining,The thermal expansion mismatch problem when joining silicon or gallium arsenide chips to substrates via transient liquid phase diffusion needs investigation.,"we actually worked on transient liquid phase diffusion soldering, to try to join silicon, or in his case gallium arsenide chips to the substrate. Big thermal expansion problems.",SSW_S2013_08,§9.p3,https://r-h-taylor.github.io/lectures/MVljACLzPIk.html?q=we%20actually%20worked%20on%20transient%20liquid%20phase%20diffusion%20solde#l3-s9-p3
,3,open_problem,joining,Determine the dominant failure criterion for dissimilar-metal joints when stress and strain are multiaxial tensors rather than scalars.,"You have a problem if you want to do stress or strain... What strain do you use? People have been worrying about this for years, not just in dissimilar-metal joints but in a biaxial tensile test — what do you use for the criteria for failure?",SSW_S2013_09,§3.p3,https://r-h-taylor.github.io/lectures/BVe8AzvbfyA.html?q=You%20have%20a%20problem%20if%20you%20want%20to%20do%20stress%20or%20strain...%20Wha#l3-s3-p3
,3,open_problem,joining,Why larger computer chips crack during bonding despite advances in integration—thermal strain limits remain poorly understood.,"If they tried a centimeter and a half on a side, they couldn't bond it to its substrate without it cracking, just from about a 30° centigrade temperature differential that you have to carry the heat out of the chip.",SSW_S2013_09,§3.p5,https://r-h-taylor.github.io/lectures/BVe8AzvbfyA.html?q=If%20they%20tried%20a%20centimeter%20and%20a%20half%20on%20a%20side%2C%20they%20couldn#l3-s3-p5
,3,open_problem,joining,Develop a kinetic (non-equilibrium) extension to Young's equation that accounts for temperature gradients and actually provides new physical insight.,"People have tried to take Young's equation and develop a kinetic equation of wetting from it, but I've never seen a model that really works or gives you new insight.",SSW_S2013_09,§6.p2,https://r-h-taylor.github.io/lectures/BVe8AzvbfyA.html?q=People%20have%20tried%20to%20take%20Young%27s%20equation%20and%20develop%20a%20kin#l3-s6-p2
,3,open_problem,joining,The wetting kinetics of lead-free solders versus traditional lead-tin solders under transient non-equilibrium conditions has not been systematically characterized despite massive industry investment.,nothing wets as well or as fast as lead-tin solder. Hundreds of millions of dollars have been spent by industry and government.,SSW_S2013_09,§6.p5,https://r-h-taylor.github.io/lectures/BVe8AzvbfyA.html?q=nothing%20wets%20as%20well%20or%20as%20fast%20as%20lead-tin%20solder.%20Hundreds#l3-s6-p5
,3,open_problem,joining,Understanding why gallium arsenide cracks during room-temperature bonding despite no thermal cycling.,gallium arsenide will crack just from bonding even at room temperature. You don't have to worry about the thermal cycling.,SSW_S2013_10,§1.p3,https://r-h-taylor.github.io/lectures/qxu-UXRIfhU.html?q=gallium%20arsenide%20will%20crack%20just%20from%20bonding%20even%20at%20room%20t#l3-s1-p3
,3,open_problem,joining,Investigate why abietic acid rosin flux loses chemical activity at high copper tarnish levels and whether additives can restore performance.,"Abietic acid will form a copper abietate. You actually clean the surface of the copper oxide, but it's not a very strong acid... At high tarnish, there's not enough activity to clean the surface.",SSW_S2013_10,§4.p4,https://r-h-taylor.github.io/lectures/qxu-UXRIfhU.html?q=Abietic%20acid%20will%20form%20a%20copper%20abietate.%20You%20actually%20clean#l3-s4-p4
,3,open_problem,joining,Why certain metals like beryllium and titanium remain fundamentally unsolderable below 450°C despite flux chemistry advances.,"Beryllium and titanium, they're just not solderable. Below 450 C, you don't have enough temperature to break down the titanium oxide or the beryllium oxide.",SSW_S2013_10,§6.p2,https://r-h-taylor.github.io/lectures/qxu-UXRIfhU.html?q=Beryllium%20and%20titanium%2C%20they%27re%20just%20not%20solderable.%20Below%204#l3-s6-p2
,3,open_problem,joining,Predicting and preventing long-term corrosion of fine solder joints on printed circuit boards from residual halogenated flux.,"If you're talking about very small solder joints, such as you have on a printed circuit board where your joints are very small, it doesn't take more than a year's worth of corrosion — because the joints are so thin and so small — and all of a sudden you've corroded away your joint.",SSW_S2013_10,§7.p7,https://r-h-taylor.github.io/lectures/qxu-UXRIfhU.html?q=If%20you%27re%20talking%20about%20very%20small%20solder%20joints%2C%20such%20as%20yo#l3-s7-p7
,3,open_problem,soldering,"The mechanisms by which specific trace contaminants (Al, Mg, Zn, S, Cd) degrade solder wettability and joint quality remain incompletely characterized.","If you pick up very much contamination, you find that 50 parts per million of aluminum, magnesium, or zinc — zinc could be in a lot of things, we use it for corrosion protection, but it would easily get into that solder bath — will form intermetallics. Those intermetallics start to act like sand in the solder bath.",SSW_S2013_11,§2.p2–p3,https://r-h-taylor.github.io/lectures/40vhfL7j7yc.html?q=If%20you%20pick%20up%20very%20much%20contamination%2C%20you%20find%20that%2050%20par#l3-s2-p2
,3,open_problem,joining,The mechanism by which tungsten prevents copper interdiffusion into silicon remains poorly explained and could be rigorously studied.,"IBM announced they had come up with this mystery bonding layer or inter-diffusion layer that would prevent inter-diffusion of copper into the silicon, so it wouldn't destroy the semiconductor properties. The mystery material turns out to be tungsten.",SSW_S2013_11,§4.p3,https://r-h-taylor.github.io/lectures/40vhfL7j7yc.html?q=IBM%20announced%20they%20had%20come%20up%20with%20this%20mystery%20bonding%20lay#l3-s4-p3
,3,open_problem,joining,"Understand why solder ball connections begin to fail due to thermal expansion shearing around 2,000 connections per chip.","You can get up to 2,000 theoretically before you start running into thermal expansion problems, of these things just shearing themselves apart.",SSW_S2013_11,§8.p6,https://r-h-taylor.github.io/lectures/40vhfL7j7yc.html?q=You%20can%20get%20up%20to%202%2C000%20theoretically%20before%20you%20start%20runni#l3-s8-p6
,3,open_problem,joining,Understanding how to safely volatilize zinc contamination from vacuum brazing furnaces without redistributing it to cooler regions where it becomes trapped.,The outside is water-cooled; you can put your hand on the wall of the vacuum furnace when it's running. So all they did was move the zinc into the cooler regions.,SSW_S2013_12,§5.p2,https://r-h-taylor.github.io/lectures/unG_GsTROaU.html?q=The%20outside%20is%20water-cooled%3B%20you%20can%20put%20your%20hand%20on%20the%20wa#l3-s5-p2
,3,open_problem,joining,Characterizing and controlling erosion mechanisms in high-temperature brazing of complex multi-metal heat exchangers.,"In brazing, you can have erosion of 50 or 100 microns or even more.",SSW_S2013_12,§6.p1,https://r-h-taylor.github.io/lectures/unG_GsTROaU.html?q=In%20brazing%2C%20you%20can%20have%20erosion%20of%2050%20or%20100%20microns%20or%20eve#l3-s6-p1
,3,open_problem,joining,The mechanism by which cadmium oxide suppresses arcing in electrical contacts at high amperage is presented but not mechanistically explained.,"If you put a tenth of a percent cadmium oxide in there, you can get 15 amps. Then you can break a circuit at 15 amps without creating an arc — it will suppress the arc.",SSW_S2013_12,§9.p1,https://r-h-taylor.github.io/lectures/unG_GsTROaU.html?q=If%20you%20put%20a%20tenth%20of%20a%20percent%20cadmium%20oxide%20in%20there%2C%20you%20#l3-s9-p1
,3,open_problem,joining,"The exact failure mechanism of the Thresher's seawater piping valve—whether it was the braze joint itself, material defect, or design flaw—remains incompletely understood.","They think it was a sea water piping valve, where they brazed a steel pipe where the seawater came in to help cool the nuclear reactor, and it let go.",TQI_S2018_02,§7.p2,https://r-h-taylor.github.io/lectures/X3MCQ1yWVrM.html?q=They%20think%20it%20was%20a%20sea%20water%20piping%20valve%2C%20where%20they%20braze#l3-s7-p2
,3,open_problem,other,The mechanism by which gas expansion in the ballast valve caused clogging during emergency blow procedures is not well characterized.,"when you expand gases, they clogged the valve and they didn't blow the tanks completely.",TQI_S2018_02,§7.p2,https://r-h-taylor.github.io/lectures/X3MCQ1yWVrM.html?q=when%20you%20expand%20gases%2C%20they%20clogged%20the%20valve%20and%20they%20didn%27#l3-s7-p2
,3,open_problem,processing,"Helicopters failed in desert conditions due to sand ingestion causing engine abrasion, but the fix (engine particle separators) was developed under time pressure—understanding the fundamental erosion mechanisms and optimal separator designs remains unclear.","The helicopters were failing because they would ingest dust and sand from the desert, and within three minutes they would just abrade away the whole engine. They had to develop things called engine particle separators and stuff. They worked around it, but they realized they were working very fast to solve problems.",TQI_S2018_04,§4.p3,https://r-h-taylor.github.io/lectures/P5IUV3hGBxQ.html?q=The%20helicopters%20were%20failing%20because%20they%20would%20ingest%20dust%20#l3-s4-p3
,3,open_problem,processing,"The cost reduction pathway for powder metallurgy 3D printing from $1,000/pound down to $2/pound automotive pricing remains unspecified—a significant gap between demonstrated and viable manufacturing economics.","You've got kind of a little hurdle from $10,000 a pound to something that's automotive, which is going to be selling for on average about $2 a pound. You better have some really good ideas of how to reduce that. So what are they doing? They have multiple print heads. They have like twenty print heads. That could reduce the cost by a factor of ten. Ten into 10,000 and you're down to 1,000. You only need another factor of 500. So what's your next idea?",TQI_S2018_04,§5.p2,https://r-h-taylor.github.io/lectures/P5IUV3hGBxQ.html?q=You%27ve%20got%20kind%20of%20a%20little%20hurdle%20from%20%2410%2C000%20a%20pound%20to%20s#l3-s5-p2
,3,open_problem,welding,"Frosty welds appear consistently when welding galvanized steel, but the underlying mechanism and mitigation strategies deserve systematic study.","Well Bill, you always get frosty welds when you weld steel through galvanizing because the zinc vaporizes. He says, well yeah, but I need to fix it Tom.",TQI_S2018_06,§8.p7,https://r-h-taylor.github.io/lectures/RKsOktnW64A.html?q=Well%20Bill%2C%20you%20always%20get%20frosty%20welds%20when%20you%20weld%20steel%20t#l3-s8-p7
,3,open_problem,measurement,"Statistical process control fails at low sigma levels due to multiple concurrent failure modes, but the precise transition point and how to diagnose multiple root causes remains unclear.","At three Sigma, I'm producing seven percent defects, and there are multiple reasons. When you've got that many problems, there are multiple reasons. Trying to apply statistics, which tends to home in on one, is going to give you lousy statistics because you've got too many variables.",TQI_S2018_07,§8.p1,https://r-h-taylor.github.io/lectures/e5EulnwJsHA.html?q=At%20three%20Sigma%2C%20I%27m%20producing%20seven%20percent%20defects%2C%20and%20the#l3-s8-p1
,3,open_problem,measurement,"Beyond Six Sigma, defect rates drop too low to gather statistically significant samples, making further process improvement difficult to quantify.","But many companies would use SPC and get to five Sigma and have this goal to get to Six Sigma, and they really couldn't do it. The reason was, at Six Sigma there's not enough defects to give me good statistics.",TQI_S2018_07,§8.p2,https://r-h-taylor.github.io/lectures/e5EulnwJsHA.html?q=But%20many%20companies%20would%20use%20SPC%20and%20get%20to%20five%20Sigma%20and%20h#l3-s8-p2
,3,open_problem,processing,The underlying cause of submarine piping conflicts and cascading inventory failures—how to model or predict spatial interference and material constraints during design—remains systematically unaddressed.,"But this piping had to use this metal and that piping had to use that metal, and they were always out of inventory, because when they had a problem, someone would steal from inventory that had already been ordered, which might be a nine-month lead time. They'd get that problem solved, but all they did was create other problems for the future.",TQI_S2018_07,§9.p4,https://r-h-taylor.github.io/lectures/e5EulnwJsHA.html?q=But%20this%20piping%20had%20to%20use%20this%20metal%20and%20that%20piping%20had%20to#l3-s9-p4
,3,open_problem,other,"Cable-stayed bridges require extremely precise strand length tuning (within 1/4 inch), but the mechanics of stress redistribution after individual strand failure is not well characterized.","they have to basically pull those strands within about a quarter of an inch of being all at the same length, otherwise you have too much stress on one of them. One strand of the wire rope snaps, and then another one snaps.",WIE_F2015_06,§1.p4,https://r-h-taylor.github.io/lectures/g-JCSA7FEaU.html?q=they%20have%20to%20basically%20pull%20those%20strands%20within%20about%20a%20qua#l3-s1-p4
,3,open_problem,processing,"No one had previously attempted to forge ultra-high-purity alkali halide crystals (potassium chloride, potassium fluoride, cesium chloride) with zero dislocations or voids for high-power laser windows.","No one had ever tried to make very high purity, low imperfection — no dislocations or voids — things of potassium fluoride and potassium chloride and cesium chloride. No one had ever tried to do that before.",WIE_F2015_10,§5.p9,https://r-h-taylor.github.io/lectures/mHFW4IX-TCs.html?q=No%20one%20had%20ever%20tried%20to%20make%20very%20high%20purity%2C%20low%20imperfec#l3-s5-p9
,3,open_problem,other,"Recent structural failures have resulted from the transition from ASD to LRFD design methods, with specific failure cases warranting investigation.","There have been some interesting failures because of this stuff, and I'll talk about that on Tuesday. There are some interesting failures that come about because of canned programs.",WIE_F2015_11,§9.p5–p6,https://r-h-taylor.github.io/lectures/FodIYWgUez8.html?q=There%20have%20been%20some%20interesting%20failures%20because%20of%20this%20st#l3-s9-p5
,3,open_problem,steel,Understand the fundamental kinetics of why molybdenum shifts the C-curve nose by an order of magnitude and whether this effect is predictable from first principles.,"molybdenum is just changing the nose of that C-curve over from a second to thirty seconds, twenty seconds. I can slow the reaction down by a factor of twenty by adding half a percent moly to the steel.",WM_S2014_03,§4.p2,https://r-h-taylor.github.io/lectures/gI6EncbzMYI.html?q=molybdenum%20is%20just%20changing%20the%20nose%20of%20that%20C-curve%20over%20fr#l3-s4-p2
,3,open_problem,steel,"Understand why bainite has dramatically different toughness than martensite despite similar strength, despite both being hard quenched phases.","Bainite in the as-quenched condition, you can bend it into a U, and it has almost the same strength as the martensite. It's because of a different type of transformation.",WM_S2014_06,§4.p5,https://r-h-taylor.github.io/lectures/DTpmcRZY-gs.html?q=Bainite%20in%20the%20as-quenched%20condition%2C%20you%20can%20bend%20it%20into%20a#l3-s4-p5
,3,open_problem,corrosion,The hydrogen embrittlement mechanism in electroplated high-strength steel and its interaction with fatigue crack initiation remains poorly characterized.,"When you electroplate the steel, you introduce hydrogen. The steel's embrittled. If that thing gets shipped to him and whoever did it didn't bake out the hydrogen, the steel's embrittled, and it starts getting stressed. Within a few days or a few weeks, you have a brittle material, and it can start a crack.",WM_S2014_06,§6.p7,https://r-h-taylor.github.io/lectures/DTpmcRZY-gs.html?q=When%20you%20electroplate%20the%20steel%2C%20you%20introduce%20hydrogen.%20The#l3-s6-p7
,3,open_problem,welding,"Develop a practical method to determine welding procedures for old steels of unknown composition, which arises frequently in bridge and building renovation.","They'd say, 'We're redoing something' — like Dr. Belmar [?] said, they're redoing something like the Longfellow Bridge. They've got this old steel in this old building, and they want to know how to weld it... 'We don't know.' And I'd say, 'Then I can't tell you, because I need to know how much carbon, how much alloy content is in the steel.'",WM_S2014_07,§4.p1,https://r-h-taylor.github.io/lectures/2SD5PP34M88.html?q=They%27d%20say%2C%20%27We%27re%20redoing%20something%27%20%E2%80%94%20like%20Dr.%20Belmar%20%5B%3F%5D%20#l3-s4-p1
,3,open_problem,hydrogen,The mechanism by which hydrogen atoms preferentially accumulate at crack tips during stress—while intuitively explained by lattice strain—lacks quantitative experimental validation under controlled welding conditions.,"Why is that? Well, hydrogen is an interstitial atom. It likes to strain the lattice, and if you strain the lattice, the hydrogen will go to the lowest energy state where the lattice is already expanded. That's at the crack tip.",WM_S2014_08,§3.p1,https://r-h-taylor.github.io/lectures/PLoJwbIouJc.html?q=Why%20is%20that%3F%20Well%2C%20hydrogen%20is%20an%20interstitial%20atom.%20It%20like#l3-s3-p1
,3,open_problem,welding,"Eagar notes that early HY-80 submarine welds experienced delayed hydrogen cracking 8 hours after welding due to poor hydrogen control, but the precise mechanism of hydrogen diffusion to crack tips over this timeframe isn't fully characterized.","Some guy welding at night would hear this piece that had been welded during the day, and it'd be a big boom, like a rifle shot. A crack — a hydrogen crack — just ran through the part they had made that day, 8 hours earlier. Delayed cracking. The hydrogen diffused to the crack tip during those eight hours.",WM_S2014_08,§7.p3,https://r-h-taylor.github.io/lectures/PLoJwbIouJc.html?q=Some%20guy%20welding%20at%20night%20would%20hear%20this%20piece%20that%20had%20bee#l3-s7-p3
,3,open_problem,hydrogen,The mechanism by which hydrogen embrittlement reverses when steel is heated without cracks forming remains incompletely characterized.,"Hydrogen that gets into steel is reversible. If I have a piece of steel and I embrittle it with hydrogen, I stick it in an oven to get the hydrogen out, and as long as no cracks formed in the meantime — say I had no stress — I get rid of the hydrogen, there's no more embrittlement, and it goes back to being a ductile piece of steel.",WM_S2014_09,§1.p3,https://r-h-taylor.github.io/lectures/6pZ6eQ9AqJs.html?q=Hydrogen%20that%20gets%20into%20steel%20is%20reversible.%20If%20I%20have%20a%20pie#l3-s1-p3
,3,open_problem,welding,The exact mechanism and critical temperature window for hydrogen stress corrosion cracking in welded steel is incompletely characterized—the minimum time-to-failure is empirically observed near room temperature but the underlying physics deserves investigation.,"This is time to failure versus temperature. These are real data points in hydrogen sulfide, and it shows that the minimum time to failure is right around 25 degrees centigrade, and lo and behold it's just over an hour.",WM_S2014_12,§5.p3,https://r-h-taylor.github.io/lectures/TDSpnEuACMw.html?q=This%20is%20time%20to%20failure%20versus%20temperature.%20These%20are%20real%20d#l3-s5-p3
,3,open_problem,welding,Delayed hydrogen cracking in high-strength steel occurs on a time scale (hours to days) that makes early testing misleading—the physical mechanism and kinetics remain poorly characterized.,"It could have formed afterwards, after your one hour. You have to wait. The US Navy waits seven days before testing for cracks.",WM_S2014_12,§8.p5,https://r-h-taylor.github.io/lectures/TDSpnEuACMw.html?q=It%20could%20have%20formed%20afterwards%2C%20after%20your%20one%20hour.%20You%20ha#l3-s8-p5
,3,open_problem,welding,The threshold strength level at which hydrogen cracking becomes a serious risk in bridge welds is not precisely defined; the jump from 70 ksi (safe with care) to 100–120 ksi (requires post-weld testing) lacks a clear mechanistic explanation.,"With 70 ksi, I can use almost any electrode with a little bit of care and I won't get enough hydrogen. With 120 ksi I could get cracking.",WM_S2014_12,§8.p4,https://r-h-taylor.github.io/lectures/TDSpnEuACMw.html?q=With%2070%20ksi%2C%20I%20can%20use%20almost%20any%20electrode%20with%20a%20little%20bi#l3-s8-p4
,3,open_problem,processing,"Local stress relief on pressure vessels risks unintended tempering embrittlement in intermediate temperature zones, but failure mechanisms and steel-type dependencies are not well characterized.","There are all kinds of rules on local heat treatment, because local heat treatment somewhere on the part is going to get into this intermediate range where you get temper brittleness. You could damage your steel, depending on the type of steel, by doing local stress relief.",WM_S2014_14,§3.p3,https://r-h-taylor.github.io/lectures/yeLP2yXF358.html?q=There%20are%20all%20kinds%20of%20rules%20on%20local%20heat%20treatment%2C%20becaus#l3-s3-p3
,3,open_problem,welding,"ASME code tables (UCS-56) for stress-relief requirements vary by weld geometry at marginal thicknesses, but the physical basis for these geometry-dependent cutoffs is not clearly explained.","Some welds at an inch and a quarter you don't have to stress relieve, some at an inch and a quarter you do, at 1-1/2 inches you pretty much always have to. So it depends on the geometry as well, and they have these rules.",WM_S2014_14,§5.p2,https://r-h-taylor.github.io/lectures/yeLP2yXF358.html?q=Some%20welds%20at%20an%20inch%20and%20a%20quarter%20you%20don%27t%20have%20to%20stress#l3-s5-p2
,3,open_problem,welding,"Determine whether incomplete preheat, combined with frozen conditions and subsequent loading, has measurable effects on hydrogen diffusion kinetics that could explain the nine-month delay before failure.","They didn't preheat properly, and it had a hard microstructure because they didn't preheat properly... It must have been preheated to 100 degrees... they didn't bother to shovel the snow off the inside... they're not even drying the stick electrodes.",WM_S2014_14,§7.p3–§8.p2,https://r-h-taylor.github.io/lectures/yeLP2yXF358.html?q=They%20didn%27t%20preheat%20properly%2C%20and%20it%20had%20a%20hard%20microstructu#l3-s7-p3
,3,open_problem,steel,The metallurgical consequences of re-heat-treating large forgings with stand-in material samples that cool differently than the actual component remain poorly characterized.,"But that doesn't cool exactly the same way as this piece. This one's 200 tons; this one might be two tons, and they cool differently, they get different grain sizes.",WM_S2014_18,§6.p4,https://r-h-taylor.github.io/lectures/sSdJgzB3ioQ.html?q=But%20that%20doesn%27t%20cool%20exactly%20the%20same%20way%20as%20this%20piece.%20Th#l3-s6-p4
,3,open_problem,fracture,Why the heat-treated pressure vessel lost toughness despite passing small Charpy samples remains unexplained.,"They took Charpys out — it failed. So they redid it, and this little piece passed, and that little piece had enough toughness. But when they went out to test this thing after it exploded... the crack ran right from that corner stress concentration, and it just ripped off a piece about a third of the way around.",WM_S2014_18,§6.p7,https://r-h-taylor.github.io/lectures/sSdJgzB3ioQ.html?q=They%20took%20Charpys%20out%20%E2%80%94%20it%20failed.%20So%20they%20redid%20it%2C%20and%20thi#l3-s6-p7
,3,open_problem,corrosion,The hydrogen source causing stress corrosion cracking in this large heat-treated vessel is not clearly identified.,"It's partly a hydrogen cracking story. It's not a welding story, but it's a hydrogen cracking story... you have to have a source of hydrogen, and you'll get stress corrosion cracking.",WM_S2014_18,§6.p6,https://r-h-taylor.github.io/lectures/sSdJgzB3ioQ.html?q=It%27s%20partly%20a%20hydrogen%20cracking%20story.%20It%27s%20not%20a%20welding%20st#l3-s6-p6
,3,open_problem,fracture,The mechanism by which hydrogen causes strength reduction (up to 75%) in high-strength steel under complex stress states remains incompletely explained.,"If you looked at hydrogen, well, I could explain all kinds of things with hydrogen. I can get up to 75% reduction in strength if I have a lot of hydrogen.",WM_S2014_19,§1.p7,https://r-h-taylor.github.io/lectures/dFgUWebqYvI.html?q=If%20you%20looked%20at%20hydrogen%2C%20well%2C%20I%20could%20explain%20all%20kinds%20o#l3-s1-p7
,3,open_problem,joining,The mechanism preventing larger single-chip assembly due to cracking from residual stresses in soldering/brazing remains understudied in the electronics-welding interface.,you couldn't join something more than about one centimeter on a side without it cracking due to residual stresses from the soldering or brazing operation.,WM_S2014_20,§1.p4,https://r-h-taylor.github.io/lectures/Cz5zDd1Xwpw.html?q=you%20couldn%27t%20join%20something%20more%20than%20about%20one%20centimeter%20o#l3-s1-p4
,3,open_problem,fracture,Fracture mechanics predictions of weld defect significance need validation against real service data across different loading and material conditions.,"Well, first of all, do fracture mechanics and see if the pore makes a difference, and I will tell you that 19 times out of 20 those little imperfections — fracture mechanics will tell you they're insignificant... through experience they've seen these bridges last 80 years with no problem, no fatigue cracks. They know what size imperfections are permissible at the design stress levels that the codes allow.",WM_S2014_20,§4.p7,https://r-h-taylor.github.io/lectures/Cz5zDd1Xwpw.html?q=Well%2C%20first%20of%20all%2C%20do%20fracture%20mechanics%20and%20see%20if%20the%20por#l3-s4-p7
,3,open_problem,welding,"Despite decades of Navy-funded research, the conditions under which undermatching weld metal might be safely used remain unresolved, with every large-scale structural test revealing brittle failure at the weld.","The Navy and other people have spent millions and millions of dollars over the years trying to see if they could use undermatching weld metal... But every time they've done it, they've had to weld up whole structures and shoot at them with ballistics if you're the Navy... every time the result has been failure.",WM_S2014_20,§7.p3,https://r-h-taylor.github.io/lectures/Cz5zDd1Xwpw.html?q=The%20Navy%20and%20other%20people%20have%20spent%20millions%20and%20millions%20o#l3-s7-p3
,3,open_problem,steel,Understand why repeated attempts over 25 years to use undermatching filler metal in high-strength steels have consistently failed despite theoretical advantages.,"about every 15 years, someone would go out and spend millions of dollars trying to find out if they could use undermatching filler metal. The advantage in steels is, you get this acicular ferrite that will give you strengths up to 120 ksi, which means you can weld steels with base metal of 100 ksi, and you'll be overmatching.",WM_S2014_20,§7.p5,https://r-h-taylor.github.io/lectures/Cz5zDd1Xwpw.html?q=about%20every%2015%20years%2C%20someone%20would%20go%20out%20and%20spend%20million#l3-s7-p5
,3,open_problem,fatigue,"Why weld notches produce identical fatigue strength regardless of base-material strength, unlike stress-concentration behavior in non-welded holes.","If you put a weld in there, you get no advantage for high-strength steel in fatigue if it's welded. The reason is the weld produces a notch. It's a stress concentration. And it turns out, in terms of fatigue, that notch is going to give you the same fatigue strength whether you're a low-strength steel or whether you're a high-strength steel.",WM_S2014_21,§2.p2,https://r-h-taylor.github.io/lectures/Jh5DokU5lSU.html?q=If%20you%20put%20a%20weld%20in%20there%2C%20you%20get%20no%20advantage%20for%20high-st#l3-s2-p2
,3,open_problem,fatigue,Understand why closure welds around plate overlaps catastrophically reduce fatigue strength despite adding no structural benefit.,"It doesn't really add any strength. In fact, it tremendously reduces the fatigue strength.",WM_S2014_21,§5.p3,https://r-h-taylor.github.io/lectures/Jh5DokU5lSU.html?q=It%20doesn%27t%20really%20add%20any%20strength.%20In%20fact%2C%20it%20tremendously#l3-s5-p3
,3,open_problem,aluminum,The mechanism by which large freezing ranges in aluminum alloys produce hot tear cracks during solidification deserves deeper investigation.,"In the heat-affected zone you'll actually melt some of the grain boundaries — some of the inter-dendritic spaces — and you'll get liquid. Because aluminum has a 6% volume change on solidification, you get big internal stresses.",WM_S2014_22,§7.p1,https://r-h-taylor.github.io/lectures/GfNlt6mnU7E.html?q=In%20the%20heat-affected%20zone%20you%27ll%20actually%20melt%20some%20of%20the%20g#l3-s7-p1
,3,open_problem,aluminum,The metallurgical mechanisms controlling residual stress relief via controlled stretching and multi-stage aging in thick aluminum alloys remain inadequately characterized.,"You can't heat treat it to relieve the residual stresses for various metallurgical reasons... they have this huge hydraulic jack that can take a six-inch plate by about 10 or 12 feet wide and just stretch it one percent... you may do a double age. You may age it to get strength, and then you stretch it, and then you might age it again to get even more strength, or overage it to get corrosion resistance.",WM_S2014_23,§4.p4–p9,https://r-h-taylor.github.io/lectures/pOOhkXvQG4U.html?q=You%20can%27t%20heat%20treat%20it%20to%20relieve%20the%20residual%20stresses%20for#l3-s4-p4
,3,open_problem,fatigue,Long-term fatigue and stress concentration behavior of aluminum pressure vessels with unreinforced port holes under cyclic loading.,"The boiler and pressure vessel code said, hey, if you've got a hole in a plate, you've got a stress concentration factor of three, you have to use a doubler plate... he says, D.O.T. doesn't regulate me... so we'll just keep building these things without any doubler plates, without any reinforcements where the boiler and pressure vessel code requires them.",WM_S2014_24,§4.p7,https://r-h-taylor.github.io/lectures/YaQD8TDvp2k.html?q=The%20boiler%20and%20pressure%20vessel%20code%20said%2C%20hey%2C%20if%20you%27ve%20got#l3-s4-p7
,3,open_problem,fatigue,"Why do compressed air tanks blow up even when built to ASME standards, and what causes their failure modes?","they do blow up every time, even if they're built ASME. This one wasn't built ASME.",WM_S2014_24,§4.p10,https://r-h-taylor.github.io/lectures/YaQD8TDvp2k.html?q=they%20do%20blow%20up%20every%20time%2C%20even%20if%20they%27re%20built%20ASME.%20This#l3-s4-p10
,3,open_problem,aluminum,The mechanisms behind corrosion-assisted failure in aluminum pressure vessels after multiple repair welds.,"One of them comes back for about its third time being welded on, because it started leaking... It was corroded, but it was basically an overload failure.",WM_S2014_24,,
,3,open_problem,aluminum,"Investigate why aluminum oxide skin behavior during welding differs fundamentally from the melting point prediction, given the large temperature gap between oxide melting (~1500°C) and aluminum alloy melting (550–660°C).","That aluminum oxide skin is actually a hydrated aluminum oxide, so it doesn't really melt at 2,000 °C — maybe it only melts at 1500 °C. Given that the aluminum alloy melts at 550 to 660 °C, depending on how pure it is or how highly alloyed it is, that's a big temperature difference.",WM_S2014_24,§8.p2,https://r-h-taylor.github.io/lectures/YaQD8TDvp2k.html?q=That%20aluminum%20oxide%20skin%20is%20actually%20a%20hydrated%20aluminum%20oxi#l3-s8-p2
,3,open_problem,fatigue,"Whether under-matching weld metal (softer filler than base) actually causes fatigue failures in aluminum crankcase repairs, or if investigators are confusing correlation with causation.","For thirty years, every now and then someone would investigate one of these and find their weld metal was softer than their base metal, and say that's the cause. They didn't go through any fracture mechanics and determine what the stresses were.",WM_S2014_26,§3.p2,https://r-h-taylor.github.io/lectures/G5THU-givDs.html?q=For%20thirty%20years%2C%20every%20now%20and%20then%20someone%20would%20investiga#l3-s3-p2
,3,open_problem,joining,"Why do helicoil and double-helicoil inserts show the same strength as base metal at 204 inch-pounds despite their larger thread area, when theory predicts they should perform better?","with the stud into the base metal, half of them failed at 204 inch-pounds. With the stud into 4043 weld, half failed — with helicoil and with double helicoil.",WM_S2014_26,§3.p4,https://r-h-taylor.github.io/lectures/G5THU-givDs.html?q=with%20the%20stud%20into%20the%20base%20metal%2C%20half%20of%20them%20failed%20at%2020#l3-s3-p4
,3,open_problem,welding,"Establish why 4145 weld metal showed dramatically higher strength than 4043 in the same stud-pull test, and whether this translates to practical fatigue performance in service.",They also made one into 4145 weld metal and got a really big increase in strength.,WM_S2014_26,§3.p6,https://r-h-taylor.github.io/lectures/G5THU-givDs.html?q=They%20also%20made%20one%20into%204145%20weld%20metal%20and%20got%20a%20really%20big#l3-s3-p6
,3,open_problem,welding,Whether under-matching filler metal actually improves fatigue strength in thin welds remains unclear and deserves systematic study.,"I think you might prefer in many cases to have under-matching filler metal, because this is not an impact-loaded situation, and you can get a little better fatigue strength of softer material.",WM_S2014_26,§5.p4,https://r-h-taylor.github.io/lectures/G5THU-givDs.html?q=I%20think%20you%20might%20prefer%20in%20many%20cases%20to%20have%20under-matchin#l3-s5-p4
,3,open_problem,corrosion,The mechanism by which palladium improves crevice corrosion resistance in caustic solutions remains unexplained in Eagar's treatment.,"In very caustic solutions, like pH 10 or greater, you improve the crevice corrosion resistance. There are only a few situations where titanium will corrode, but at very high pH in crevice corrosion.",WM_S2014_27,§3.p2,https://r-h-taylor.github.io/lectures/2mxFuYzDDtU.html?q=In%20very%20caustic%20solutions%2C%20like%20pH%2010%20or%20greater%2C%20you%20improv#l3-s3-p2
,3,open_problem,titanium,The mechanism by which compressive stress promotes fatigue crack initiation in titanium at room temperature remains unexplained.,"If you have it under a big compressive stress, it would fatigue very readily. That's what they call the creep-fatigue interaction.",WM_S2014_27,§6.p3,https://r-h-taylor.github.io/lectures/2mxFuYzDDtU.html?q=If%20you%20have%20it%20under%20a%20big%20compressive%20stress%2C%20it%20would%20fati#l3-s6-p3
,3,open_problem,welding,Why gas metal arc welding fails for titanium despite extensive US Navy investment remains unexplained.,"The US Navy had been working on it, and they never really got it to work very well. I was doing research on it and I couldn't get it to work either... The US Navy had been working on a process that the Soviets had determined a long time ago didn't work. I won't go into the reasons why it doesn't work, but the Soviets used electroslag, and another process they used was gas tungsten arc welding.",WM_S2014_28,§2.p4–p5,https://r-h-taylor.github.io/lectures/g7tCGetxxRQ.html?q=The%20US%20Navy%20had%20been%20working%20on%20it%2C%20and%20they%20never%20really%20go#l3-s2-p4
,3,open_problem,titanium,The relationship between shielding gas dew point and hydrogen absorption in titanium welds is empirically known but mechanistically poorly understood.,"This is dew point of the argon shielding gas versus hydrogen content. Here's 60 parts per million. If your dew point gets very high, all of a sudden your hydrogen goes up, your hardness goes up, your minimum bend radius — you lose mechanical properties.",WM_S2014_28,§7.p1,https://r-h-taylor.github.io/lectures/g7tCGetxxRQ.html?q=This%20is%20dew%20point%20of%20the%20argon%20shielding%20gas%20versus%20hydrogen#l3-s7-p1
,3,open_problem,fatigue,Understand why the Soviet Alpha-class submarines developed widespread fatigue cracks and became noisy within two years of operation despite advanced titanium construction.,"I told you how the Soviets ended up mothballing these things. Two years later they were noisy, they were full of fatigue cracks.",WM_S2014_28,§8.p2,https://r-h-taylor.github.io/lectures/g7tCGetxxRQ.html?q=I%20told%20you%20how%20the%20Soviets%20ended%20up%20mothballing%20these%20things#l3-s8-p2
,3,open_problem,corrosion,"The protective patina on native copper is complex (copper oxide, sulfide, and other phases) but its composition and formation mechanism are not fully characterized.",It's not just straight copper oxide — it's a copper oxide sulfide and other things. They call it a patina.,WM_Su2014_01,§5.p1,https://r-h-taylor.github.io/lectures/TCmd_zoXkK8.html?q=It%27s%20not%20just%20straight%20copper%20oxide%20%E2%80%94%20it%27s%20a%20copper%20oxide%20su#l3-s5-p1
,3,open_problem,other,The fundamental reason why single-cell batteries are thermodynamically limited to ~1.5 volts despite theoretical possibilities remains underexplored.,typically it's very difficult to get more than about one and a half volts out of a battery... It's almost impossible to get a voltage of two volts in a simple single-cell battery.,WM_Su2014_02,§2.p4,https://r-h-taylor.github.io/lectures/cD2dBCxt1Sw.html?q=typically%20it%27s%20very%20difficult%20to%20get%20more%20than%20about%20one%20and#l3-s2-p4
,3,open_problem,titanium,Understand why titanium spontaneously ignites above ~900°C and consumes itself in jet engines.,"Above about 900 degrees centigrade — I have to check, I think it's 900 — it will dissolve its own oxide. And so they've had jet engine fires due to titanium catching on fire.",WM_Su2014_02,§6.p1,https://r-h-taylor.github.io/lectures/cD2dBCxt1Sw.html?q=Above%20about%20900%20degrees%20centigrade%20%E2%80%94%20I%20have%20to%20check%2C%20I%20thin#l3-s6-p1
,3,open_problem,titanium,Characterize the conditions and mechanisms of under-deposit corrosion attack on titanium in heat exchangers.,"You get what we call under-deposit corrosion attack, and titanium can corrode under some of those conditions, and it did.",WM_Su2014_02,§6.p2,https://r-h-taylor.github.io/lectures/cD2dBCxt1Sw.html?q=You%20get%20what%20we%20call%20under-deposit%20corrosion%20attack%2C%20and%20tit#l3-s6-p2
,3,open_problem,corrosion,Investigate why niobium and tantalum leap from low thermodynamic nobility (ranks 33–34) to top practical nobility (ranks 2–3).,Niobium and tantalum were thirty-three and thirty-four; they shoot up to two and three. Why are they so good? It turns out these things have practical nobility because they form a protective oxide skin.,WM_Su2014_02,§5.p5,https://r-h-taylor.github.io/lectures/cD2dBCxt1Sw.html?q=Niobium%20and%20tantalum%20were%20thirty-three%20and%20thirty-four%3B%20they#l3-s5-p5
,3,open_problem,corrosion,The mechanism by which titanium reacts with anhydrous ammonia to cause stress corrosion cracking and explosions remains incompletely characterized.,"Titanium will react with anhydrous ammonia and cause stress corrosion cracking, and they had some really exciting explosions. They were using some of this with the rocket programs early on and blew up some of the launch pads.",WM_Su2014_02,§7.p4,https://r-h-taylor.github.io/lectures/cD2dBCxt1Sw.html?q=Titanium%20will%20react%20with%20anhydrous%20ammonia%20and%20cause%20stress%20#l3-s7-p4
,3,open_problem,corrosion,Why replacement baffles made of certified 316 stainless steel failed rapidly in a hot chloride steam environment while the original material survived.,"It's supposed to be made out of 316 stainless steel. And it was made out of 316 stainless steel, but over time they had to replace the parts, or they put some new baffles in. All of a sudden within a few weeks, stuff is cracking and falling apart.",WM_Su2014_03,§5.p2,https://r-h-taylor.github.io/lectures/6fpf4j6EQD8.html?q=It%27s%20supposed%20to%20be%20made%20out%20of%20316%20stainless%20steel.%20And%20it%20#l3-s5-p2
,3,open_problem,fracture,"The distinction between stress-corrosion cracking and stress-assisted cracking remains ill-defined, with real consequences for engineering and insurance liability.","The fundamental question for the insurance carriers was: if all the damage was done in a half an hour, was that a slow process? Was that corrosion? ...if they called it stress corrosion cracking, the insurance company was going to deny the thirty million claim. If they could change the name and call it stress-assisted cracking — well, what cracking is *not* stress-assisted?",WM_Su2014_05,§4.p2,https://r-h-taylor.github.io/lectures/ZWgkUrtyK-4.html?q=The%20fundamental%20question%20for%20the%20insurance%20carriers%20was%3A%20if%20#l3-s4-p2
,3,open_problem,corrosion,Identify the chemical mechanism responsible for extreme corrosion rates (40–80 thousandths/year) observed in the Arizona warehouse sauna environment.,"They were getting forty thousandths of an inch per year. I've never seen anything that rapid before. In fact when they told me, before I went out there to see it, I said no, you've got to have something else going on, because the fastest you ever get is ten or twenty thousandths.",WM_Su2014_06,§5.p5,https://r-h-taylor.github.io/lectures/IUNJxDpWC7M.html?q=They%20were%20getting%20forty%20thousandths%20of%20an%20inch%20per%20year.%20I%27v#l3-s5-p5
,3,open_problem,corrosion,Quantify the corrosion mechanism driving exceptionally high carbon steel degradation rates in hot-arid diurnal cycles with condensation.,"That's the fastest carbon steel corrosion rate I've ever seen. You could do sewage, you could do chlorides, you could do anything you want — this was the best, and it was in Arizona.",WM_Su2014_06,§5.p6,https://r-h-taylor.github.io/lectures/IUNJxDpWC7M.html?q=That%27s%20the%20fastest%20carbon%20steel%20corrosion%20rate%20I%27ve%20ever%20see#l3-s5-p6
,3,open_problem,corrosion,"The mechanisms and detection of microbiologically-induced corrosion (MIC) in underground tanks remain poorly characterized, with over-attribution now clouding diagnosis.","There's a certain type of corrosion we now call MIC — microbiologically induced corrosion — which we really didn't recognize... Now you read a report on corrosion in a tank, and half the metallurgists in the world say, oh it must be MIC. So now everything is MIC.",WM_Su2014_07,§1.p5–p6,https://r-h-taylor.github.io/lectures/xutMakERdxY.html?q=There%27s%20a%20certain%20type%20of%20corrosion%20we%20now%20call%20MIC%20%E2%80%94%20microb#l3-s1-p5
,3,open_problem,corrosion,Prediction of underground storage tank failure time from soil properties lacks reliable quantitative models; leaks vary wildly (6–40+ years) across similar tank geometries and soils.,"The quickest leaks were in six years... But some of them last 30 years, and they've had some tanks last 40 years... They had a regression formula that took some of these things into account, so you get the cross effect.",WM_Su2014_07,§1.p2–p4,https://r-h-taylor.github.io/lectures/xutMakERdxY.html?q=The%20quickest%20leaks%20were%20in%20six%20years...%20But%20some%20of%20them%20las#l3-s1-p2
,3,open_problem,corrosion,The mechanism and kinetics of pitting corrosion in stainless steel at the splash line (oxygen concentration gradient) in chloride solutions remains poorly characterized.,"At the splash line where I had extra oxygen, I could perforate — that was about half-millimeter-thick stainless steel, about 20 thousandths — I could pit right through it in 24 hours in warm water.",WM_Su2014_07,§2.p4,https://r-h-taylor.github.io/lectures/xutMakERdxY.html?q=At%20the%20splash%20line%20where%20I%20had%20extra%20oxygen%2C%20I%20could%20perfora#l3-s2-p4
,3,open_problem,corrosion,Whether mildly acidic passivation solutions like citric acid can achieve the same corrosion protection as stronger acids in high-chloride environments remains unclear.,"Milder solutions than nitric acid that can passivate are citric acid and phosphoric acid... I think they ended up using the citric acid, and they did do it in place. But it's not as strong and it didn't work quite as well.",WM_Su2014_07,§4.p9–p10,https://r-h-taylor.github.io/lectures/xutMakERdxY.html?q=Milder%20solutions%20than%20nitric%20acid%20that%20can%20passivate%20are%20cit#l3-s4-p9
,3,open_problem,corrosion,The source of chloride contamination in deionized water used for rinse cycles in pacemaker case manufacturing is unidentified despite being a known cause of corrosion.,"But in fact, there's some data that says their deionized water, which was supposed to be like 10 megohm — their deionized water had a pH of three... where do the chlorides come from in the cleaning solution.",WM_Su2014_07,§5.p2,https://r-h-taylor.github.io/lectures/xutMakERdxY.html?q=But%20in%20fact%2C%20there%27s%20some%20data%20that%20says%20their%20deionized%20wat#l3-s5-p2
,3,open_problem,corrosion,Quantify the mechanism by which suspended solids in seawater abrade protective oxide films on copper alloys at different flow velocities.,"At certain velocities, those solids in the water going by will just eat away that oxide skin, just abrade it away.",WM_Su2014_07,§7.p3,https://r-h-taylor.github.io/lectures/xutMakERdxY.html?q=At%20certain%20velocities%2C%20those%20solids%20in%20the%20water%20going%20by%20wi#l3-s7-p3
,3,open_problem,corrosion,Characterize the under-insulation crevice corrosion attack mode in austenitic stainless steel when exposed to chloride disinfectants in food processing environments.,"Under-insulation attack. Same thing as crevice corrosion — you actually get an acidic condition underneath the crevice, and get preferential corrosion underneath something else on top of it.",WM_Su2014_07,§6.p5,https://r-h-taylor.github.io/lectures/xutMakERdxY.html?q=Under-insulation%20attack.%20Same%20thing%20as%20crevice%20corrosion%20%E2%80%94%20y#l3-s6-p5
,3,open_problem,corrosion,Oxide layer loss under erosive seawater conditions in cupronickel/Monel alloys remains poorly characterized.,And that's because of the erosive conditions and losing the oxide skin.,WM_Su2014_08,§1.p1,https://r-h-taylor.github.io/lectures/tx9-q4S6dWA.html?q=And%20that%27s%20because%20of%20the%20erosive%20conditions%20and%20losing%20the%20#l3-s1-p1
,3,open_problem,steel,"HY-130 steel cannot be welded reliably across the varying thicknesses and conditions required for full-size submarine construction, despite fifty million dollars in development.","If you weld only a certain thickness under certain conditions you can weld it, but a real submarine has to have different thicknesses, and not necessarily under those conditions. So from a practical point of view, HY-130, you can use for specialized applications, but you couldn't build a whole ship out of it.",WM_Su2014_10,§1.p3,https://r-h-taylor.github.io/lectures/htX4D4DYtxQ.html?q=If%20you%20weld%20only%20a%20certain%20thickness%20under%20certain%20condition#l3-s1-p3
,3,open_problem,corrosion,"Steel-aluminum transition joints in marine environments corrode catastrophically and perforate, but the mechanism and mitigation strategies are not well characterized.",It was at a steel-aluminum transition joint where there's tremendous corrosion. He just picked this up out of the scrap yard and took it home... I have a little piece that we polished and you can see the corrosion — it just corroded through the steel like mad.,WM_Su2014_10,§4.p4,https://r-h-taylor.github.io/lectures/htX4D4DYtxQ.html?q=It%20was%20at%20a%20steel-aluminum%20transition%20joint%20where%20there%27s%20tr#l3-s4-p4
,3,open_problem,welding,"Hydrogen trapping in frozen steel can extend crack formation timescales from days to months, but the conditions and mechanisms remain poorly understood.",I'll tell you a story one of these days of where it lasted for nine months. But it was frozen in the High Sierra mountains in the winter — so you can trap it if you freeze it.,WM_Su2014_10,§5.p4,https://r-h-taylor.github.io/lectures/htX4D4DYtxQ.html?q=I%27ll%20tell%20you%20a%20story%20one%20of%20these%20days%20of%20where%20it%20lasted%20f#l3-s5-p4
,3,open_problem,processing,"Fine grain size simultaneously improves both toughness and strength, but the mechanism and optimization remain unclear.",Fine grain size is one of the only things that improves both toughness and strength at the same time. Usually you add alloying elements and things get worse in terms of toughness.,WM_Su2014_11,§7.p1,https://r-h-taylor.github.io/lectures/PbP0bcxaq9c.html?q=Fine%20grain%20size%20is%20one%20of%20the%20only%20things%20that%20improves%20both#l3-s7-p1
,3,open_problem,measurement,"The mathematical relationship between hardness and tensile strength in work-hardening materials remains incompletely characterized—Eagar notes it should be exactly 2.57× in non-work-hardening cases but observes ~3× empirically due to work hardening, without explaining the discrepancy.","It turns out some of the tests are actually one-third or three times the tensile strength. If you take my deformation processing course you can prove it mathematically that in a non-plastic, non-work-hardening material it should be exactly 2.57 times, but because it work hardens it's about three.",WM_Su2014_12,§1.p2,https://r-h-taylor.github.io/lectures/w73CBqdeCEc.html?q=It%20turns%20out%20some%20of%20the%20tests%20are%20actually%20one-third%20or%20thr#l3-s1-p2
,3,open_problem,steel,"Understanding why HY-180 is nearly impossible to weld, despite Navy development—a fundamental weldability limitation that remains unresolved.","The Navy developed that, it's almost impossible to weld. Even the Navy doesn't use it — they built a couple of little prototypes and decided it's too difficult to weld.",WM_Su2014_12,§6.p4,https://r-h-taylor.github.io/lectures/w73CBqdeCEc.html?q=The%20Navy%20developed%20that%2C%20it%27s%20almost%20impossible%20to%20weld.%20Eve#l3-s6-p4
,3,open_problem,steel,"The mechanisms by which high-side chemistry in weld metal (e.g., carbon at 0.15, chromium at 0.29) causes cracking in high-strength steels like HY-100.","Every heat of steel that they made the welding wire out of for the first 18 percent of the vessel was on what we called a high-side chemistry, and it was really more like an HY-130... and that's why they got cracking.",WM_Su2014_12,§7.p1,https://r-h-taylor.github.io/lectures/w73CBqdeCEc.html?q=Every%20heat%20of%20steel%20that%20they%20made%20the%20welding%20wire%20out%20of%20f#l3-s7-p1
,3,open_problem,welding,The specific peening strategy and stress-relief protocol for very thick welds (14+ inches) to prevent mid-weld cracking remains incompletely documented or understood.,"When you get very thick, that thing took two days to weld up with 600 passes. And they were only doing short links. So you may have to stress relieve as you go, which means you go in there and pound it with a hammer every now and then.",WM_Su2014_12,§10.p2,https://r-h-taylor.github.io/lectures/w73CBqdeCEc.html?q=When%20you%20get%20very%20thick%2C%20that%20thing%20took%20two%20days%20to%20weld%20up#l3-s10-p2
,3,open_problem,processing,The intermediate plate thickness range where distortion is worst—between thin flexible sheet and rigid heavy plate—lacks systematic characterization.,"The absolutely worst situation for distortion is somewhere in between. No distortion when you're thin, because the plate or sheet is flexible. No distortion when you're very heavy.",WM_Su2014_14,§6.p6,https://r-h-taylor.github.io/lectures/Rn3Lc-rXdOc.html?q=The%20absolutely%20worst%20situation%20for%20distortion%20is%20somewhere%20i#l3-s6-p6
,3,open_problem,welding,Quantify how weld sequencing and restraint geometry jointly control residual stress magnitude in thick plates.,"Up to about an inch you may only get 80 percent of the residual stresses. It depends on the weld sequencing and how much other restraint is around it, whether it's the last side on a six-sided box or the fourth side. You'll have different amounts of restraint.",WM_Su2014_15,§1.p2,https://r-h-taylor.github.io/lectures/RZYwHNnIbzg.html?q=Up%20to%20about%20an%20inch%20you%20may%20only%20get%2080%20percent%20of%20the%20resid#l3-s1-p2
,3,open_problem,welding,Determine why vibratory stress relief fails to reduce residual stress despite decades of commercialization attempts and large Navy and British Welding Institute studies.,The U.S. Navy spent over a million dollars trying to prove whether vibratory stress relief works. They don't use it. So what do you think they concluded? The British Welding Institute spent several million dollars for the oil companies trying to verify it.,WM_Su2014_15,§2.p7,https://r-h-taylor.github.io/lectures/RZYwHNnIbzg.html?q=The%20U.S.%20Navy%20spent%20over%20a%20million%20dollars%20trying%20to%20prove%20w#l3-s2-p7
,3,open_problem,welding,The mechanism by which drawing lubricant on small-diameter wire concentrates hydrogen in the weld metal needs investigation.,"Now why would they have dirty wire as a function of diameter? Which one has the highest surface-to-volume ratio? Smaller diameter wire, more surface to volume. So dirty wire has more surface, and what's on the surface? Drawing lubricant.",WM_Su2014_15,§5.p10,https://r-h-taylor.github.io/lectures/RZYwHNnIbzg.html?q=Now%20why%20would%20they%20have%20dirty%20wire%20as%20a%20function%20of%20diameter#l3-s5-p10
,3,open_problem,welding,Eagar identifies a lack of understanding about the long-term behavior of small welding defects (sixteenth-inch cracks) under submarine operating conditions.,"You may have to do a little more inspection when they come back in port for inspections, but those little sixteenth-of-an-inch-long cracks, how fast are they going to grow?",WM_Su2014_15,§6.p2,https://r-h-taylor.github.io/lectures/RZYwHNnIbzg.html?q=You%20may%20have%20to%20do%20a%20little%20more%20inspection%20when%20they%20come%20b#l3-s6-p2
,3,open_problem,welding,Map the relationship between temperature and notched tensile strength in hydrogen-containing steel to explain why room temperature is the worst condition.,"A hydrogen-free specimen — no brittleness, no hydrogen embrittlement. If I have a hydrogen-containing specimen, it turns out the worst condition is right somewhere down here around room temperature. Higher temperatures, it diffuses out just like the CO2 coming out of my Sprite or the hydrogen bubbling out of the weld that you saw the video of.",WM_Su2014_16,§6.p1,https://r-h-taylor.github.io/lectures/e6E3olVXKQM.html?q=A%20hydrogen-free%20specimen%20%E2%80%94%20no%20brittleness%2C%20no%20hydrogen%20embri#l3-s6-p1
,3,open_problem,fatigue,"Room temperature (~20°C) is the worst-case condition for hydrogen-assisted cracking kinetics, but the mechanism behind this peak susceptibility window is unexplained.","Where is the shortest time, and what time is it? It's just over one hour at room temperature, 20 degrees C. We live in the worst possible temperature for hydrogen cracking.",WM_Su2014_16,§7.p5,https://r-h-taylor.github.io/lectures/e6E3olVXKQM.html?q=Where%20is%20the%20shortest%20time%2C%20and%20what%20time%20is%20it%3F%20It%27s%20just%20o#l3-s7-p5
,3,open_problem,joining,"Understand why different hydrogen cracking tests (Prooftstform, Tekken, implant test) all partially work but also partially fail to predict real welding behavior.","There are literally dozens of these little laboratory tests to try to simulate the restraint that you get in a real welding situation. They all sort of work, but they also all sort of don't work, right?",WM_Su2014_16,§8.p5,https://r-h-taylor.github.io/lectures/e6E3olVXKQM.html?q=There%20are%20literally%20dozens%20of%20these%20little%20laboratory%20tests%20#l3-s8-p5
,3,open_problem,welding,The source and transport mechanism of hydrogen into cookware during plasma-spray coating with Ar–H₂ mixtures remains incompletely characterized.,"I said, you've got martensite, you've got your residual stresses from the forming operation — I don't know where your hydrogen comes from.",WM_Su2014_17,§1.p3,https://r-h-taylor.github.io/lectures/MJs0XxC5_6Q.html?q=I%20said%2C%20you%27ve%20got%20martensite%2C%20you%27ve%20got%20your%20residual%20stre#l3-s1-p3
,3,open_problem,steel,Understand why Japanese shipbuilding steels required no preheat while equivalent alloy steels needed 200°F preheat—a cost-saving innovation whose metallurgical basis wasn't fully explained.,"The Japanese were making commercial steels for shipbuilding at the time that required no preheat. They might have one-inch-thick plate that in the old days, with an alloy steel, you had to preheat to 200 degrees — now they didn't have to preheat it at all, at least during the summer in Japan.",WM_Su2014_18,§3.p5,https://r-h-taylor.github.io/lectures/CBSri-H9tUE.html?q=The%20Japanese%20were%20making%20commercial%20steels%20for%20shipbuilding%20#l3-s3-p5
,3,open_problem,steel,"The metallurgical mechanism of temper embrittlement in carbon steels in the 600–1000°F range is avoided empirically but lacks clear explanation, especially relative to alloy steels.","We tend to avoid for metallurgical reasons 600 to a thousand, because you get something called temper embrittlement, which is another problem in carbon steels — not so much in alloy steels, but we try to avoid that.",WM_Su2014_18,§4.p3,https://r-h-taylor.github.io/lectures/CBSri-H9tUE.html?q=We%20tend%20to%20avoid%20for%20metallurgical%20reasons%20600%20to%20a%20thousand#l3-s4-p3
,3,open_problem,measurement,The mechanism behind hose instability in high-energy electron beams in atmospheric conditions remains poorly characterized and limits welding applications.,"The only problem with that high-energy electron beam: it worked great in a vacuum, but unfortunately the ocean is not in a vacuum, it's got air above it. They ran into something called a hose instability. You could shoot what should have been a straight beam coming out, but then the atmosphere would cause those electrons to whip around like the end of a garden hose that wasn't restrained that had water flow.",WM_Su2014_18,§6.p5,https://r-h-taylor.github.io/lectures/CBSri-H9tUE.html?q=The%20only%20problem%20with%20that%20high-energy%20electron%20beam%3A%20it%20wor#l3-s6-p5
,3,open_problem,welding,Why do some shipyards successfully weld stainless-to-chromoly transition joints while others consistently fail under identical procedures?,"People had been making this joint in other shipyards for years. So I said, why don't you just machine the joint prep a little differently... The reason other people had probably been successful, I don't really know, is that these guys were probably butting things up tight, and other people may not have had things quite so tight, or they were putting in a bigger weld.",WM_Su2014_20,§4.p5,https://r-h-taylor.github.io/lectures/qBeTbWLRrVo.html?q=People%20had%20been%20making%20this%20joint%20in%20other%20shipyards%20for%20yea#l3-s4-p5
,3,open_problem,welding,Understanding why thick-section welds fail catastrophically after successful repair attempts despite increased preheat.,"They decided, well, we need more preheat. They came in with heating blankets and heated up just locally... They heated locally, and this time they successfully made the weld, put it back on its post, and on the first shot to forge something — big bang, cracked again.",WM_Su2014_20,§5.p4,https://r-h-taylor.github.io/lectures/qBeTbWLRrVo.html?q=They%20decided%2C%20well%2C%20we%20need%20more%20preheat.%20They%20came%20in%20with%20#l3-s5-p4
,3,open_problem,measurement,Laser marking and engraving techniques introduce hydrogen or create brittle high-hardness zones in high-strength steels; optimization of non-melting laser methods is incomplete.,"They went to laser scribing, where you melt the surface. All they're doing is a super rapid cool in a high strength steel, and they would end up with high hardness, not necessarily a hydrogen crack, but just very high hardness. The thing would start a brittle crack and they would start fatigue cracks. So now they actually have some laser engraving techniques that don't melt the surface.",WM_Su2014_21,§4.p3,https://r-h-taylor.github.io/lectures/JqHyPQAPsao.html?q=They%20went%20to%20laser%20scribing%2C%20where%20you%20melt%20the%20surface.%20All#l3-s4-p3
,3,open_problem,fatigue,Fillet welds at stress concentrations (like rigging blocks) initiate fatigue cracks in large structures; design rules for preventing this failure mode need clarification.,"The cracks started at a fillet weld where they had little blocks... they decided we don't need to take that off. Well that became the stress concentration, that was the beginning of the fatigue crack that caused the thing to fracture.",WM_Su2014_21,§5.p1,https://r-h-taylor.github.io/lectures/JqHyPQAPsao.html?q=The%20cracks%20started%20at%20a%20fillet%20weld%20where%20they%20had%20little%20bl#l3-s5-p1
,3,open_problem,fracture,"Investigate why the IMT hot isostatic press vessel failed via brittle fracture despite supercomputer design—specifically, the role of transient thermal stress from internal heating and external water cooling.","They designed this on a supercomputer. In the mid-1980s, the supercomputer was not quite as good as a PC of five years ago. They had assumed everything was steady state heat flow — but you have this thing heated on the inside and you have to water cool the outside to keep it from getting too hot. They had this brittle fracture.",WM_Su2014_21,§6.p3,https://r-h-taylor.github.io/lectures/JqHyPQAPsao.html?q=They%20designed%20this%20on%20a%20supercomputer.%20In%20the%20mid-1980s%2C%20the#l3-s6-p3
,3,open_problem,steel,"Why do some high-toughness steel plates occasionally arrive at 30 foot-pounds while the average hovers near 21, and what causes this unexplained variability in normalized plate properties?","But every now and then one of the plates would come in at 30 foot-pounds... Most of them were down around 15 to 19 on the first normalize, and they'd have to second normalize some of them, even triple normalize.",WM_Su2014_22,§3.p6,https://r-h-taylor.github.io/lectures/fcDV3MMlcAE.html?q=But%20every%20now%20and%20then%20one%20of%20the%20plates%20would%20come%20in%20at%2030#l3-s3-p6
,3,open_problem,welding,The physics of why arcs cannot run in parallel remains incompletely understood despite practical workarounds.,"You can't run arcs in parallel. From basic physics, an arc is not a resistive element — it actually is a negative-resistance element. If you try to run two arcs in parallel, from a physics point of view one will snuff out the other and you'll carry all the current in one arc.",WM_Su2014_22,§6.p2,https://r-h-taylor.github.io/lectures/fcDV3MMlcAE.html?q=You%20can%27t%20run%20arcs%20in%20parallel.%20From%20basic%20physics%2C%20an%20arc%20i#l3-s6-p2
,3,open_problem,welding,The mechanisms controlling plasma conductivity scaling with current in multi-arc systems need investigation.,"The conductivity of the plasma becomes much greater with more current. So if you have fifty percent of your current here and fifty percent here, one of them will take a hundred percent of the current and starve the other.",WM_Su2014_22,§6.p2,https://r-h-taylor.github.io/lectures/fcDV3MMlcAE.html?q=The%20conductivity%20of%20the%20plasma%20becomes%20much%20greater%20with%20mor#l3-s6-p2
,3,open_problem,fatigue,Mechanism of fatigue crack initiation at saddle attachments on tanks due to localized stiffness changes under dynamic sloshing loads.,"They had a saddle arrangement. And right there you have a change in stiffness. So as the liquid is sloshing around in the tank, that change in stiffness, you're going to get a fatigue crack right there at that location.",WM_Su2014_23,§2.p4,https://r-h-taylor.github.io/lectures/R6eVDrxe19E.html?q=They%20had%20a%20saddle%20arrangement.%20And%20right%20there%20you%20have%20a%20ch#l3-s2-p4
,3,open_problem,fatigue,The interaction between strain localization caused by undermatching filler metal and the geometric stress concentration at the weld toe in fatigue loading needs clarification.,"If you try to undermatch this, you're localizing the strain. You actually have here a weak material and a strong material... undermatching could localize the strain in the weld metal, and you could get more plasticity, and so it probably makes things worse.",WM_Su2014_23,§5.p2,https://r-h-taylor.github.io/lectures/R6eVDrxe19E.html?q=If%20you%20try%20to%20undermatch%20this%2C%20you%27re%20localizing%20the%20strain.#l3-s5-p2
,3,open_problem,corrosion,"Sulfur inclusions in stainless steel cause both solidification cracking and pitting corrosion initiation, but the mechanism linking these two failure modes is incompletely characterized.","It wasn't hydrogen cracking; it was eventually tied to the little bit of sulfur in the steel. It would also cause pitting corrosion — you'd have a little sulfur inclusion and then you'd study where your pits are, and they're right there at the sulfur inclusion in the steel. They found that on solidification, a lot of times the steels would crack.",WM_Su2014_23,§10.p1,https://r-h-taylor.github.io/lectures/R6eVDrxe19E.html?q=It%20wasn%27t%20hydrogen%20cracking%3B%20it%20was%20eventually%20tied%20to%20the%20l#l3-s10-p1
,3,open_problem,joining,"Quantify the competing effects of zero ferrite (non-magnetic requirement) versus cracking susceptibility in super-austenitic stainless steel welds, particularly the phase transformation behavior under constraint.","The problem is, with the super-austenitics, you can have zero ferrite, because that was what the Navy wanted. They wanted super-austenitic; it had zero ferrite so it wouldn't be magnetic. I showed you what would happen with that, my little Farberware pot. It was like five or ten percent ferrite down at the bottom.",WM_Su2014_23,§10.p5,https://r-h-taylor.github.io/lectures/R6eVDrxe19E.html?q=The%20problem%20is%2C%20with%20the%20super-austenitics%2C%20you%20can%20have%20zer#l3-s10-p5
,3,open_problem,joining,"Long-term behavior and failure modes of welded martensitic stainless steel (410) threaded rods under sustained tension in high-chloride environments, including delayed cracking mechanisms.","Delayed cracking. Rings a bell, right? High-hardness martensitic stainless... They hung it in August, and the thing came down a couple of days later.",WM_Su2014_24,§1.p4,https://r-h-taylor.github.io/lectures/k1wVwANPdgQ.html?q=Delayed%20cracking.%20Rings%20a%20bell%2C%20right%3F%20High-hardness%20martens#l3-s1-p4
,3,open_problem,corrosion,Duplex stainless steel's stress corrosion cracking resistance at high tensile stress in seawater environments lacks definitive guidance.,"You might be able to use a duplex stainless, but I'd have to look it up and research it, see if it'll be good enough at these stress levels in this environment.",WM_Su2014_24,§3.p2,https://r-h-taylor.github.io/lectures/k1wVwANPdgQ.html?q=You%20might%20be%20able%20to%20use%20a%20duplex%20stainless%2C%20but%20I%27d%20have%20to#l3-s3-p2
,3,open_problem,corrosion,"The mechanism of chloride stress corrosion cracking in austenitic stainless steels remains incompletely understood—Eagar describes it as 'a chemical reaction' that is 'not necessarily hydrogen exactly, but similar,' suggesting the precise failure mode is unresolved.","If you test in boiling magnesium chloride — which is a standard ASTM test for looking at chloride cracking resistance of stainless steels — we have things that will fail within an hour. It is a chemical reaction. It's not necessarily hydrogen exactly, but it's similar — you're eating things away.",WM_Su2014_24,§7.p2,https://r-h-taylor.github.io/lectures/k1wVwANPdgQ.html?q=If%20you%20test%20in%20boiling%20magnesium%20chloride%20%E2%80%94%20which%20is%20a%20stand#l3-s7-p2
,3,open_problem,steel,Ferritics show promise for chloride resistance but are hindered by grain growth and poor impact toughness—understanding how to overcome these trade-offs would expand material options for corrosive environments.,"Or if you go to the ferritics. But the problem with ferritics and martensitics is, the martensitics will hydrogen crack, and the ferritics have grain growth and impact toughness problems.",WM_Su2014_24,§7.p3,https://r-h-taylor.github.io/lectures/k1wVwANPdgQ.html?q=Or%20if%20you%20go%20to%20the%20ferritics.%20But%20the%20problem%20with%20ferritic#l3-s7-p3
,3,open_problem,welding,"Understanding why atmospheric pressure changes alter weld pool shape and arc characteristics, as observed when PIGMA welding was developed to compensate for Denver's lower pressure.",It turns out the atmospheric pressure there is about 0.82 atmospheres. So it didn't work the same — the shape of the weld pools wasn't the same when you lost 20 percent of your pressure... the arc characteristics changed enough — pressure does affect arcs.,WM_Su2014_25,§5.p3,https://r-h-taylor.github.io/lectures/0wUIpk_5BRY.html?q=It%20turns%20out%20the%20atmospheric%20pressure%20there%20is%20about%200.82%20at#l3-s5-p3
,3,open_problem,corrosion,"Unclear why molybdenum content raises critical pitting temperature in stainless steels, and how welding segregation lowers it.","This is a function of molybdenum content... When you weld it, because of segregation in the welding zone and changes in the microstructure, you'll get pitting at a lower temperature.",WM_Su2014_25,§8.p1,https://r-h-taylor.github.io/lectures/0wUIpk_5BRY.html?q=This%20is%20a%20function%20of%20molybdenum%20content...%20When%20you%20weld%20it#l3-s8-p1
,3,open_problem,nickel,Long-term formation of brittle topologically close-packed phases in nickel superalloys remains incompletely understood as a practical failure mechanism.,"If you hold some of these alloys at temperature for a long period of time, you'll end up with that structure. This also happens in some of the stainless steels. The times we're talking about are tens of thousands of hours. Okay. That may have been one of the problems we had with my chrome-moly tube over at the Boston Navy Yard... the stainless steel probably, after ten thousand hours, formed this brittle phase, and the things would crack. So it's a general problem.",WM_Su2014_26,§2.p2–p3,https://r-h-taylor.github.io/lectures/97xAeQRs69g.html?q=If%20you%20hold%20some%20of%20these%20alloys%20at%20temperature%20for%20a%20long%20p#l3-s2-p2
,3,open_problem,titanium,The mechanisms and solutions for creep-fatigue interaction in compressed titanium submarine hulls were not well solved by Soviet designers and remain a significant engineering barrier.,"It turns out that if you compress titanium and hold it under compression, fatigue cracks grow really fast. Well, guess what a submarine hull is — it's held under compression when you're down deep... the people from NRL were asking me about, how did the Soviets solve the creep-fatigue interaction — is that they didn't. They just built the ships and then they found out about the creep-fatigue interaction.",WM_Su2014_26,§4.p2–p4,https://r-h-taylor.github.io/lectures/97xAeQRs69g.html?q=It%20turns%20out%20that%20if%20you%20compress%20titanium%20and%20hold%20it%20under#l3-s4-p2
,3,open_problem,nickel,Why some liquation cracks in nickel alloys self-heal while others remain as persistent voids is unexplained.,"They call this a self-healing crack. Well, this one might be self-healing here, but these two weren't self-healing, they're still voids. So it's not a great situation.",WM_Su2014_26,§5.p3,https://r-h-taylor.github.io/lectures/97xAeQRs69g.html?q=They%20call%20this%20a%20self-healing%20crack.%20Well%2C%20this%20one%20might%20be#l3-s5-p3
,3,open_problem,nickel,The relationship between weld profile geometry and solidification cracking susceptibility in nickel alloys lacks systematic characterization.,"So the weld profile makes a difference — not just for fatigue. This would be a good profile for fatigue; this is a worse profile for fatigue, with a higher stress concentration at that corner than this one. But this is lousy for solidification cracking.",WM_Su2014_26,§6.p2,https://r-h-taylor.github.io/lectures/97xAeQRs69g.html?q=So%20the%20weld%20profile%20makes%20a%20difference%20%E2%80%94%20not%20just%20for%20fatigu#l3-s6-p2
,3,open_problem,nickel,Understand the mechanisms of coarsening in nickel superalloy gamma-prime phases during long-term service and how heat treatment parameters influence the rate and reversibility of this degradation.,"The problem is, there's something called coarsening in metallurgy: if you have fine structures — these nice rectangular blocks because of the crystal structure — over time they will get larger... The bigger bubbles steal molecules from the smaller bubbles, and so the little bubbles pump up the big bubbles.",WM_Su2014_27,§1.p3,https://r-h-taylor.github.io/lectures/dy4fI6J1gFo.html?q=The%20problem%20is%2C%20there%27s%20something%20called%20coarsening%20in%20metal#l3-s1-p3
,3,open_problem,fracture,"Eagar observes that stop-drilling cracks works differently in sheet metal versus thick plate, and the mechanics of this difference in 3D are poorly understood.","Stop-drilling cracks. One of the problems is, if you're not careful, you think the crack goes to here and you put the hole here, but in fact the crack went deeper and you can't always see it — then you didn't do anything to stop the stress concentration. It works in sheet metal. It doesn't work so well in plate, because if you start thinking of the other dimension, how are you going to stop-drill it? The crack is not necessarily just perpendicular to the surface, okay.",WM_Su2014_27,§4.p11,https://r-h-taylor.github.io/lectures/dy4fI6J1gFo.html?q=Stop-drilling%20cracks.%20One%20of%20the%20problems%20is%2C%20if%20you%27re%20not%20#l3-s4-p11
,3,open_problem,aluminum,Why 5456 aluminum—a Navy workhorse alloy—exhibits cracking behavior that differs from other 5000-series alloys.,"[Section title references '5456 cracking' as a distinct phenomenon; Eagar notes 5456 is a Navy alloy with good weldability and joint efficiency, yet the title flags cracking as a specific issue]",WM_Su2014_27,§8.p0,https://r-h-taylor.github.io/lectures/dy4fI6J1gFo.html?q=%5BSection%20title%20references%20%275456%20cracking%27%20as%20a%20distinct%20phen#l3-s8-p0
,3,open_problem,aluminum,Understanding why scandium grain-refinement works better than titanium in aluminum alloys remains unexplained.,"We use titanium in some aluminum alloys as a grain refiner — you get titanium nitrides or titanium borides that form as low precipitants and keep the grains from getting large, so you get fine-grained aluminum. But scandium works even better.",WM_Su2014_29,§1.p1,https://r-h-taylor.github.io/lectures/d-QWemzw5KI.html?q=We%20use%20titanium%20in%20some%20aluminum%20alloys%20as%20a%20grain%20refiner%20%E2%80%94#l3-s1-p1
,3,open_problem,magnesium,Magnesium stress-corrosion cracking in welds remains unsolved and blocks automotive adoption.,"That's why I said magnesium is the metal of the future in automobiles — always has and always will be — unless someone solves the stress-corrosion cracking problem, okay.",WM_Su2014_29,§2.p7,https://r-h-taylor.github.io/lectures/d-QWemzw5KI.html?q=That%27s%20why%20I%20said%20magnesium%20is%20the%20metal%20of%20the%20future%20in%20au#l3-s2-p7
,3,open_problem,magnesium,Practical methods to eliminate cracks trailing behind the welding arc in magnesium are unknown.,If you go to the welding handbook they will tell you how to do it; they just won't tell you how to get rid of the crack that follows behind your arc.,WM_Su2014_29,§2.p8,https://r-h-taylor.github.io/lectures/d-QWemzw5KI.html?q=If%20you%20go%20to%20the%20welding%20handbook%20they%20will%20tell%20you%20how%20to%20#l3-s2-p8
,3,open_problem,aluminum,The relationship between alloy composition and peak cracking susceptibility in aluminum welds is empirically known but mechanistically unexplained.,"You find that the composition of the weld — percent of alloying element — you'll get your maximum cracking at some intermediate level. That's just this wide freezing range. Highly alloyed, no cracking. Lightly alloyed, no cracking. Wide intermediate, lots of cracking.",WM_Su2014_29,§4.p8,https://r-h-taylor.github.io/lectures/d-QWemzw5KI.html?q=You%20find%20that%20the%20composition%20of%20the%20weld%20%E2%80%94%20percent%20of%20alloy#l3-s4-p8
,3,open_problem,aluminum,"Why aluminum alloys lose toughness as strength increases, especially regarding stress-corrosion cracking and other degradation modes in high-strength variants.","Because we're usually trying to push the aluminums — just like baseball bats — to higher and higher strength, which means more and more corrosion problems, stress corrosion cracking and other things.",WM_Su2014_31,§4.p4,https://r-h-taylor.github.io/lectures/c62G8QyDL3o.html?q=Because%20we%27re%20usually%20trying%20to%20push%20the%20aluminums%20%E2%80%94%20just%20li#l3-s4-p4
,3,open_problem,aluminum,Systematic comparison of cracking behavior and filler-metal sensitivity when welding dissimilar aluminum alloys versus matching alloys.,"If you try to use some of these other welding electrodes and don't follow this table, you're going to get cracking. You're liable to not be in the range where you want to be — lightly alloyed when you mix the weld metal with the base metal, or highly alloyed. You'll be in the wide freezing range and you're going to have cracking.",WM_Su2014_31,§6.p2,https://r-h-taylor.github.io/lectures/c62G8QyDL3o.html?q=If%20you%20try%20to%20use%20some%20of%20these%20other%20welding%20electrodes%20and#l3-s6-p2
,3,open_problem,aluminum,"Quantitative design rules for stress concentration factors and joint geometry in aluminum welds, as opposed to the more forgiving rules established for steel.","If I were welding steel, this happens to be an example of welding two plates of different thickness, and they show how you would taper one down in aluminum. Because steel has more toughness, which means it can tolerate sharp corners a lot more than aluminum.",WM_Su2014_31,§7.p1,https://r-h-taylor.github.io/lectures/c62G8QyDL3o.html?q=If%20I%20were%20welding%20steel%2C%20this%20happens%20to%20be%20an%20example%20of%20we#l3-s7-p1
,3,open_problem,aluminum,"Why aluminum welds at corners are prone to cracking and fatigue failure, while steel corners tolerate welds well.",We really like to avoid welds at the corners in aluminum. Steel has lots of toughness and so we don't mind corners in steel — we put the welds in the corners and usually do pretty well. But in aluminum you don't like to put welds at corners. They will tend to crack — either crack or fatigue.,WM_Su2014_31,§9.p2,https://r-h-taylor.github.io/lectures/c62G8QyDL3o.html?q=We%20really%20like%20to%20avoid%20welds%20at%20the%20corners%20in%20aluminum.%20St#l3-s9-p2
,3,open_problem,titanium,Understand why Soviet Alfa-class submarines experienced cracking failures caused by creep-fatigue interaction in titanium hulls.,"They leapfrogged us in submarine technology for about two years, until these things started cracking due to creep-fatigue interaction.",WM_Su2014_32,§6.p1,https://r-h-taylor.github.io/lectures/TlQXnQUYwlk.html?q=They%20leapfrogged%20us%20in%20submarine%20technology%20for%20about%20two%20ye#l3-s6-p1
,3,open_problem,corrosion,Characterize and prevent under-deposit corrosion attack on titanium heat exchanger tubes in real operating conditions.,It will corrode underneath a layer of silt. You've got to keep everything clean to prevent what they call under-deposit attack.,WM_Su2014_32,§5.p5,https://r-h-taylor.github.io/lectures/TlQXnQUYwlk.html?q=It%20will%20corrode%20underneath%20a%20layer%20of%20silt.%20You%27ve%20got%20to%20ke#l3-s5-p5
,3,open_problem,joining,Deep TIG technology (high-current gas tungsten arc with fluoride flux) lacks industrial applications and understanding outside titanium.,"Titanium has a sweet spot for both electroslag and deep TIG. What David Taylor had been working on was this one. They hadn't worked on this at all, they hadn't worked on this at all.",WM_Su2014_33,§2.p4,https://r-h-taylor.github.io/lectures/nldzJUEAYsc.html?q=Titanium%20has%20a%20sweet%20spot%20for%20both%20electroslag%20and%20deep%20TIG.#l3-s2-p4
,3,open_problem,titanium,"The relationship between shielding gas moisture content and hydrogen pickup in titanium welds needs clarification—current understanding assumes oxygen/nitrogen exclusion prevents hydrogen, but the mechanism is not fully explained.","With titanium, you have to keep the oxygen and nitrogen out to begin with, and if you keep the oxygen and nitrogen out you'll usually keep the hydrogen out. Here obviously the hydrogen and oxygen are coming from the moisture, the dew point, which is the moisture in the shielding gas.",WM_Su2014_34,§2.p4,https://r-h-taylor.github.io/lectures/1s_KEnbkpmQ.html?q=With%20titanium%2C%20you%20have%20to%20keep%20the%20oxygen%20and%20nitrogen%20out%20#l3-s2-p4
,3,open_problem,joining,"Spot weld adaptive control systems fail to respond within the weld duration, making feedback-based optimization impossible.","even though this is 60-cycle current and you're supposed to control it in four cycles of current, one fifteenth of a second — the adaptive controller wasn't even kicking in until like six cycles after the weld was over.",WM_Su2014_34,§6.p3,https://r-h-taylor.github.io/lectures/1s_KEnbkpmQ.html?q=even%20though%20this%20is%2060-cycle%20current%20and%20you%27re%20supposed%20to%20#l3-s6-p3
,3,open_problem,aluminum,The mechanism by which water pooling on hot aluminum plate edges causes localized cooling and thickness variation during rolling is not characterized.,"I remembered that I would see water pooled. This variation here is only like a millimeter or two variation out of one inch, so it might be seven percent variation, which is off gauge... I said, I'll bet you there's a reason why that water's pooling.",WM_Su2014_34,§8.p3–p4,https://r-h-taylor.github.io/lectures/1s_KEnbkpmQ.html?q=I%20remembered%20that%20I%20would%20see%20water%20pooled.%20This%20variation%20h#l3-s8-p3
,3,open_problem,welding,"Seaweed submarines experienced unexpected microscopic cracking (1 mm) in high-strength weld metal that existing inspection protocols couldn't reliably detect, requiring retrofit of 18% of the hull.","The Sea Wolf submarine problem, to get back to a Navy example, is that they ended up getting too high carbon content and alloy content. The weld metal was 30 or 40% higher strength than it was intended to be, because of the chemistry, and they got a less tough steel. It formed little microscopic flaws that the original inspectors weren't looking for, something that small. It's a different type of cracking that we hadn't seen before.",WM_Su2015_01,§9.p1,https://r-h-taylor.github.io/lectures/DokriGA10Oo.html?q=The%20Sea%20Wolf%20submarine%20problem%2C%20to%20get%20back%20to%20a%20Navy%20exampl#l3-s9-p1
,3,open_problem,titanium,Creep-fatigue interaction in titanium remains unresolved and prevented the U.S. Navy from recommending titanium submarines.,"How do they solve the creep-fatigue interactions? I said, I don't know. Well, it turns out they didn't. The Naval Research Laboratory had done all kinds of studies on this. It was one of the reasons why they couldn't recommend, even if you had the money, going to build a titanium submarine.",WM_Su2015_02,§3.p6,https://r-h-taylor.github.io/lectures/9gA5RNdtLDo.html?q=How%20do%20they%20solve%20the%20creep-fatigue%20interactions%3F%20I%20said%2C%20I%20#l3-s3-p6
,3,open_problem,welding,The mechanisms by which nitrogen from bare steel wire causes weld porosity and how it gets rejected during solidification remain incompletely characterized.,"The problem with the bare steel wire is it picks up nitrogen from the air, and when it solidifies the nitrogen gets rejected, and the rejected nitrogen comes out and makes the weld porous.",WM_Su2015_03,§2.p2,https://r-h-taylor.github.io/lectures/_JAsjrPvjxs.html?q=The%20problem%20with%20the%20bare%20steel%20wire%20is%20it%20picks%20up%20nitrogen#l3-s2-p2
,3,open_problem,welding,Large-scale multi-pass welding (400+ passes in thick steel forgings) involves poorly understood interactions between successive passes that could affect structural integrity.,"This is a weld in a 17-inch-thick piece of steel. It was part of a forging press they were trying to repair in Pennsylvania some time ago. I didn't count exactly, but there'd be 400, a hundred-and-something passes in here.",WM_Su2015_03,§3.p3,https://r-h-taylor.github.io/lectures/_JAsjrPvjxs.html?q=This%20is%20a%20weld%20in%20a%2017-inch-thick%20piece%20of%20steel.%20It%20was%20par#l3-s3-p3
,3,open_problem,welding,Understand the mechanism by which residual stress from jacking pipes into alignment during initial construction causes later corrosion and failure in naval piping systems.,"Back in the shipyard, when they built the thing, they would jack a pipe — if it didn't line up, you jack it on tight and weld it. And now we go in years later, and we cut that pipe out and realize you can't just rebuild it and have your piping line up with no stress... There's a lot of resources that go onto a ship.",WM_Su2015_03,§6.p2,https://r-h-taylor.github.io/lectures/_JAsjrPvjxs.html?q=Back%20in%20the%20shipyard%2C%20when%20they%20built%20the%20thing%2C%20they%20would%20#l3-s6-p2
,3,open_problem,steel,"Understand why heat treatment (normalization) improves toughness inconsistently: some steel passes after one cycle, others after two, and some fails entirely despite multiple attempts.","After they did that, maybe two-thirds of the ones that didn't pass the last time — the 18 or 19 — would now pass at 20, 21, 22, whatever. Some that still didn't pass — the 10% — they'd put through a second renormalization, and some would pass and some wouldn't.",WM_Su2015_05,§8.p5,https://r-h-taylor.github.io/lectures/r3NzM4MlAl8.html?q=After%20they%20did%20that%2C%20maybe%20two-thirds%20of%20the%20ones%20that%20didn%27#l3-s8-p5
,3,open_problem,corrosion,Unclear why hydrogen cracking in the Bay Bridge's 46-inch corrosion-generated hydrogen case occurred within weeks when typical hydrogen diffusion takes days—a timing discrepancy worth investigating.,"The Bay Bridge in California — it's coming from corrosion. They have big 46-inch-diameter steel tie rods, and they started corroding. The corrosion process creates hydrogen that diffuses into the steel — not as much as in welding — and they said, oh, they cracked within a couple of weeks. Well, that's hydrogen.",WM_Su2015_06,§6.p1,https://r-h-taylor.github.io/lectures/w1moz79p9kQ.html?q=The%20Bay%20Bridge%20in%20California%20%E2%80%94%20it%27s%20coming%20from%20corrosion.%20T#l3-s6-p1
,3,open_problem,fracture,Hydrogen diffusion and crack initiation at microscopic inclusions and notches is observable but the precise mechanism controlling crack growth rate remains unclear.,"as it concentrates at the crack tip, it allows the crack to progress. You can see in the microscope the crack growing, and you can see the bubbles coming up right ahead of it, because the hydrogen wants to diffuse to that crack tip — unless you can diffuse it out to the air faster.",WM_Su2015_06,§8.p2,https://r-h-taylor.github.io/lectures/w1moz79p9kQ.html?q=as%20it%20concentrates%20at%20the%20crack%20tip%2C%20it%20allows%20the%20crack%20to%20#l3-s8-p2
,3,open_problem,steel,"Eagar notes that fine grain size is universally beneficial for strength and toughness in steel, but suggests the mechanism by which alloying elements harm toughness despite improving hardenability remains incompletely understood.","The only thing you can do to steel or any metal to get both strength and toughness, which is what we want, is fine grain size. You add alloying elements, you're hurting your toughness, but you're getting greater hardenability.",WM_Su2015_07,§5.p2,https://r-h-taylor.github.io/lectures/GYtCQg57RNU.html?q=The%20only%20thing%20you%20can%20do%20to%20steel%20or%20any%20metal%20to%20get%20both%20#l3-s5-p2
,3,open_problem,other,"Eagar identifies a gap in understanding why grain boundaries in silicon solar cells cause electron loss and efficiency penalties, presenting an opportunity to model or measure electron transport at grain boundaries quantitatively.","Wherever you have a grain boundary, you're losing electrons, and you're not getting the solar efficiency... you'd love single-crystal silicon for solar cells, but that's too expensive in general.",WM_Su2015_07,§5.p3,https://r-h-taylor.github.io/lectures/GYtCQg57RNU.html?q=Wherever%20you%20have%20a%20grain%20boundary%2C%20you%27re%20losing%20electrons%2C#l3-s5-p3
,3,open_problem,corrosion,Establish predictive models or field data for stress-corrosion-cracking failure rates in stainless steel seawater piping to extend Navy ship service life beyond 50 years.,"When you talk about the in-ring designs of stainless steel, stress corrosion cracking is a serious problem... they're going for 50 years on a ship.",WM_Su2015_08,,
,3,open_problem,joining,The mechanism by which carbon diffuses and forms carbides in stainless-to-chrome-moly transition joints at service temperature remains incompletely understood.,"the carbon will diffuse and form carbides with some of the things in the stainless steel. It's a long-term problem — at temperature, over time the carbon diffuses and you'll get cracking.",WM_Su2015_08,§8.p4,https://r-h-taylor.github.io/lectures/NLgwLkKhVoU.html?q=the%20carbon%20will%20diffuse%20and%20form%20carbides%20with%20some%20of%20the%20t#l3-s8-p4
,3,open_problem,welding,Why do some dissimilar-metal welds with austenitic stainless steel filler crack despite hydrogen resistance when dilution ratios are off?,"Depending on the weld metal they were using, they were getting cracking... if you're welding dissimilar metals like armor steel with a stainless steel, and you don't have the right ratio of base metal melted to weld metal melted, you'll end up with martensite streaming. Martensite is very susceptible — essentially impossible not to get hydrogen cracking, even with just the residual hydrogen that's in here.",WM_Su2015_10,§3.p1–p2,https://r-h-taylor.github.io/lectures/OszzaQpMV50.html?q=Depending%20on%20the%20weld%20metal%20they%20were%20using%2C%20they%20were%20getti#l3-s3-p1
,3,open_problem,corrosion,What mechanism causes 304 stainless steel pots to develop cracks during ocean transit that weren't present at shipment?,"We ship them, some of them to Japan, and when they show up in Japan they've got cracks. They didn't have cracks when they left.",WM_Su2015_10,§4.p2,https://r-h-taylor.github.io/lectures/OszzaQpMV50.html?q=We%20ship%20them%2C%20some%20of%20them%20to%20Japan%2C%20and%20when%20they%20show%20up%20i#l3-s4-p2
,3,open_problem,welding,Understanding why cardiac guide wire welds in austenitic stainless steel fail under minimal load despite the material's expected strength.,"They were having problems with the weld breaking. It only had to lift about two and a half pounds, and it wouldn't even do that. This is nominally austenitic stainless steel 304, which we all think of as fairly non-magnetic.",WM_Su2015_11,§1.p2,https://r-h-taylor.github.io/lectures/gVeVr4WnhTE.html?q=They%20were%20having%20problems%20with%20the%20weld%20breaking.%20It%20only%20ha#l3-s1-p2
,3,open_problem,titanium,"Peening parameters for titanium weld reinforcement are highly inconsistent and poorly understood, especially on uneven surfaces with weld bead geometry.","The data was all over the map. Press soft, press hard, do it for fifteen seconds, do it for thirty seconds — the heights were all over the map... he has to peen an uneven surface. That's going to make it more inconsistent.",WM_Su2015_11,§4.p3–p4,https://r-h-taylor.github.io/lectures/gVeVr4WnhTE.html?q=The%20data%20was%20all%20over%20the%20map.%20Press%20soft%2C%20press%20hard%2C%20do%20it#l3-s4-p3
,3,open_problem,fatigue,"Fatigue design rules for pressure vessels carrying water (excluded from ASME code) lack engineering standards, creating a regulatory blind spot with potential safety consequences.","ASME code excludes water tanks. The company out in Iowa making these was sort of a mom-and-pop shop. They asked the Department of Transportation, which regulates trucks on the highway, what design rules they had to follow. DOT said, that's just an appendage... Then they called Pennsylvania, said we've got this vessel carrying water. Pennsylvania said water vessels are excluded from the boiler and pressure vessel code. So no doubler plates.",WM_Su2015_11,§7.p6–§7.p7,https://r-h-taylor.github.io/lectures/gVeVr4WnhTE.html?q=ASME%20code%20excludes%20water%20tanks.%20The%20company%20out%20in%20Iowa%20maki#l3-s7-p6
,3,open_problem,fatigue,Understand why hydrogen cracks preferentially initiate at weld corners in fatigue-critical details.,"Since then you're not allowed to put the weld going across that direction — you weld in this direction and this direction, because the corners are tremendous sources of hydrogen cracks and fatigue.",WM_Su2015_11,§8.p3,https://r-h-taylor.github.io/lectures/gVeVr4WnhTE.html?q=Since%20then%20you%27re%20not%20allowed%20to%20put%20the%20weld%20going%20across%20t#l3-s8-p3
,3,open_problem,measurement,Ultrasonic inspection cannot reliably detect cracks in coarse-grained weld metal due to high noise from grain structure scattering.,"The ultrasonics couldn't pick up the cracks because the weld metal has these big coarse grains and the ultrasonics is too noisy to look at. The base material has a better signal-to-noise ratio than the weld metal. It's not just that it's reflecting off the crack — the sound is also reflecting off lots of other things adjacent to it, like the grain structure.",WM_Su2015_12,§1.p1,https://r-h-taylor.github.io/lectures/HoUo7Qj4LHg.html?q=The%20ultrasonics%20couldn%27t%20pick%20up%20the%20cracks%20because%20the%20weld#l3-s1-p1
,3,open_problem,nickel,Precipitation-strengthened nickel alloys present a major weldability challenge due to intermetallic phases; Oak Ridge has a long-standing research effort to develop cracking-resistant variants.,"Lots of sophisticated precipitation-strengthened alloys — not very weldable, but in general we don't weld them in place. We can weld them, but there's not very much you can do. Some repairs, yes. There are some special ones where you don't have to worry about intermetallics — that's sort of a research project over at Oak Ridge National Lab.",WM_Su2015_12,§3.p1,https://r-h-taylor.github.io/lectures/HoUo7Qj4LHg.html?q=Lots%20of%20sophisticated%20precipitation-strengthened%20alloys%20%E2%80%94%20no#l3-s3-p1
,3,open_problem,nickel,Solidification cracking in nickel-copper alloys remains poorly understood despite being a model laboratory system for studying the phenomenon.,"One of the problems with these alloys — like the Monels the Navy uses — is they are the model system in the laboratory for developing solidification cracking. If you want to study solidification cracking, you won't find a better system than nickel-copper alloys.",WM_Su2015_12,§4.p1,https://r-h-taylor.github.io/lectures/HoUo7Qj4LHg.html?q=One%20of%20the%20problems%20with%20these%20alloys%20%E2%80%94%20like%20the%20Monels%20the%20#l3-s4-p1
,3,open_problem,joining,The mechanism of self-healing in solidification cracks—where liquid is squeezed into cracks during shrinkage—needs investigation to understand whether it truly restores strength or leaves a permanent weakness.,"Sometimes you can actually squeeze some of that liquid into the cracks, and they call this self-healing. But it's still a weak spot in the material. Maybe it's not a real crack, but it's still a weakness.",WM_Su2015_12,§4.p2,https://r-h-taylor.github.io/lectures/HoUo7Qj4LHg.html?q=Sometimes%20you%20can%20actually%20squeeze%20some%20of%20that%20liquid%20into%20#l3-s4-p2
,3,open_problem,processing,"Whether transient thermal stress analysis during startup should be a standard design requirement for high-pressure vessels, given the Grafton failure.","They didn't go to a three-dimensional program, and they certainly didn't do transient startups — just like they didn't get the recuperator transient startup heating correct... They had never analyzed the transient condition. They had analyzed the inside surface for tensile stresses in steady-state operation, but they never analyzed the outside surface where you can get tensile stresses on startup.",WM_Su2015_13,"§5.p1, §5.p4",https://r-h-taylor.github.io/lectures/Lfnk639q2PI.html?q=They%20didn%27t%20go%20to%20a%20three-dimensional%20program%2C%20and%20they%20cert#l3-s5-p1
,3,open_problem,aluminum,The mechanisms causing cracking in gas tungsten arc welding of high-copper aluminum alloys (like 2014) remain unclear despite practical problems.,"If you tried to weld the Wright brothers' crankcase or the cylinder housing for their engine with gas tungsten arc, you'd crack it. You'd melt it and you'd have nice cracks — pull that rope, melted metal right out. Same type of problem as you have on Monel — you get cracking, equation melting in the heat-affected zone in the copper interiors.",WM_Su2015_14,§5.p2,https://r-h-taylor.github.io/lectures/LLiigEgH8Eo.html?q=If%20you%20tried%20to%20weld%20the%20Wright%20brothers%27%20crankcase%20or%20the%20c#l3-s5-p2
,3,open_problem,aluminum,The mechanism by which lithium additions simultaneously improve stiffness but worsen corrosion resistance in aluminum alloys remains poorly understood after 30+ years of development.,"the lithium actually makes the corrosion worse. But when you're maintaining an aircraft worth $200 million... that's per person, out of play.",WM_Su2015_15,§2.p4,https://r-h-taylor.github.io/lectures/lOpCROJ1OA4.html?q=the%20lithium%20actually%20makes%20the%20corrosion%20worse.%20But%20when%20you#l3-s2-p4
,3,open_problem,corrosion,Stress-corrosion cracking susceptibility of 7075-T6 in saltwater is well-known but the mechanism of why T6 is particularly vulnerable remains poorly characterized.,"The problem was stress corrosion cracking, which I always tend to find in saltwater environments... T6 treatment, and T6 is well known to be very susceptible to stress corrosion cracking.",WM_Su2015_15,"§4.p1, §4.p4",https://r-h-taylor.github.io/lectures/lOpCROJ1OA4.html?q=The%20problem%20was%20stress%20corrosion%20cracking%2C%20which%20I%20always%20te#l3-s4-p1
,3,open_problem,aluminum,Quantify the stress corrosion cracking susceptibility threshold for 7075-T6 aluminum under saltwater exposure as a function of residual stress and time-to-failure.,"The stress corrosion cracking susceptibility threshold was 7 ksi, and we had 10 ksi. That's why it's cracking on the shelf. You guys are out in a humid, moist, salt-laden atmosphere, and even though the washer's in a bag, a little moisture humidity gets inside that bag and a crack grows.",WM_Su2015_16,§2.p3,https://r-h-taylor.github.io/lectures/EMfCc1mG6M4.html?q=The%20stress%20corrosion%20cracking%20susceptibility%20threshold%20was%207#l3-s2-p3
,3,open_problem,corrosion,Understand why nickel impurities in magnesium sacrificial anodes cause catastrophic self-corrosion rather than cathodic protection.,"Nickel and magnesium do not mix in equilibrium proportions. The solubility of nickel in magnesium is only about seven parts per million. If you have more nickel than that, you'll get little nearly-pure nickel precipitates, and your magnesium anode will consume itself by galvanic action.",WM_Su2015_16,§6.p2,https://r-h-taylor.github.io/lectures/EMfCc1mG6M4.html?q=Nickel%20and%20magnesium%20do%20not%20mix%20in%20equilibrium%20proportions.%20#l3-s6-p2
,3,open_problem,aluminum,"Why aluminum weld metal cannot match base metal strength the way steel can, despite achieving similar yield strengths in steel welds up to several hundred ksi.","Just like with high-strength steels, you can't match the strength in the weld metal with aluminum alloys. You can with steels — we can weld HY80 or HY100 which has been heat-treated, and we actually have weld metals that can match the strength even though they have a cast structure. I don't want to get into all the metallurgy of why, but we can match the strength in steel weld metal all the way up to a couple hundred ksi yield. In aluminum we can't do that. It doesn't have the same transforming crystal structure from FCC to BCC. Aluminum only has one crystal structure, FCC, through all the temperature range.",WM_Su2015_16,§8.p1,https://r-h-taylor.github.io/lectures/EMfCc1mG6M4.html?q=Just%20like%20with%20high-strength%20steels%2C%20you%20can%27t%20match%20the%20str#l3-s8-p1
,3,open_problem,aluminum,"How to predict or prevent fatigue cracking at weld corners in aluminum structures, since aluminum requires corner-avoidance strategies that steel does not.","In aluminum you do all kinds of things you don't need to do in steel. You bend the leg a little, because it's both of these two then, and you put your welds at other locations. There's a quick little weld in these corners here, doing twice as much welding, but you don't run into fatigue problems.",WM_Su2015_16,§8.p5,https://r-h-taylor.github.io/lectures/EMfCc1mG6M4.html?q=In%20aluminum%20you%20do%20all%20kinds%20of%20things%20you%20don%27t%20need%20to%20do%20#l3-s8-p5
,3,open_problem,titanium,The mechanism by which small amounts of palladium improve titanium corrosion resistance in acids remains unexplained.,"Some of the grades have a little bit of palladium in them — a precious metal at gold prices, but only a quarter percent max — and these have excellent corrosion resistance in certain types of acids in chemical plants. Just a little bit of palladium significantly improves things.",WM_Su2015_17,§3.p4,https://r-h-taylor.github.io/lectures/0II4lgNStTY.html?q=Some%20of%20the%20grades%20have%20a%20little%20bit%20of%20palladium%20in%20them%20%E2%80%94%20#l3-s3-p4
,3,open_problem,titanium,Understand why gas metal arc welding failed for heavy-section titanium submarine construction when it succeeded for steel.,"They were trying to use gas metal arc welding, which is what David Taylor in Annapolis had been working on for years — gas metal arc with a wire feed. They couldn't do it, and they finally gave up and went back to what we call hot wire TIG.",WM_Su2015_17,§4.p6,https://r-h-taylor.github.io/lectures/0II4lgNStTY.html?q=They%20were%20trying%20to%20use%20gas%20metal%20arc%20welding%2C%20which%20is%20what#l3-s4-p6
,3,open_problem,titanium,Develop affordable flux compositions for submerged arc welding of titanium that match the metallurgical benefits of optical-grade calcium chloride without the prohibitive cost.,"We very quickly learned that you couldn't afford it. It was going to cost about $300 a foot of weld, just for the flux. That didn't sound very good.",WM_Su2015_17,§6.p3,https://r-h-taylor.github.io/lectures/0II4lgNStTY.html?q=We%20very%20quickly%20learned%20that%20you%20couldn%27t%20afford%20it.%20It%20was%20#l3-s6-p3
,3,open_problem,welding,Why electroslag welds on steel fail while the same process works excellently for titanium remains unexplained.,electroslag on steel sort of has a problem. Turns out it's a great process for titanium.,WM_Su2015_17,§6.p7,https://r-h-taylor.github.io/lectures/0II4lgNStTY.html?q=electroslag%20on%20steel%20sort%20of%20has%20a%20problem.%20Turns%20out%20it%27s%20a#l3-s6-p7
,3,open_problem,fatigue,The mechanisms of creep-fatigue interaction cracking in welds remain poorly understood despite decades of naval research.,"Hydrogen cracking, due to creep-fatigue interaction cracking — not hydrogen cracking, but the fact that the metal, if you put it under a constant compressive stress and then cycle it, you build broad cracks in the middle. The Naval Research Laboratory had been working for years... they were going to talk about how they solved the fatigue interaction. They didn't know.",WM_Su2015_17,§7.p6–p7,https://r-h-taylor.github.io/lectures/0II4lgNStTY.html?q=Hydrogen%20cracking%2C%20due%20to%20creep-fatigue%20interaction%20cracking#l3-s7-p6
,3,open_problem,corrosion,We cannot predict corrosion kinetics from thermodynamic diagrams; the rate at which metals corrode remains poorly understood despite having complete thermodynamic atlases.,"So by 1950, we knew the thermodynamics of corrosion. What we don't know, and we can't predict with any regularity, is the kinetics — how fast something corrodes.",WM_Su2015_18,§2.p1,https://r-h-taylor.github.io/lectures/lWfHtQqXYJk.html?q=So%20by%201950%2C%20we%20knew%20the%20thermodynamics%20of%20corrosion.%20What%20we#l3-s2-p1
,3,open_problem,corrosion,Why zinc corrodes at one-fifth to one-tenth the rate of iron despite thermodynamic predictions suggesting similar behavior is not explained.,"Zinc actually forms a protective layer. Why does galvanized steel last so much longer than regular steel? The zinc corrodes kinetically at about one-fifth to one-tenth the rate of straight iron. But these diagrams and the thermodynamics, they're not kinetics.",WM_Su2015_18,§2.p1,https://r-h-taylor.github.io/lectures/lWfHtQqXYJk.html?q=Zinc%20actually%20forms%20a%20protective%20layer.%20Why%20does%20galvanized%20#l3-s2-p1
,3,open_problem,corrosion,"Why chlorides specifically break down the protective oxide on stainless steels in seawater, when the same steels resist general corrosion.","Chlorides will break down the surface oxide, among other things. Stainless steels pit in seawater terribly, but they don't rust generally in seawater.",WM_Su2015_18,§3.p2,https://r-h-taylor.github.io/lectures/lWfHtQqXYJk.html?q=Chlorides%20will%20break%20down%20the%20surface%20oxide%2C%20among%20other%20thi#l3-s3-p2
,3,open_problem,aluminum,"The mechanism of exfoliation corrosion in aluminum alloys under high-velocity seawater flow, exemplified by the Maine fishing boat hull failure.","He had enough velocity coming through that water — it's seawater — that he ended up with exfoliation. The hull came apart within six months. So changing velocities and things like that, you can set up different potentials, and exfoliation can occur.",WM_Su2015_18,§3.p6,https://r-h-taylor.github.io/lectures/lWfHtQqXYJk.html?q=He%20had%20enough%20velocity%20coming%20through%20that%20water%20%E2%80%94%20it%27s%20seaw#l3-s3-p6
,3,proposed_study,processing,Casting's actual atom deposition rate at surfaces may impose a fundamental speed limit that has not been rigorously validated.,"Through the kinetic theory of gases, how fast can atoms hit the surface — it's got to be half a millimeter. You know how fast you can fill a mold and build up something? I was trying to demonstrate this in the casting lecture, and I calculated, I had it somewhere between a hundred thousand and a million fold speed advantage.",AM_F2019_03,§10.p3,https://r-h-taylor.github.io/lectures/zoBMgVdELNc.html?q=Through%20the%20kinetic%20theory%20of%20gases%2C%20how%20fast%20can%20atoms%20hit%20#l3-s10-p3
,3,proposed_study,processing,Quantify the specific cost and performance trade-offs that determine when additive manufacturing becomes viable versus conventional subtractive manufacturing for different material classes and part applications.,"If I can put certain cooling passages or fuel passages in a nozzle that goes into a jet engine, and can save millions of dollars worth of fuel costs, I can probably afford to make something with additive manufacturing. If that was General Motors and it's going to go in a car, no way, because the value of a pound saved in a car is two dollars over the life of the vehicle.",AM_F2019_04,§7.p5,https://r-h-taylor.github.io/lectures/34yHQb_oLxk.html?q=If%20I%20can%20put%20certain%20cooling%20passages%20or%20fuel%20passages%20in%20a%20#l3-s7-p5
,3,proposed_study,processing,Quantifying the performance and cost trade-offs of conformally cooled tooling across different injection molding and die-casting scenarios.,"Conformally cooled tooling — quick show of hands, does that term mean anything to anyone? A few of you. In a lot of tooling processes — injection molding, die casting — the rate-limiting step is how fast you can cool and solidify the material in a mold... 3D printing has been proven quite a few times now where you can put cooling channels into a part that conform to the surface of the tool.",AM_F2019_07,§3.p3,https://r-h-taylor.github.io/lectures/3OKF32hmiMs.html?q=Conformally%20cooled%20tooling%20%E2%80%94%20quick%20show%20of%20hands%2C%20does%20that%20#l3-s3-p3
,3,proposed_study,joining,Develop predictive model for how variations in bolt and plate spring constants couple to produce disproportionate stress variations in parallel-spring bolted joint systems.,"A 10% variation in stress on the bolt could be a 50% variation on the plate, or vice versa, depending on the variations in the spring constant. You have to worry about both displacement and force in parallel springs.",CAS_Su2011_02,§4.p10,https://r-h-taylor.github.io/lectures/TRSZrx4_vPQ.html?q=A%2010%25%20variation%20in%20stress%20on%20the%20bolt%20could%20be%20a%2050%25%20variati#l3-s4-p10
,3,proposed_study,processing,Investigate the economic limits of labor-cost competition in mini-mill steel production and verify the threshold at which shipping costs neutralize wage advantages for foreign producers.,"If we can keep our labor cost below $30 a ton, we don't care if the Koreans pay their employees nothing, we can compete in the American market. Because it cost the Koreans $30 to ship their steel over here, and their only competitive advantage was labor cost.",CAS_Su2011_03,§12.p3,https://r-h-taylor.github.io/lectures/WhWf_cgsv0I.html?q=If%20we%20can%20keep%20our%20labor%20cost%20below%20%2430%20a%20ton%2C%20we%20don%27t%20care#l3-s12-p3
,3,proposed_study,processing,"Quantify the relationship between heating time, ingot diameter, and oxide layer thickness during large-scale forge reheating to optimize surface quality.","In order to heat this up, it may take a week in the furnace. Remember, X squared is proportional to the time... When you're trying to heat it back up and you've got something that's fifty inches in diameter, it takes a week to get the heat in to get it up to temperature and uniform. During that time, you may form one-inch-thick oxide on the surface.",CAS_Su2011_04,§17.p3,https://r-h-taylor.github.io/lectures/pq7RLDw6ijk.html?q=In%20order%20to%20heat%20this%20up%2C%20it%20may%20take%20a%20week%20in%20the%20furnace.#l3-s17-p3
,3,proposed_study,steel,Optimal multi-stage furnace heating protocols for large ingots with stress concentrations should be empirically validated to prevent clink formation during industrial scale-up.,"What they do to avoid clinking is, when you first put it in a furnace, you put it in a first furnace that may be at 1,000° F. You put it in that furnace for two or three days until the inside starts to warm up above the ductile-brittle transition temperature.",CAS_Su2011_04,§19.p6,https://r-h-taylor.github.io/lectures/pq7RLDw6ijk.html?q=What%20they%20do%20to%20avoid%20clinking%20is%2C%20when%20you%20first%20put%20it%20in%20#l3-s19-p6
,3,proposed_study,processing,"Semisolid processing (rheocast, thixocast) shows promise for reducing cycle time in die casting, but systematic optimization of process parameters and material systems remains underdeveloped.","They thought this would be great for die casting, where you inject metal into a solid mold under pressure. The problem in die casting is cycle time — you've got to hold the pressure until the thing solidifies. If you've already gotten half the heat of fusion out, you can cut your cycle time in half.",CAS_Su2011_05,§2.p6,https://r-h-taylor.github.io/lectures/QPArN_Q34s8.html?q=They%20thought%20this%20would%20be%20great%20for%20die%20casting%2C%20where%20you%20#l3-s2-p6
,3,proposed_study,casting,Quantify how chill block placement and hot-top design parameters affect riser height and shrinkage distribution in complex casting geometries.,By putting chill blocks into the sand mold you can change the amount of rising in the casting... With chill blocks you don't have to have anywhere near as tall a riser. With a hot top you can have a very small riser; with a radiation shield you can get things very flat. You can change the cooling on these complex shapes by playing all kinds of games.,CAS_Su2011_05,§3.p3,https://r-h-taylor.github.io/lectures/QPArN_Q34s8.html?q=By%20putting%20chill%20blocks%20into%20the%20sand%20mold%20you%20can%20change%20th#l3-s3-p3
,3,proposed_study,processing,Quantify the minimum area reduction (currently estimated at ~75%) needed to homogenize macrosegregation in large forged ingots.,You'd love 90%.,CAS_Su2011_05,§8.p19,https://r-h-taylor.github.io/lectures/QPArN_Q34s8.html?q=You%27d%20love%2090%25.#l3-s8-p19
,3,proposed_study,processing,The cooling-rate requirements for achieving bulk amorphous structure in metallic glass alloys vary by composition and deserve systematic characterization.,"Still today nothing has worked, except Bill Johnson has gotten some alloys where, if you cool them at 100° centigrade per second, you can actually make them bulk — so you can get bigger things if you cast them the right way.",CAS_Su2011_06,§10.p1,https://r-h-taylor.github.io/lectures/TOum2TQZu_M.html?q=Still%20today%20nothing%20has%20worked%2C%20except%20Bill%20Johnson%20has%20gott#l3-s10-p1
,3,proposed_study,processing,Whether a third vacuum arc remelting cycle offers practical inclusion reduction benefits beyond two cycles warrants systematic study before it becomes standard practice.,"I've heard of people trying a third time, but you get to the law of diminishing returns.",CAS_Su2011_06,§26.p1,https://r-h-taylor.github.io/lectures/TOum2TQZu_M.html?q=I%27ve%20heard%20of%20people%20trying%20a%20third%20time%2C%20but%20you%20get%20to%20the#l3-s26-p1
,3,proposed_study,processing,Quantify how lubricant thickness and reapplication schedules affect strain homogeneity and fracture initiation in multi-stage forming operations.,"If you have a thick layer of peanut butter in there, your lubricant takes you further and lasts longer. They don't relubricate between each one of those, but they have enough that when they put it in a new die, they get it relubricated properly.",CAS_Su2011_07,§7.p11,https://r-h-taylor.github.io/lectures/Ie6u7DMawBo.html?q=If%20you%20have%20a%20thick%20layer%20of%20peanut%20butter%20in%20there%2C%20your%20lu#l3-s7-p11
,3,proposed_study,measurement,The bearing wear pattern diagnostic method (ellipse vs. hourglass) could be systematized and validated across different conformity types and operating conditions.,"From the shape of that ellipse we probably could have calculated exactly what the conformity was... If it's an open conformity, you get an ellipse. If it's a closed conformity, you get an hourglass, because it's contacting at the edges.",CS_F2012_03,§9.p9–p10,https://r-h-taylor.github.io/lectures/2-PLy8soKXo.html?q=From%20the%20shape%20of%20that%20ellipse%20we%20probably%20could%20have%20calcul#l3-s9-p9
,3,proposed_study,joining,Investigate failure mechanisms and design principles for two-stage bolts used in jet engine removal systems to prevent over-torquing and cracking.,"So you have to worry about the load path. If the load path was only from here to here and there's no stress on this when you're doing the torque of the large-diameter, what's the problem? However, if your load path ignores this little shoulder and you don't grab it and keep it restrained, now your load path goes all the way through to the other nut, and all of a sudden you over-torque this thing.",CS_F2012_11,§4.p3,https://r-h-taylor.github.io/lectures/kF4wXqPHw-o.html?q=So%20you%20have%20to%20worry%20about%20the%20load%20path.%20If%20the%20load%20path%20w#l3-s4-p3
,3,proposed_study,steel,Development of low-temperature steel suitable for LNG tanker skirts at −60°F fracture toughness is incomplete; available steels at that time were inadequate.,"There wasn't a really good steel available, so I was working on developing a new steel for that skirt.",CS_F2012_13,§3.p1,https://r-h-taylor.github.io/lectures/7-ceZkCjx5w.html?q=There%20wasn%27t%20a%20really%20good%20steel%20available%2C%20so%20I%20was%20working#l3-s3-p1
,3,proposed_study,welding,The welding of ultra-precision stainless steel vacuum vessels requires special techniques to prevent hydrogen outgassing that would compromise interferometer performance.,"I got involved in this about 15 years ago when they were designing it, because they wanted to know how to weld the stainless steel because of the precision they were looking for.",CS_Su2012_01,§6.p4,https://r-h-taylor.github.io/lectures/8b4n8diQ_6U.html?q=I%20got%20involved%20in%20this%20about%2015%20years%20ago%20when%20they%20were%20des#l3-s6-p4
,3,proposed_study,measurement,"Develop or restore practical field methods for positive materials identification that don't require expensive instruments, given that spark tests and chemical spot tests are being abandoned.","I said, how would he know when he was grinding it? Now, if he was working in a steel mill or in a shipyard in the 1930s or '40s or even '50s and '60s, he might have known... Because there's something we used to use for PMI in a steel yard fifty, sixty, seventy years ago, called a spark test.",CS_Su2012_01,§9.p4,https://r-h-taylor.github.io/lectures/8b4n8diQ_6U.html?q=I%20said%2C%20how%20would%20he%20know%20when%20he%20was%20grinding%20it%3F%20Now%2C%20if%20h#l3-s9-p4
,3,proposed_study,processing,Investigate whether milling machine tool wear (potato-chipping) caused the swash plate dimensional errors that led to bearing failures.,"If we'd gotten that milling machine and found that the bed was potato-chipped, that's how you machine a potato-chip housing. But they scrapped a three-year-old machine.",CS_Su2012_02,§7.p8,https://r-h-taylor.github.io/lectures/cys2q7xFrbQ.html?q=If%20we%27d%20gotten%20that%20milling%20machine%20and%20found%20that%20the%20bed%20w#l3-s7-p8
,3,proposed_study,fracture,Quantify how inclusion density affects total elongation in tensile specimens across different material purity levels.,"Backofen has this drawing: if I had something with no inclusions, very clean material, and I pulled on it, it might neck down like this — I get tremendous elongation. As a thought experiment, the inclusions basically break the material up into a bunch of fibers, smaller tensile specimens, and when they neck down it's like necking down a bunch of fibers. The total elongation with inclusions is a lot less than the elongation if the material was very pure.",DP_S2012_04,§2.p3,https://r-h-taylor.github.io/lectures/YErlfj2xGQo.html?q=Backofen%20has%20this%20drawing%3A%20if%20I%20had%20something%20with%20no%20inclus#l3-s2-p3
,3,proposed_study,processing,Quantify the competing effects of friction and deformation ratio (Delta) on metal flow homogeneity during forging.,"There's a trade-off between friction and Delta — the height-working ratio. If you end up with low friction and low Delta, it's going to be more homogeneous, no question. But I can't just say it in general, because the two are competing.",DP_S2012_05,§10.p2,https://r-h-taylor.github.io/lectures/2-eiyScKx6A.html?q=There%27s%20a%20trade-off%20between%20friction%20and%20Delta%20%E2%80%94%20the%20height-#l3-s10-p2
,3,proposed_study,steel,A systematic study measuring R-values and texture in fractured pressure vessel specimens could reveal whether deformation texture (indicated by elliptical rather than circular cup-cone fractures) correlates with failure mode and brittleness in steels.,"There was texture in this piece of steel. How do I know? Because it has an R value — it's not one. ε₃ and ε₂ are different. There's a much bigger ε₃ value than ε₂, or vice versa. From the shape of that ellipse I could get the R value pulling on it.",DP_S2012_08,§6.p4,https://r-h-taylor.github.io/lectures/Xp4riNsidS8.html?q=There%20was%20texture%20in%20this%20piece%20of%20steel.%20How%20do%20I%20know%3F%20Bec#l3-s6-p4
,3,proposed_study,processing,The practical barrier to cycling steels through phase transformations for grain refinement is the thermal diffusion time required; finding a faster method or alternative approach would overcome Backofen's original constraint.,"Depending on whether you do 2, 4, 6, or 8 cycles, you'd have to cycle between temperatures within a second or two. That's not practical when you've got a great big thing that takes tens of seconds or minutes for the heat to penetrate.",DP_S2012_11,§8.p3,https://r-h-taylor.github.io/lectures/7ghihjZEZvk.html?q=Depending%20on%20whether%20you%20do%202%2C%204%2C%206%2C%20or%208%20cycles%2C%20you%27d%20have#l3-s8-p3
,3,proposed_study,welding,The precise relationship between heat intensity and interaction time in controlling weld pool and heat-affected zone geometry deserves systematic quantification.,"The heat affected zone is controlled by the heat flux — it's just a question of when, heating or cooling. This plot is heat intensity versus interaction time in seconds. Travel speed is one over the interaction time.",FW_Su2013_01,§6.p5,https://r-h-taylor.github.io/lectures/v7P1NjmHnYQ.html?q=The%20heat%20affected%20zone%20is%20controlled%20by%20the%20heat%20flux%20%E2%80%94%20it%27s#l3-s6-p5
,3,proposed_study,welding,Need systematic study of how ground position and symmetric grounding configurations affect arc stability to improve welder control.,"You can change the ground position. You can have symmetric grounds — have another ground over here. Sometimes that will solve the welder's problem, just changing the ground location or adding another ground.",FW_Su2013_04,§7.p14,https://r-h-taylor.github.io/lectures/Aq3Q1CyX8uU.html?q=You%20can%20change%20the%20ground%20position.%20You%20can%20have%20symmetric%20g#l3-s7-p14
,3,proposed_study,welding,Validate Rosenthal and Christensen's analytical heat-flow predictions against actual measured temperature profiles during welding at varying travel speeds.,"But we'd really like to know, as this point heat source travels along the plate, what does the heat look like? That's where Daniel Rosenthal came along.",FW_Su2013_04,§8.p7,https://r-h-taylor.github.io/lectures/Aq3Q1CyX8uU.html?q=But%20we%27d%20really%20like%20to%20know%2C%20as%20this%20point%20heat%20source%20trav#l3-s8-p7
,3,proposed_study,processing,Reproducible and rapid aluminum-water reaction for hydrogen generation is a known phenomenon but lacks systematic characterization and scaling.,"Johnny found a way to take treated little aluminum spheres and drop them in water. You treat them with tin and gallium — people have been doing this for years, but Johnny found a way to do it reproducibly and quickly.",MSE_F2016_03,§3.p6,https://r-h-taylor.github.io/lectures/fje2ixY8cT0.html?q=Johnny%20found%20a%20way%20to%20take%20treated%20little%20aluminum%20spheres%20a#l3-s3-p6
,3,proposed_study,joining,"Developing practical field repair procedures for sandwich foam structures used in naval vessels, which currently rely on cumbersome dip-brazing and lack maintainability.","if the U.S. military had an issue where they had to maintain this, how are you going to repair these things in the field? These are great novel, boutique-type materials, but you have to think about maintenance, repair, replacement.",MSE_F2016_07,§9.p3,https://r-h-taylor.github.io/lectures/jkM0ewcY5SY.html?q=if%20the%20U.S.%20military%20had%20an%20issue%20where%20they%20had%20to%20maintain#l3-s9-p3
,3,proposed_study,processing,"Investigate why splitting rebar strands at half speed doubled productivity and eliminated end instabilities, compared to running faster with single strands.","They started running at half the speed with four times as many strands, and guess what — they doubled their productivity at half the speed and they didn't run into the end instabilities.",MSE_F2016_11,§4.p2,https://r-h-taylor.github.io/lectures/kaKkRC6Yu_c.html?q=They%20started%20running%20at%20half%20the%20speed%20with%20four%20times%20as%20ma#l3-s4-p2
,3,proposed_study,joining,Characterize the trade-off between tensile strength and toughness in copper alloys for trolley wire applications where both electrical and structural performance are critical.,"You need the copper for wear resistance, corrosion resistance, electrical conductivity, but it also has to be a structural material, it has to be strong to be able to be strung along a couple hundred miles.",MSE_F2017_01,§3.p4,https://r-h-taylor.github.io/lectures/1lzA2zvky9E.html?q=You%20need%20the%20copper%20for%20wear%20resistance%2C%20corrosion%20resistanc#l3-s3-p4
,3,proposed_study,steel,Develop and optimize electrochemical processes for carbon-free metal production to replace carbon-based reduction in blast furnaces.,"What people are trying to do is come up with non-carbon ways, carbon-free ways to make metals. Most of our metals have been made traditionally with carbon because of this diagram, but we're spending lots of time — Professor Sadoway in this department has made a career out of using electrochemistry rather than carbon to make metals.",MSE_F2017_01,§10.p2,https://r-h-taylor.github.io/lectures/1lzA2zvky9E.html?q=What%20people%20are%20trying%20to%20do%20is%20come%20up%20with%20non-carbon%20ways#l3-s10-p2
,3,proposed_study,other,Track whether the empirical rule that 10–20% of fabricated structural product cost goes to materials—and the inverse relationship between material cost budgets and material choice—holds across different industries and product categories.,"If I start looking at where the money goes for a fabricated structural product — materials scientists don't admit it, but only ten to twenty percent of the cost goes into the material.",MSE_F2017_02,§6.p5,https://r-h-taylor.github.io/lectures/HuLV8P6ouwA.html?q=If%20I%20start%20looking%20at%20where%20the%20money%20goes%20for%20a%20fabricated%20#l3-s6-p5
,3,proposed_study,processing,Characterize slag chemistry and behavior optimization for molten steel bath processing systems treating contaminated materials.,Chris Nagel had given some of his fifteen or thirty million dollars to a junior faculty member at MIT to do some research in slag behavior of these steel baths — what would be the best slag to use in the Molten Metal Technology system.,REC_S2020_03,§4.p3,https://r-h-taylor.github.io/lectures/HgVznvD95QM.html?q=Chris%20Nagel%20had%20given%20some%20of%20his%20fifteen%20or%20thirty%20million%20#l3-s4-p3
,3,proposed_study,other,"Systematic investigation of how unsprung weight reduction (wheels, brakes) impacts vehicle dynamics and durability compared to sprung weight.","It's more important to take a pound off the weight of the wheel or the brakes, where you've got the unsprung weight, versus the sprung weight. The sprung weight isn't moving as fast, but if that wheel's bouncing up and down, there's lots of energy and wear and tear, and if you can take weight out of it, you're a lot better off.",SMS_F2013_03,§6.p1,https://r-h-taylor.github.io/lectures/v-PMrqbjY1A.html?q=It%27s%20more%20important%20to%20take%20a%20pound%20off%20the%20weight%20of%20the%20wh#l3-s6-p1
,3,proposed_study,joining,Test sapphire (aluminum oxide) as a replacement for steel or molybdenum in surgical nibbler instruments to improve stiffness without increasing beam thickness.,"They were using steel, which is about 30 million. I said, you could use molybdenum, which is about 50 million. But I thought about it for a while. I said, what you really ought to use is aluminum oxide. Use sapphire.",SMS_F2013_04,§6.p5,https://r-h-taylor.github.io/lectures/JU7wcLlx-0E.html?q=They%20were%20using%20steel%2C%20which%20is%20about%2030%20million.%20I%20said%2C%20yo#l3-s6-p5
,3,proposed_study,processing,IBM's tungsten barrier layer preventing copper diffusion into silicon was initially proprietary and mysterious; a systematic study of barrier-layer mechanisms and performance across different material pairs could clarify design principles.,"IBM announced around 1990 that they'd come up with a mystery barrier layer that would prevent diffusion of copper into the silicon. They wouldn't tell anybody what it was, but most people could figure out it was tungsten.",SMS_F2013_08,§5.p6,https://r-h-taylor.github.io/lectures/_wa1ULmBMhY.html?q=IBM%20announced%20around%201990%20that%20they%27d%20come%20up%20with%20a%20mystery#l3-s5-p6
,3,proposed_study,fracture,Quantify the relationship between hydrogen concentration in steel and time-to-failure under constant tensile stress to improve prediction of delayed cracking.,"Take a bar of steel with hydrogen in it, or charge it with hydrogen while it's under tension. If it's got hydrogen in it and you're at more than maybe 40% of the yield strength in tension, the hydrogen will diffuse to little imperfections like inclusions in the steel… and in somewhere between 48 and 72 hours it will crack, it will separate.",SMS_F2013_09,§5.p2,https://r-h-taylor.github.io/lectures/RU6_LtJn3rY.html?q=Take%20a%20bar%20of%20steel%20with%20hydrogen%20in%20it%2C%20or%20charge%20it%20with%20h#l3-s5-p2
,3,proposed_study,welding,"Optimize preheat temperature protocols for highly alloyed high-strength steels to balance hydrogen diffusion, weld quality, and worker safety.","The harder the steel is to weld, the higher the temperature you have to preheat. For this particular steel which is highly alloyed, they actually had people going in and welding in what they call blue jelly suits, because they had to preheat the steel to 400 degrees Fahrenheit.",SMS_F2013_09,§5.p8,https://r-h-taylor.github.io/lectures/RU6_LtJn3rY.html?q=The%20harder%20the%20steel%20is%20to%20weld%2C%20the%20higher%20the%20temperature%20#l3-s5-p8
,3,proposed_study,corrosion,"Systematic testing of alternative passivation/cleaning agents for stainless steel in marine environments, using environmentally benign chemicals.","We had to figure out how to clean it. I tried citric acid — that will work like nitric acid. We had to have something that was not going to destroy Boston Harbor, because all the environmentalists.",SMS_F2013_10,§11.p10,https://r-h-taylor.github.io/lectures/F9-LE_nM5aQ.html?q=We%20had%20to%20figure%20out%20how%20to%20clean%20it.%20I%20tried%20citric%20acid%20%E2%80%94%20#l3-s11-p10
,3,proposed_study,other,Quantify the actual collateral weight savings cascade from removing weight at high-speed rotating parts of aircraft.,"If I can take twenty pounds off a disc, I can take 200 pounds off the engines, which means I can take 2,000 pounds off the wings and the rest of the structure which have to hold those engines. This collateral weight savings — if I'm taking it off the highest speed part of the aircraft, that's moving the fastest — I can get all kinds of follow-on savings.",SMS_F2014_05,§5.p4,https://r-h-taylor.github.io/lectures/wwQawDUosU0.html?q=If%20I%20can%20take%20twenty%20pounds%20off%20a%20disc%2C%20I%20can%20take%20200%20pound#l3-s5-p4
,3,proposed_study,other,No systematic comparison exists between depleted uranium penetrators and candidate high-density titanium alloys in terms of penetration performance and material behavior.,"They're looking for high-density alloys and trying to get around uranium... the Army wants to use titanium — high-density alloy, not radioactive — to replace the depleted uranium in our arsenal.",SMS_F2014_09,§8.p3–p4,https://r-h-taylor.github.io/lectures/oLNdcU9DXsY.html?q=They%27re%20looking%20for%20high-density%20alloys%20and%20trying%20to%20get%20ar#l3-s8-p3
,3,proposed_study,processing,Develop methods to control grain growth in high-purity copper alloys so that they can be used in applications requiring both strength and fine surface finish without orange peel defects.,"Very pure coppers will give you large grain size, just like the casting that is going around. The purer the metal, the easier for the grains to grow. Impurities are one of the best ways to suppress grain growth up to a certain extent.",SMS_F2014_13,§5.p10,https://r-h-taylor.github.io/lectures/9_aVMP1AtS4.html?q=Very%20pure%20coppers%20will%20give%20you%20large%20grain%20size%2C%20just%20like%20#l3-s5-p10
,3,proposed_study,processing,"Map the relationship between droplet size, surface tension, and substrate temperature to determine the minimum conditions for achieving thin metal coatings in 3D printing without balling up.","You try to put a drop of metal on the board, and it balls up from surface tension. That drop is much smaller than an eighth of an inch — much less. Surface tension dominates over gravity, and unless you shoot it at a cold substrate to make it go splat, you won't get a nice thin layer the way you want for a printed circuit board.",SMS_S2016_02,§7.p4,https://r-h-taylor.github.io/lectures/2bPgU1dNqBg.html?q=You%20try%20to%20put%20a%20drop%20of%20metal%20on%20the%20board%2C%20and%20it%20balls%20up#l3-s7-p4
,3,proposed_study,nickel,Systematic study of preheat temperature thresholds needed to prevent cracking in nickel-based superalloy additive manufacturing across different deposit geometries and cooling rates.,"the nickel-based superalloys are very prone to cracking. If you have big thermal stresses, you'll get cracks. So they preheat to within a couple hundred degrees of the melting point.",SMS_S2016_03,§3.p9,https://r-h-taylor.github.io/lectures/Uwaz8-_9GOE.html?q=the%20nickel-based%20superalloys%20are%20very%20prone%20to%20cracking.%20If%20#l3-s3-p9
,3,proposed_study,steel,Investigation of crystal texture anisotropy effects on steel drawability and its measurable relationship to directional sound velocity.,"That modulus will be different in each three directions because of the texture of the crystals in the steel, and that steel will draw differently when you try to make a Coke can or something like that out of it. You can predict the drawability of an automobile body based on the speed of sound, which is related to Young's modulus and the stiffness.",SMS_S2016_08,§3.p8,https://r-h-taylor.github.io/lectures/Wg6ZWqT_Q9M.html?q=That%20modulus%20will%20be%20different%20in%20each%20three%20directions%20beca#l3-s3-p8
,3,proposed_study,joining,The practical design and fabrication of sapphire surgical instruments (rongeurs) that can withstand the stresses of minimally invasive surgery without fracturing.,So I wanted to make a rongeur out of sapphire. I was confident you could buy it — there's a company that started here in Cambridge and they could grow single crystal sapphire tubes or rods or sheets.,SMS_S2016_08,§5.p9,https://r-h-taylor.github.io/lectures/Wg6ZWqT_Q9M.html?q=So%20I%20wanted%20to%20make%20a%20rongeur%20out%20of%20sapphire.%20I%20was%20confide#l3-s5-p9
,3,proposed_study,fatigue,The Navtec hydraulic cylinder failure mode—fatigue crack growth through thin-wall aluminum under high pressure—could be studied as a design case for optimizing leak-before-break criteria in marine hardware.,"The initial fatigue crack — this thing did fail in fatigue. If you can read a fracture surface, you'll see lines radiating one way, other lines running this way. The initial fatigue crack is there at the origin, and it ran about 2/3 of the way through before the thing blew up.",SMS_S2016_09,§8.p1,https://r-h-taylor.github.io/lectures/65LCaH3Sgdw.html?q=The%20initial%20fatigue%20crack%20%E2%80%94%20this%20thing%20did%20fail%20in%20fatigue.%20#l3-s8-p1
,3,proposed_study,processing,Characterize how surface composition and protective coatings on air-side float glass contribute to strength gain versus tin-side exposure.,"They developed a composition that's very resistant to the atmosphere and the humidity. They also probably have a plastic coating on the outside surface, just like the fiberglass.",SMS_S2016_12,§9.p2,https://r-h-taylor.github.io/lectures/7D_eu9LVGqo.html?q=They%20developed%20a%20composition%20that%27s%20very%20resistant%20to%20the%20at#l3-s9-p2
,3,proposed_study,joining,Brazing sintered diamond tips to tungsten carbide for road-reclamation tools requires optimization to prevent failure during use.,"The tip is usually made out of tungsten carbide, which is one of the hardest materials we know, but you can get a much better life if you use sintered diamond. It has to be brazed. So you have to learn how to braze it so it doesn't fail as it beats up the road to reclaim the asphalt.",SSW_S2013_02,§6.p5,https://r-h-taylor.github.io/lectures/rF3eZtxWR4I.html?q=The%20tip%20is%20usually%20made%20out%20of%20tungsten%20carbide%2C%20which%20is%20on#l3-s6-p5
,3,proposed_study,welding,The optimal conical surface geometry and forging force schedule for friction welding remain empirically determined; systematic understanding of how surface taper and force variation interact is lacking.,Most people put a very shallow conical machined surface on it... Then you have to vary your forging force. A good machine will do all of that.,SSW_S2013_04,§4.p2,https://r-h-taylor.github.io/lectures/ezlblvG-CmI.html?q=Most%20people%20put%20a%20very%20shallow%20conical%20machined%20surface%20on%20i#l3-s4-p2
,3,proposed_study,joining,Optimize the explosive bonding angle and detonation parameters for different material pairs beyond the typical 10–15 degree range.,"They do it at a certain angle, typically 10 to 15 degrees depending on the material. They detonate it, and an explosive doesn't just go boom all at once — it actually burns from one end to the other.",SSW_S2013_05,§3.p4,https://r-h-taylor.github.io/lectures/AD8vT3yI7Co.html?q=They%20do%20it%20at%20a%20certain%20angle%2C%20typically%2010%20to%2015%20degrees%20de#l3-s3-p4
,3,proposed_study,joining,"Develop or characterize UV laser-based curing processes for adhesive bonding, as a faster alternative to electron beam or chemical curing in high-speed manufacturing.","I've never heard of a laser cure process, but lasers don't have enough energy per photon, unless you had a UV laser. If we had a UV laser we could do all kinds of neat things.",SSW_S2013_06,§7.p7,https://r-h-taylor.github.io/lectures/W6odPf1FnBs.html?q=I%27ve%20never%20heard%20of%20a%20laser%20cure%20process%2C%20but%20lasers%20don%27t%20h#l3-s7-p7
,3,proposed_study,joining,Quantify the optimal porosity level in ceramic-metal dissimilar joints across different material pairs and coating thicknesses.,"I had a student do a doctoral thesis ten years ago who showed through modeling and experiments that if you look at the amount of porosity at an interface in a ceramic-metal joint, you get something like this, where 10% porosity gives you the strongest joint... Around 10% it starts to decrease, because now the amount of bonded area is so small.",SSW_S2013_09,§2.p4,https://r-h-taylor.github.io/lectures/BVe8AzvbfyA.html?q=I%20had%20a%20student%20do%20a%20doctoral%20thesis%20ten%20years%20ago%20who%20showe#l3-s2-p4
,3,proposed_study,joining,Optimizing electrode tip geometry and shear conditions in aluminum-copper resistance projection welds to improve bond quality.,Why do we have a rounded tip electrode? To get the shear at the interface. I've got to get interfacial sliding to extrude out or slide out those impurities.,SSW_S2013_10,§2.p4,https://r-h-taylor.github.io/lectures/qxu-UXRIfhU.html?q=Why%20do%20we%20have%20a%20rounded%20tip%20electrode%3F%20To%20get%20the%20shear%20at%20#l3-s2-p4
,3,proposed_study,joining,Quantify the cumulative loosening of crimped ferrule seals under thermal cycling in dissimilar-metal tube connections.,"Every time you heat that thing up, the aluminum expands more than the brass or the steel, because it has a higher coefficient of thermal expansion. When it cools back down it's now shrunk, and I'm loosening the nut and loosening the crimp on the ferrule every time I cycle this.",WIE_F2015_09,§7.p4,https://r-h-taylor.github.io/lectures/Dl9HqoG6vYk.html?q=Every%20time%20you%20heat%20that%20thing%20up%2C%20the%20aluminum%20expands%20more#l3-s7-p4
,3,proposed_study,steel,"Quantify how different molybdenum contents optimally shift the C-curve nose for specific thickness requirements, rather than relying on empirical steel grades.","if you're buying a hundred thousand tons, you want just the right amount of alloy. You don't want to pay for half a percent moly if you can get by with 0.4 moly for the thickness you're interested in. That's why there are so many steels.",WM_S2014_03,§4.p2,https://r-h-taylor.github.io/lectures/gI6EncbzMYI.html?q=if%20you%27re%20buying%20a%20hundred%20thousand%20tons%2C%20you%20want%20just%20the%20#l3-s4-p2
,3,proposed_study,welding,Investigate whether lubricants on submarine components are a root cause of hydrogen cracking during welding.,"I can tell you a story about welding of the Seawolf submarine, and I tracked it down in my opinion to lubricants.",WM_S2014_08,§5.p1,https://r-h-taylor.github.io/lectures/PLoJwbIouJc.html?q=I%20can%20tell%20you%20a%20story%20about%20welding%20of%20the%20Seawolf%20submarin#l3-s5-p1
,3,proposed_study,welding,Document what specific practices Navy shipyards actually use to manage hydrogen cracking when forced to weld above 85% humidity for 200 days yearly.,"So do they quit welding for 200 days a year? No, they keep welding. They're supposed to be controlling the hydrogen by keeping the moisture out, but in fact they do a few other things on these other circles, and so they don't have big cracking problems.",WM_S2014_08,§7.p1,https://r-h-taylor.github.io/lectures/PLoJwbIouJc.html?q=So%20do%20they%20quit%20welding%20for%20200%20days%20a%20year%3F%20No%2C%20they%20keep%20w#l3-s7-p1
,3,proposed_study,welding,Quantify hydrogen diffusion timescales through thick steel sections to optimize inter-pass dwell times during multi-pass welding.,"Go through the diffusivity, 10 to the minus 6 centimeters squared per second, and see how long it takes to go through 2 or 3 inches of steel, much less 14 inches of steel.",WM_S2014_09,§4.p4,https://r-h-taylor.github.io/lectures/6pZ6eQ9AqJs.html?q=Go%20through%20the%20diffusivity%2C%2010%20to%20the%20minus%206%20centimeters%20sq#l3-s4-p4
,3,proposed_study,welding,Develop and validate a welding procedure for modern repair of 10+ inch thick steel sections to restore lost World War II-era thick armor plate welding capability.,We lost the technology because everyone who knew how to do it died. We could figure it out again — we'd have to develop a procedure. But developing a procedure for 10-inch-thick material would probably cost half a million dollars.,WM_S2014_09,§5.p2,https://r-h-taylor.github.io/lectures/6pZ6eQ9AqJs.html?q=We%20lost%20the%20technology%20because%20everyone%20who%20knew%20how%20to%20do%20i#l3-s5-p2
,3,proposed_study,processing,Transient thermal stress analysis in large thick-walled pressure vessels was computationally infeasible in 1982; modern FE should revisit historical failures to validate predictions.,"They had never done that in the Crate [Cray] computer because it was too big a problem. In 1982 or whenever they were designing this, there were not computers powerful enough to worry about the transient heat flow analysis. Nowadays get yourself a good PC and you can do it with a finite element program.",WM_S2014_19,§1.p2,https://r-h-taylor.github.io/lectures/dFgUWebqYvI.html?q=They%20had%20never%20done%20that%20in%20the%20Crate%20%5BCray%5D%20computer%20becaus#l3-s1-p2
,3,proposed_study,aluminum,Systematic study of failure modes in non-ASME aluminum pressure vessels (cement trucks) after field repair welds and corrosion exposure.,"there are some of these trucks out there, they haven't been inspected on a regular basis, people are doing repair welds on them, and he thought these should come under the National Board",WM_S2014_24,,
,3,proposed_study,corrosion,Determine the exact mechanism by which a small continuous leak (quarter-inch stream) defeats a nominally 'closed' fire protection system and causes massive internal corrosion.,That quarter inch of water that they just figured 'we'll pay a bigger water bill' was bringing fresh oxygen into their closed system on a moment-by-moment basis. Over the previous ten or twenty years they had clogged up all the arteries.,WM_Su2014_06,§2.p2,https://r-h-taylor.github.io/lectures/IUNJxDpWC7M.html?q=That%20quarter%20inch%20of%20water%20that%20they%20just%20figured%20%27we%27ll%20pay#l3-s2-p2
,3,proposed_study,aluminum,"Develop engineering methods to build cost-competitive ($25K-range) vehicles with aluminum structures, not just expensive specialty vehicles.","How do you build a $25,000 vehicle out of aluminum?",WM_Su2014_10,§3.p9,https://r-h-taylor.github.io/lectures/htX4D4DYtxQ.html?q=How%20do%20you%20build%20a%20%2425%2C000%20vehicle%20out%20of%20aluminum%3F#l3-s3-p9
,3,proposed_study,steel,Quantitative relationship between grain size reduction (20× finer grains in HSLA) and toughness improvement—the volumetric claim (8000×) deserves rigorous experimental validation.,"You could get grains that are about 20 times smaller, which makes them about 8000 times volumetrically smaller — you've got a cube, 20 cubed. So with 20 times finer grain size, they could get fantastic toughness.",WM_Su2014_12,§8.p3,https://r-h-taylor.github.io/lectures/w73CBqdeCEc.html?q=You%20could%20get%20grains%20that%20are%20about%2020%20times%20smaller%2C%20which%20#l3-s8-p3
,3,proposed_study,welding,Quantify how hydrogen diffusivity varies with strength level to predict safe cooling times for different steel grades.,"The point of this plot of the diffusivity — you can calculate how long you've got to keep something hot to get down to these levels depending on your strength. The higher the strength, the bigger the residual stress circle, the bigger the region of stress corrosion cracking or hydrogen cracking.",WM_Su2014_16,§5.p4,https://r-h-taylor.github.io/lectures/e6E3olVXKQM.html?q=The%20point%20of%20this%20plot%20of%20the%20diffusivity%20%E2%80%94%20you%20can%20calculat#l3-s5-p4
,3,proposed_study,welding,"Whether delayed hydrogen cracking timescales in underwater welds are significantly shorter at depth due to higher hydrogen content, compared to surface observations.","It may not have been delayed as long — it might have been tens of minutes rather than a couple of hours, because you had a higher hydrogen content.",WM_Su2014_25,§6.p5,https://r-h-taylor.github.io/lectures/0wUIpk_5BRY.html?q=It%20may%20not%20have%20been%20delayed%20as%20long%20%E2%80%94%20it%20might%20have%20been%20te#l3-s6-p5
,3,proposed_study,nickel,Whether precipitation hardening of white gold (Au-Cu-Ag-Ni) via Ni₃Al or similar intermetallic formation actually works in practice and what hardness levels are achievable.,"I said: add two-tenths of a percent nickel to your white gold, heat it up to this temperature to solutionize it, quench it, and then heat it up to an intermediate temperature, and see if you can get precipitation hardening. Precipitation hardening: 450 Vickers.",WM_Su2014_25,§9.p6,https://r-h-taylor.github.io/lectures/0wUIpk_5BRY.html?q=I%20said%3A%20add%20two-tenths%20of%20a%20percent%20nickel%20to%20your%20white%20gol#l3-s9-p6
,3,proposed_study,aluminum,Develop or identify chemical cleaning processes for aluminum welds that match the effectiveness of chromic acid without its severe carcinogenic and environmental hazards.,"You can use sulfuric acid and chromic acid, or phosphoric acid and chromic acid. What's the problem with these two? Anybody know what the problem with the two that contain chromic acid is? Environmental. CrO3 — that's Erin Brockovich.",WM_Su2014_30,§4.p3,https://r-h-taylor.github.io/lectures/j_SJgDOZazw.html?q=You%20can%20use%20sulfuric%20acid%20and%20chromic%20acid%2C%20or%20phosphoric%20ac#l3-s4-p3
,3,proposed_study,measurement,"Scratch-testing can extract full stress-strain curves from small samples, but this non-destructive method faces industry adoption barriers despite technical promise.","His intent — and he's done it theoretically, and now demonstrated experimentally — is to get the whole stress-strain curve by doing scratch testing with an instrumented scratch machine.",WM_Su2015_05,§3.p7,https://r-h-taylor.github.io/lectures/r3NzM4MlAl8.html?q=His%20intent%20%E2%80%94%20and%20he%27s%20done%20it%20theoretically%2C%20and%20now%20demonst#l3-s3-p7
,3,proposed_study,processing,"Develop or improve destructive-testing protocols for fasteners and components to catch untempered or untreated material before it enters aerospace, submarine, and rocket systems.","They're supposed to destructively test a certain percentage. It should never have made it as far as it did... all through our submarines, through the rocket systems, were a bunch of these that were never heat-treated.",WM_Su2015_05,§10.p3,https://r-h-taylor.github.io/lectures/r3NzM4MlAl8.html?q=They%27re%20supposed%20to%20destructively%20test%20a%20certain%20percentage.#l3-s10-p3
,3,proposed_study,welding,Quantify how moisture absorption in low-hydrogen electrode coatings affects actual hydrogen content in deposited welds under field conditions.,"The third sample was welded with a poorly maintained low-hydrogen electrode that was allowed to absorb moisture. Despite the moisture-resistant coating, you can see a large number of hydrogen bubbles diffuse — similar to the cellulosic electrode.",WM_Su2015_06,§3.p6,https://r-h-taylor.github.io/lectures/w1moz79p9kQ.html?q=The%20third%20sample%20was%20welded%20with%20a%20poorly%20maintained%20low-hyd#l3-s3-p6
,3,proposed_study,steel,The relationship between alloying element diffusion rates and hardenability depth could be systematically mapped across different steel systems.,"If I go to a 5140 — 51 is chrome, as I remember — by adding some chrome it slows things down, because chrome diffuses more slowly than just carbon and manganese... I can do a lot more than that depending on the alloy content, but alloys cost money.",WM_Su2015_07,§2.p4,https://r-h-taylor.github.io/lectures/GYtCQg57RNU.html?q=If%20I%20go%20to%20a%205140%20%E2%80%94%2051%20is%20chrome%2C%20as%20I%20remember%20%E2%80%94%20by%20adding%20#l3-s2-p4
,3,proposed_study,corrosion,Quantify how quickly pitting initiates in stainless steel under bleach and chloride exposure to improve design guidance for food-plant equipment.,An oxygenated chloride environment will pit stainless steel in twenty-four hours... It's amazing how fast it happens.,WM_Su2015_08,§1.p4,https://r-h-taylor.github.io/lectures/NLgwLkKhVoU.html?q=An%20oxygenated%20chloride%20environment%20will%20pit%20stainless%20steel%20#l3-s1-p4
,3,proposed_study,titanium,"Develop a controlled experimental protocol to quantify how peening intensity and duration affect residual stress relief in titanium, with systematic variation of surface geometry.","So we made up a little tool with a hammer on the end of a vibrating air hammer, found this old ball-peen anvil, and he would cover the surface, peening it. I was supposed to sit there and measure the height of the Almen gage. We were setting up a procedure to do the titanium.",WM_Su2015_11,§4.p2–p3,https://r-h-taylor.github.io/lectures/gVeVr4WnhTE.html?q=So%20we%20made%20up%20a%20little%20tool%20with%20a%20hammer%20on%20the%20end%20of%20a%20vi#l3-s4-p2
,3,proposed_study,welding,Quantify how welded penetrations and structural modifications degrade submarine hull depth capability over service life.,"Once it's thirty years old, I've done so many penetrations, that thing won't have the same depth capability because it's no longer a cylinder — it's sort of a funky cylinder. I bet when they were evaluating it, they were measuring diameters at different positions and saying, is this hull worth saving?",WM_Su2015_12,§7.p5,https://r-h-taylor.github.io/lectures/HoUo7Qj4LHg.html?q=Once%20it%27s%20thirty%20years%20old%2C%20I%27ve%20done%20so%20many%20penetrations%2C%20#l3-s7-p5
,3,proposed_study,aluminum,"Develop a practical post-machining stress-relief protocol for disk-shaped aluminum components that cannot be tensioned (e.g., compression-based T7352 alternative to T7351).",How do you pull on this thing in tension with the T7351 treatment? You can't grab this and pull it in tension. What they should have had on the drawing was T7352 — the 2 is a compression heat treatment.,WM_Su2015_16,§2.p4,https://r-h-taylor.github.io/lectures/EMfCc1mG6M4.html?q=How%20do%20you%20pull%20on%20this%20thing%20in%20tension%20with%20the%20T7351%20trea#l3-s2-p4
,3,proposed_study,aluminum,"Develop better predictive models or databases for filler metal selection when joining dissimilar aluminum alloys, which currently requires full chemical composition data on both sides.","In aluminum I need to know the full chemical composition of each side. They don't have to be the same alloy — you start welding two dissimilar aluminum alloys, it gets even tougher to pick the right filler.",WM_Su2015_16,§6.p7,https://r-h-taylor.github.io/lectures/EMfCc1mG6M4.html?q=In%20aluminum%20I%20need%20to%20know%20the%20full%20chemical%20composition%20of%20#l3-s6-p7
,3,proposed_study,titanium,Quantify the relationship between residual oil films from acetone cleaning and hydrogen porosity formation in titanium welds.,"if you leave a little oil film on there, that's where hydrogen comes from",WM_Su2015_17,§2.p8,https://r-h-taylor.github.io/lectures/0II4lgNStTY.html?q=if%20you%20leave%20a%20little%20oil%20film%20on%20there%2C%20that%27s%20where%20hydrog#l3-s2-p8
,3,proposed_study,corrosion,Quantify how much hydrogen enters steel during electroplating and how baking temperature/duration affect hydrogen removal in high-strength bolts.,"The electroplating operation will introduce hydrogen. They're laying down positive zinc, positive cadmium, whatever you're plating, and that will cause the hydrogen to go with it right into the steel. It's not big new science to know that positive ions all go to one location, and hydrogen positive ions go the same way. So if you're going to do plating, you're going to have to bake out your steel.",WM_Su2015_18,§5.p5,https://r-h-taylor.github.io/lectures/lWfHtQqXYJk.html?q=The%20electroplating%20operation%20will%20introduce%20hydrogen.%20They%27r#l3-s5-p5
